Order ID,Order Date,Ship Date,Shipping Days,Ship Mode,Customer Name,Segment,Country,Governorate,city,sales_person,Product ID,Category,Sub-Category,Quantity,Unit Price,Discount,Sales,Cost,Revenue,Profit,Returned
EG-2023-1000,2023-01-01,2023-01-06,5,Standard Class,Mayan El-Sayed,Home Office,Egypt,Qena,Qena City,Ahmed Ragab,HOM-MI-670,Home Appliances,Microwaves,8,3153.49,0.0,25227.92,17071.06,25227.92,8156.86,No
EG-2023-1001,2023-01-01,2023-01-05,4,Standard Class,Mena Shalaby,Home Office,Egypt,Matrouh,Alamein,Noha Mahmoud,TEC-CO-544,Technology,Copiers,5,5011.45,0.0,25057.25,19709.71,25057.25,5347.54,No
EG-2023-1002,2023-01-01,2023-01-05,4,Standard Class,Mai Ezz Eldin,Consumer,Egypt,Suez,Arbaeen,Sara Amin,TEC-PH-848,Technology,Phones,10,1390.06,0.0,13900.6,10670.17,13900.6,3230.43,No
EG-2023-1001,2023-01-02,2023-01-02,0,Same Day,Mona Abdelrahman,Home Office,Egypt,Kafr El-Sheikh,Kafr El-Sheikh City,Mina Youssef,HOM-AI-137,Home Appliances,Air Conditioners,4,16168.3,0.0,64673.2,47207.85,64673.2,17465.35,No
EG-2023-1002,2023-01-02,2023-01-07,5,Standard Class,Asser Yassin,Corporate,Egypt,Minya,Samalut,Ahmed Ragab,HOM-RE-112,Home Appliances,Refrigerators,5,10935.75,0.15,46476.94,35448.29,46476.94,11028.65,No
EG-2023-1002,2023-01-04,2023-01-05,1,First Class,Huda El-Mufti,Corporate,Egypt,Monufia,Shibin El Kom,Sara Amin,OFF-ST-273,Office Supplies,Storage,10,305.28,0.1,2747.52,1899.13,2747.52,848.39,No
EG-2023-1003,2023-01-05,2023-01-11,6,Standard Class,Mustafa Kamal,Home Office,Egypt,Damietta,New Damietta,Mina Youssef,OFF-AR-738,Office Supplies,Art,6,58.97,0.15,300.75,223.81,300.75,76.94,No
EG-2023-1004,2023-01-05,2023-01-07,2,Second Class,Amir Karara,Corporate,Egypt,Sohag,Akhmim,Karim Salah,CLO-SH-435,Clothing & Apparel,Shirts,2,392.4,0.0,784.8,553.53,784.8,231.27,No
EG-2023-1004,2023-01-06,2023-01-12,6,Standard Class,Mena Shalaby,Consumer,Egypt,Alexandria,Stanly,Noha Mahmoud,FUR-FU-944,Furniture,Furnishings,8,164.27,0.0,1314.16,934.06,1314.16,380.1,No
EG-2023-1005,2023-01-06,2023-01-09,3,Second Class,Amina Khalil,Consumer,Egypt,Dakahlia,Talkha,Mina Youssef,HOM-BL-368,Home Appliances,Blenders,1,823.77,0.0,823.77,635.18,823.77,188.59,No
EG-2023-1006,2023-01-06,2023-01-09,3,Second Class,Ahmed Helmy,Corporate,Egypt,Dakahlia,Mit Ghamr,Youssef Khaled,TEC-AC-808,Technology,Accessories,1,345.26,0.0,345.26,231.26,345.26,114.0,No
EG-2023-1005,2023-01-07,2023-01-08,1,First Class,Mohamed Ali,Home Office,Egypt,Kafr El-Sheikh,Kafr El-Sheikh City,Mina Youssef,SPO-FI-361,Sports & Outdoors,Fitness Equipment,3,3050.91,0.05,8695.09,6180.51,8695.09,2514.58,No
EG-2023-1006,2023-01-07,2023-01-08,1,First Class,Huda El-Mufti,Home Office,Egypt,Gharbia,Zifta,Mina Youssef,OFF-BI-732,Office Supplies,Binders,1,87.45,0.1,78.7,62.58,78.7,16.12,Yes
EG-2023-1006,2023-01-08,2023-01-11,3,Second Class,Mai Ezz Eldin,Corporate,Egypt,South Sinai,Sharm El-Sheikh,Noha Mahmoud,FUR-CH-227,Furniture,Chairs,4,767.28,0.0,3069.12,2441.99,3069.12,627.13,No
EG-2023-1007,2023-01-08,2023-01-08,0,Same Day,Jamila Awad,Home Office,Egypt,North Sinai,Sheikh Zuweid,Mina Youssef,TEC-AC-290,Technology,Accessories,8,363.69,0.0,2909.52,2028.66,2909.52,880.86,Yes
EG-2023-1007,2023-01-09,2023-01-11,2,Second Class,Ahmed Ezz,Home Office,Egypt,Fayoum,Tamiya,Ahmed Ragab,HOM-MI-298,Home Appliances,Microwaves,10,3218.05,0.05,30571.48,23692.79,30571.48,6878.69,No
EG-2023-1008,2023-01-09,2023-01-13,4,Standard Class,Amina Khalil,Corporate,Egypt,Beni Suef,Biba,Noha Mahmoud,TEC-CO-302,Technology,Copiers,10,4582.25,0.0,45822.5,33644.42,45822.5,12178.08,Yes
EG-2023-1009,2023-01-09,2023-01-13,4,Standard Class,Ahmed Mekky,Consumer,Egypt,Alexandria,Miami,Noha Mahmoud,HOM-AI-948,Home Appliances,Air Conditioners,8,14625.36,0.05,111152.74,75854.74,111152.74,35298.0,No
EG-2023-1008,2023-01-10,2023-01-13,3,Second Class,Mona Abdelrahman,Corporate,Egypt,Port Said,Al Sharq,Noha Mahmoud,SPO-SP-886,Sports & Outdoors,Sportswear,1,468.81,0.0,468.81,327.03,468.81,141.78,No
EG-2023-1009,2023-01-10,2023-01-14,4,Standard Class,Adel Emam,Consumer,Egypt,Ismailia,Al Qantara,Mina Youssef,HOM-BL-414,Home Appliances,Blenders,9,805.41,0.0,7248.69,4787.93,7248.69,2460.76,No
EG-2023-1010,2023-01-10,2023-01-16,6,Standard Class,Asma Abulyazeid,Corporate,Egypt,Luxor,Armant,Amr Salah,TEC-CO-831,Technology,Copiers,4,4547.46,0.0,18189.84,12174.58,18189.84,6015.26,No
EG-2023-1009,2023-01-11,2023-01-11,0,Same Day,Mahmoud Saad,Consumer,Egypt,Sohag,Sohag City,Youssef Khaled,TEC-MA-229,Technology,Machines,7,5531.45,0.0,38720.15,25279.68,38720.15,13440.47,No
EG-2023-1010,2023-01-12,2023-01-18,6,Standard Class,Mustafa Kamal,Home Office,Egypt,Suez,Attaka,Amr Salah,FUR-CH-698,Furniture,Chairs,6,844.97,0.0,5069.82,3975.06,5069.82,1094.76,No
EG-2023-1011,2023-01-13,2023-01-16,3,Second Class,Nelly Karim,Home Office,Egypt,Cairo,New Cairo,Karim Salah,TEC-AC-630,Technology,Accessories,8,373.66,0.05,2839.82,2157.47,2839.82,682.35,No
EG-2023-1012,2023-01-14,2023-01-17,3,Second Class,Nelly Karim,Home Office,Egypt,Minya,Minya City,Amr Salah,OFF-PA-623,Office Supplies,Paper,9,54.25,0.1,439.43,320.16,439.43,119.27,No
EG-2023-1013,2023-01-14,2023-01-17,3,Second Class,Eyad Nassar,Consumer,Egypt,Giza,Dokki,Ahmed Ragab,FUR-TA-318,Furniture,Tables,7,4599.16,0.0,32194.12,23495.87,32194.12,8698.25,No
EG-2023-1013,2023-01-15,2023-01-21,6,Standard Class,Farouk El-Fishawy,Consumer,Egypt,Luxor,Luxor City,Youssef Khaled,FUR-BO-129,Furniture,Bookcases,2,2043.34,0.0,4086.68,2921.52,4086.68,1165.16,No
EG-2023-1014,2023-01-16,2023-01-18,2,Second Class,Mohamed Ali,Consumer,Egypt,Ismailia,Fayed,Sara Amin,SPO-FI-521,Sports & Outdoors,Fitness Equipment,8,3159.17,0.15,21482.36,16731.11,21482.36,4751.25,No
EG-2023-1015,2023-01-17,2023-01-17,0,Same Day,Nour El-Din,Consumer,Egypt,Sharqia,10th of Ramadan,Karim Salah,HOM-BL-313,Home Appliances,Blenders,1,876.42,0.1,788.78,557.46,788.78,231.32,No
EG-2023-1016,2023-01-17,2023-01-21,4,Standard Class,Hassan El-Raddad,Home Office,Egypt,Monufia,Shibin El Kom,Sara Amin,HOM-MI-182,Home Appliances,Microwaves,2,3461.73,0.0,6923.46,5354.2,6923.46,1569.26,No
EG-2023-1016,2023-01-18,2023-01-23,5,Standard Class,Omar Sherif,Home Office,Egypt,Monufia,Menouf,Amr Salah,SPO-CA-514,Sports & Outdoors,Camping Gear,2,1353.0,0.0,2706.0,2137.86,2706.0,568.14,No
EG-2023-1017,2023-01-18,2023-01-20,2,Second Class,Ghada Abdelrazek,Consumer,Egypt,Qalyubia,Khanka,Amr Salah,HOM-RE-137,Home Appliances,Refrigerators,6,12352.62,0.0,74115.72,51776.01,74115.72,22339.71,No
EG-2023-1017,2023-01-19,2023-01-25,6,Standard Class,Ahmed Helmy,Consumer,Egypt,Asyut,Asyut City,Sara Amin,TEC-AC-702,Technology,Accessories,1,370.36,0.0,370.36,283.97,370.36,86.39,No
EG-2023-1018,2023-01-19,2023-01-24,5,Standard Class,Reem Moustafa,Home Office,Egypt,Minya,Samalut,Karim Salah,OFF-PA-154,Office Supplies,Paper,10,46.41,0.05,440.9,340.67,440.9,100.23,No
EG-2023-1019,2023-01-19,2023-01-24,5,Standard Class,Hend Sabry,Consumer,Egypt,Gharbia,Zifta,Youssef Khaled,CLO-SH-368,Clothing & Apparel,Shoes,3,1267.82,0.0,3803.46,2715.3,3803.46,1088.16,No
EG-2023-1018,2023-01-20,2023-01-24,4,Standard Class,Hazem Emam,Home Office,Egypt,Kafr El-Sheikh,Baltim,Noha Mahmoud,TEC-CO-758,Technology,Copiers,6,4562.1,0.05,26003.97,20130.86,26003.97,5873.11,No
EG-2023-1019,2023-01-21,2023-01-24,3,Second Class,Wael Jassar,Consumer,Egypt,Sohag,Tahta,Sara Amin,OFF-BI-488,Office Supplies,Binders,5,80.87,0.15,343.7,258.66,343.7,85.04,No
EG-2023-1020,2023-01-22,2023-01-27,5,Standard Class,Omar Sherif,Consumer,Egypt,Aswan,Edfu,Sara Amin,HOM-RE-825,Home Appliances,Refrigerators,2,11422.25,0.0,22844.5,15458.59,22844.5,7385.91,No
EG-2023-1021,2023-01-23,2023-01-26,3,Second Class,Mohamed Henedy,Home Office,Egypt,Sharqia,Belbeis,Ahmed Ragab,OFF-PA-185,Office Supplies,Paper,8,49.32,0.1,355.1,272.95,355.1,82.15,No
EG-2023-1022,2023-01-23,2023-01-26,3,Second Class,Mohamed Henedy,Consumer,Egypt,Minya,Mallawi,Youssef Khaled,CLO-SH-690,Clothing & Apparel,Shirts,8,430.8,0.15,2929.44,1954.56,2929.44,974.88,No
EG-2023-1023,2023-01-23,2023-01-26,3,Second Class,Mahmoud Saad,Corporate,Egypt,Qalyubia,Banha,Youssef Khaled,TEC-PH-898,Technology,Phones,7,1431.48,0.0,10020.36,7462.71,10020.36,2557.65,No
EG-2023-1022,2023-01-24,2023-01-25,1,First Class,Tarek Sayed,Home Office,Egypt,New Valley,Farafra,Karim Salah,CLO-SH-964,Clothing & Apparel,Shirts,10,408.56,0.0,4085.6,2751.69,4085.6,1333.91,No
EG-2023-1023,2023-01-25,2023-01-27,2,Second Class,Mahmoud Yassin,Corporate,Egypt,Ismailia,Ismailia City,Amr Salah,SPO-SP-779,Sports & Outdoors,Sportswear,10,477.53,0.0,4775.3,3605.13,4775.3,1170.17,No
EG-2023-1024,2023-01-25,2023-01-25,0,Same Day,Zainab Soliman,Corporate,Egypt,North Sinai,Sheikh Zuweid,Sara Amin,FUR-BO-710,Furniture,Bookcases,2,1857.93,0.0,3715.86,2883.75,3715.86,832.11,No
EG-2023-1025,2023-01-25,2023-01-31,6,Standard Class,Dina El-Sherbiny,Consumer,Egypt,Gharbia,El Mahalla El Kubra,Ahmed Ragab,TEC-MA-410,Technology,Machines,6,5622.94,0.0,33737.64,22022.74,33737.64,11714.9,No
EG-2023-1024,2023-01-26,2023-02-01,6,Standard Class,Mena Shalaby,Consumer,Egypt,South Sinai,Sharm El-Sheikh,Sara Amin,FUR-TA-416,Furniture,Tables,9,4795.0,0.0,43155.0,32756.64,43155.0,10398.36,No
EG-2023-1025,2023-01-26,2023-01-31,5,Standard Class,Khaled El-Nabawy,Consumer,Egypt,North Sinai,Rafah,Sara Amin,HOM-AI-305,Home Appliances,Air Conditioners,8,16665.92,0.05,126660.99,94010.67,126660.99,32650.32,No
EG-2023-1026,2023-01-26,2023-02-01,6,Standard Class,Jamila Awad,Consumer,Egypt,Beheira,Kom Hamada,Amr Salah,FUR-FU-756,Furniture,Furnishings,10,136.65,0.0,1366.5,1039.7,1366.5,326.8,No
EG-2023-1025,2023-01-27,2023-02-02,6,Standard Class,Jamila Awad,Corporate,Egypt,Gharbia,Tanta,Noha Mahmoud,TEC-CO-186,Technology,Copiers,4,4500.59,0.0,18002.36,13818.0,18002.36,4184.36,No
EG-2023-1026,2023-01-27,2023-01-27,0,Same Day,Mona Abdelrahman,Consumer,Egypt,Port Said,Al Arab,Sara Amin,SPO-CA-329,Sports & Outdoors,Camping Gear,6,1352.93,0.0,8117.58,6246.25,8117.58,1871.33,No
EG-2023-1026,2023-01-28,2023-01-28,0,Same Day,Mayan El-Sayed,Consumer,Egypt,Luxor,Armant,Mina Youssef,TEC-PH-184,Technology,Phones,3,1396.03,0.0,4188.09,3284.67,4188.09,903.42,No
EG-2023-1027,2023-01-28,2023-02-01,4,Standard Class,Mohamed Henedy,Corporate,Egypt,Damietta,New Damietta,Ahmed Ragab,SPO-CA-865,Sports & Outdoors,Camping Gear,7,1358.65,0.15,8083.97,5952.11,8083.97,2131.86,No
EG-2023-1028,2023-01-28,2023-01-28,0,Same Day,Ahmed Helmy,Home Office,Egypt,Beheira,Kom Hamada,Amr Salah,OFF-AR-246,Office Supplies,Art,3,56.6,0.05,161.31,107.7,161.31,53.61,No
EG-2023-1027,2023-01-29,2023-01-31,2,Second Class,Wael Jassar,Corporate,Egypt,Aswan,Edfu,Mina Youssef,HOM-MI-818,Home Appliances,Microwaves,4,3633.49,0.0,14533.96,9552.66,14533.96,4981.3,Yes
EG-2023-1028,2023-01-30,2023-01-31,1,First Class,Ahmed Mekky,Consumer,Egypt,Fayoum,Fayoum City,Ahmed Ragab,CLO-JA-873,Clothing & Apparel,Jackets,8,1708.16,0.15,11615.49,8215.69,11615.49,3399.8,No
EG-2023-1029,2023-01-31,2023-02-01,1,First Class,Mahmoud Saad,Home Office,Egypt,Luxor,Esna,Youssef Khaled,CLO-SH-326,Clothing & Apparel,Shirts,5,400.22,0.0,2001.1,1589.66,2001.1,411.44,No
EG-2023-1030,2023-01-31,2023-02-06,6,Standard Class,Aya Mahmoud,Home Office,Egypt,Minya,Mallawi,Noha Mahmoud,HOM-MI-668,Home Appliances,Microwaves,1,3606.19,0.0,3606.19,2744.1,3606.19,862.09,No
EG-2023-1030,2023-02-01,2023-02-02,1,First Class,Jamila Awad,Home Office,Egypt,Luxor,Luxor City,Noha Mahmoud,CLO-SH-841,Clothing & Apparel,Shirts,5,426.97,0.0,2134.85,1580.96,2134.85,553.89,No
EG-2023-1031,2023-02-01,2023-02-03,2,Second Class,Karim Abdelaziz,Home Office,Egypt,Asyut,Dairut,Amr Salah,CLO-PA-981,Clothing & Apparel,Pants,5,575.21,0.0,2876.05,1962.93,2876.05,913.12,No
EG-2023-1032,2023-02-01,2023-02-06,5,Standard Class,Mohamed Henedy,Corporate,Egypt,New Valley,Farafra,Sara Amin,CLO-JA-783,Clothing & Apparel,Jackets,4,1937.38,0.0,7749.52,5169.3,7749.52,2580.22,No
EG-2023-1031,2023-02-02,2023-02-05,3,Second Class,Asma Abulyazeid,Consumer,Egypt,Gharbia,Zifta,Amr Salah,FUR-BO-750,Furniture,Bookcases,8,1897.26,0.0,15178.08,10932.16,15178.08,4245.92,No
EG-2023-1032,2023-02-02,2023-02-04,2,Second Class,Hend Sabry,Consumer,Egypt,Luxor,Luxor City,Amr Salah,SPO-FI-355,Sports & Outdoors,Fitness Equipment,6,2930.87,0.0,17585.22,12225.85,17585.22,5359.37,No
EG-2023-1033,2023-02-02,2023-02-02,0,Same Day,Amir Karara,Home Office,Egypt,Monufia,Shibin El Kom,Noha Mahmoud,CLO-PA-876,Clothing & Apparel,Pants,1,552.23,0.0,552.23,384.93,552.23,167.3,No
EG-2023-1032,2023-02-03,2023-02-08,5,Standard Class,Hussein Fahmy,Home Office,Egypt,Ismailia,Al Qantara,Amr Salah,TEC-AC-466,Technology,Accessories,1,380.37,0.0,380.37,281.95,380.37,98.42,No
EG-2023-1033,2023-02-03,2023-02-09,6,Standard Class,Mona Abdelrahman,Home Office,Egypt,Alexandria,Miami,Amr Salah,OFF-ST-233,Office Supplies,Storage,1,285.85,0.0,285.85,205.91,285.85,79.94,No
EG-2023-1033,2023-02-04,2023-02-04,0,Same Day,Hend Sabry,Home Office,Egypt,Gharbia,Tanta,Karim Salah,FUR-CH-199,Furniture,Chairs,9,899.89,0.0,8099.01,5716.83,8099.01,2382.18,No
EG-2023-1034,2023-02-05,2023-02-10,5,Standard Class,Amina Khalil,Consumer,Egypt,Damietta,Ras El Bar,Sara Amin,OFF-AR-886,Office Supplies,Art,5,64.55,0.15,274.34,198.25,274.34,76.09,No
EG-2023-1035,2023-02-06,2023-02-09,3,Second Class,Ahmed Mekky,Consumer,Egypt,South Sinai,Sharm El-Sheikh,Youssef Khaled,TEC-PH-714,Technology,Phones,6,1614.45,0.05,9202.36,6424.71,9202.36,2777.65,No
EG-2023-1036,2023-02-06,2023-02-08,2,Second Class,Sahar El-Sayegh,Home Office,Egypt,North Sinai,Rafah,Noha Mahmoud,HOM-RE-862,Home Appliances,Refrigerators,8,12442.01,0.05,94559.28,64223.23,94559.28,30336.05,No
EG-2023-1036,2023-02-07,2023-02-07,0,Same Day,Mona Abdelrahman,Corporate,Egypt,Suez,Attaka,Youssef Khaled,CLO-SH-800,Clothing & Apparel,Shirts,3,363.71,0.0,1091.13,814.8,1091.13,276.33,No
EG-2023-1037,2023-02-08,2023-02-08,0,Same Day,Reem Moustafa,Corporate,Egypt,North Sinai,Sheikh Zuweid,Ahmed Ragab,TEC-PH-310,Technology,Phones,3,1643.67,0.05,4684.46,3263.44,4684.46,1421.02,No
EG-2023-1038,2023-02-09,2023-02-10,1,First Class,Mena Shalaby,Consumer,Egypt,Ismailia,Fayed,Sara Amin,OFF-AR-484,Office Supplies,Art,4,62.15,0.05,236.17,178.29,236.17,57.88,No
EG-2023-1039,2023-02-10,2023-02-16,6,Standard Class,Mayan El-Sayed,Consumer,Egypt,Sharqia,Belbeis,Noha Mahmoud,CLO-JA-133,Clothing & Apparel,Jackets,5,1910.11,0.0,9550.55,7475.8,9550.55,2074.75,No
EG-2023-1040,2023-02-10,2023-02-16,6,Standard Class,Karim Mahmoud,Corporate,Egypt,Kafr El-Sheikh,Desouk,Sara Amin,TEC-CO-394,Technology,Copiers,1,5033.27,0.0,5033.27,3539.87,5033.27,1493.4,No
EG-2023-1041,2023-02-10,2023-02-13,3,Second Class,Adel Emam,Corporate,Egypt,Kafr El-Sheikh,Desouk,Ahmed Ragab,CLO-SH-238,Clothing & Apparel,Shoes,1,1245.74,0.1,1121.17,813.72,1121.17,307.45,No
EG-2023-1040,2023-02-11,2023-02-11,0,Same Day,Amr Diab,Home Office,Egypt,Qalyubia,Banha,Youssef Khaled,HOM-AI-370,Home Appliances,Air Conditioners,1,15958.59,0.0,15958.59,12230.45,15958.59,3728.14,No
EG-2023-1041,2023-02-11,2023-02-13,2,Second Class,Fatma Ibrahim,Consumer,Egypt,Kafr El-Sheikh,Baltim,Mina Youssef,OFF-ST-406,Office Supplies,Storage,5,259.13,0.15,1101.3,725.16,1101.3,376.14,Yes
EG-2023-1041,2023-02-12,2023-02-16,4,Standard Class,Asmaa Galal,Home Office,Egypt,Cairo,Maadi,Noha Mahmoud,TEC-AC-476,Technology,Accessories,10,316.74,0.0,3167.4,2208.32,3167.4,959.08,No
EG-2023-1042,2023-02-12,2023-02-14,2,Second Class,Huda El-Mufti,Home Office,Egypt,Qalyubia,Khanka,Mina Youssef,OFF-BI-263,Office Supplies,Binders,2,73.83,0.0,147.66,116.87,147.66,30.79,No
EG-2023-1043,2023-02-12,2023-02-16,4,Standard Class,Hassan El-Raddad,Home Office,Egypt,Alexandria,Smouha,Ahmed Ragab,HOM-AI-362,Home Appliances,Air Conditioners,7,15979.71,0.05,106265.07,75553.81,106265.07,30711.26,No
EG-2023-1042,2023-02-13,2023-02-18,5,Standard Class,Mohamed Henedy,Consumer,Egypt,Kafr El-Sheikh,Kafr El-Sheikh City,Noha Mahmoud,CLO-SH-951,Clothing & Apparel,Shirts,4,426.57,0.05,1620.97,1159.41,1620.97,461.56,No
EG-2023-1043,2023-02-14,2023-02-15,1,First Class,Reem Moustafa,Home Office,Egypt,New Valley,Kharga,Mina Youssef,SPO-SP-632,Sports & Outdoors,Sportswear,6,509.8,0.0,3058.8,2212.21,3058.8,846.59,No
EG-2023-1044,2023-02-14,2023-02-14,0,Same Day,Amina Khalil,Home Office,Egypt,Cairo,Maadi,Noha Mahmoud,CLO-SH-711,Clothing & Apparel,Shoes,5,1169.02,0.05,5552.84,4006.95,5552.84,1545.89,No
EG-2023-1045,2023-02-14,2023-02-17,3,Second Class,Karim Mahmoud,Consumer,Egypt,Asyut,Asyut City,Sara Amin,OFF-ST-523,Office Supplies,Storage,9,288.57,0.0,2597.13,1974.08,2597.13,623.05,No
EG-2023-1044,2023-02-15,2023-02-21,6,Standard Class,Mohamed Ramadan,Home Office,Egypt,Cairo,New Cairo,Sara Amin,FUR-FU-996,Furniture,Furnishings,5,145.49,0.0,727.45,578.07,727.45,149.38,No
EG-2023-1045,2023-02-15,2023-02-20,5,Standard Class,Eyad Nassar,Corporate,Egypt,Giza,6th of October,Mina Youssef,SPO-FI-375,Sports & Outdoors,Fitness Equipment,6,2822.91,0.0,16937.46,11880.88,16937.46,5056.58,No
EG-2023-1046,2023-02-15,2023-02-21,6,Standard Class,Huda El-Mufti,Consumer,Egypt,Monufia,Shibin El Kom,Mina Youssef,SPO-CA-158,Sports & Outdoors,Camping Gear,6,1412.28,0.05,8050.0,5764.26,8050.0,2285.74,No
EG-2023-1045,2023-02-16,2023-02-19,3,Second Class,Hany Ramzy,Consumer,Egypt,Sohag,Tahta,Ahmed Ragab,TEC-CO-344,Technology,Copiers,2,5434.1,0.1,9781.38,7005.31,9781.38,2776.07,No
EG-2023-1046,2023-02-16,2023-02-21,5,Standard Class,Ahmed Ezz,Consumer,Egypt,Minya,Minya City,Youssef Khaled,FUR-CH-500,Furniture,Chairs,8,856.13,0.0,6849.04,5285.03,6849.04,1564.01,No
EG-2023-1047,2023-02-16,2023-02-16,0,Same Day,Mayan El-Sayed,Home Office,Egypt,Fayoum,Sinnuris,Youssef Khaled,TEC-MA-176,Technology,Machines,9,5747.64,0.15,43969.45,32764.58,43969.45,11204.87,No
EG-2023-1046,2023-02-17,2023-02-22,5,Standard Class,Tara Emad,Consumer,Egypt,Beheira,Kom Hamada,Mina Youssef,FUR-BO-193,Furniture,Bookcases,8,1901.44,0.0,15211.52,10682.16,15211.52,4529.36,No
EG-2023-1047,2023-02-17,2023-02-23,6,Standard Class,Hassan El-Raddad,Consumer,Egypt,Asyut,Dairut,Youssef Khaled,CLO-PA-216,Clothing & Apparel,Pants,9,599.36,0.0,5394.24,3895.5,5394.24,1498.74,No
EG-2023-1048,2023-02-17,2023-02-18,1,First Class,Rania Moustafa,Corporate,Egypt,Matrouh,Marsa Matrouh,Mina Youssef,HOM-RE-338,Home Appliances,Refrigerators,2,11695.66,0.1,21052.19,16296.72,21052.19,4755.47,No
EG-2023-1047,2023-02-18,2023-02-19,1,First Class,Ahmed Mansour,Home Office,Egypt,North Sinai,Rafah,Mina Youssef,FUR-CH-317,Furniture,Chairs,3,829.61,0.0,2488.83,1822.36,2488.83,666.47,Yes
EG-2023-1048,2023-02-18,2023-02-22,4,Standard Class,Tara Emad,Home Office,Egypt,Aswan,Edfu,Mina Youssef,SPO-BI-760,Sports & Outdoors,Bicycles,2,4191.44,0.0,8382.88,5544.07,8382.88,2838.81,No
EG-2023-1048,2023-02-19,2023-02-21,2,Second Class,Amir Karara,Corporate,Egypt,Monufia,Menouf,Sara Amin,CLO-JA-981,Clothing & Apparel,Jackets,8,1796.18,0.0,14369.44,10698.62,14369.44,3670.82,No
EG-2023-1049,2023-02-20,2023-02-26,6,Standard Class,Karim Mahmoud,Home Office,Egypt,Minya,Samalut,Mina Youssef,TEC-AC-779,Technology,Accessories,1,364.61,0.0,364.61,278.98,364.61,85.63,No
EG-2023-1050,2023-02-20,2023-02-24,4,Standard Class,Mohamed Ali,Consumer,Egypt,North Sinai,Rafah,Noha Mahmoud,HOM-AI-405,Home Appliances,Air Conditioners,10,16434.94,0.15,139696.99,98832.33,139696.99,40864.66,No
EG-2023-1051,2023-02-20,2023-02-26,6,Standard Class,Mohamed Ramadan,Consumer,Egypt,Fayoum,Sinnuris,Noha Mahmoud,FUR-CH-151,Furniture,Chairs,6,882.62,0.0,5295.72,3525.35,5295.72,1770.37,No
EG-2023-1050,2023-02-21,2023-02-23,2,Second Class,Sahar El-Sayegh,Consumer,Egypt,Port Said,Port Fouad,Mina Youssef,CLO-PA-417,Clothing & Apparel,Pants,9,578.88,0.0,5209.92,4166.36,5209.92,1043.56,No
EG-2023-1051,2023-02-22,2023-02-24,2,Second Class,Asser Yassin,Consumer,Egypt,Red Sea,Hurghada,Mina Youssef,TEC-PH-302,Technology,Phones,4,1450.6,0.0,5802.4,4491.04,5802.4,1311.36,No
EG-2023-1052,2023-02-23,2023-02-26,3,Second Class,Mai Ezz Eldin,Consumer,Egypt,Luxor,Esna,Ahmed Ragab,OFF-PA-792,Office Supplies,Paper,8,47.51,0.15,323.07,226.02,323.07,97.05,No
EG-2023-1053,2023-02-23,2023-02-23,0,Same Day,Eyad Nassar,Home Office,Egypt,Dakahlia,Talkha,Noha Mahmoud,TEC-MA-159,Technology,Machines,6,5405.86,0.05,30813.4,24423.37,30813.4,6390.03,No
EG-2023-1054,2023-02-23,2023-02-26,3,Second Class,Dina El-Sherbiny,Corporate,Egypt,Sohag,Sohag City,Noha Mahmoud,HOM-AI-100,Home Appliances,Air Conditioners,10,16871.9,0.0,168719.0,124297.34,168719.0,44421.66,No
EG-2023-1053,2023-02-24,2023-02-24,0,Same Day,Ahmed Helmy,Consumer,Egypt,Asyut,Asyut City,Karim Salah,FUR-CH-110,Furniture,Chairs,9,879.13,0.0,7912.17,5904.52,7912.17,2007.65,No
EG-2023-1054,2023-02-24,2023-02-28,4,Standard Class,Asma Abulyazeid,Consumer,Egypt,Monufia,Shibin El Kom,Mina Youssef,TEC-CO-305,Technology,Copiers,7,5203.98,0.0,36427.86,26955.37,36427.86,9472.49,No
EG-2023-1055,2023-02-24,2023-03-02,6,Standard Class,Hassan El-Raddad,Corporate,Egypt,Cairo,New Cairo,Noha Mahmoud,SPO-SP-605,Sports & Outdoors,Sportswear,3,546.59,0.15,1393.8,946.0,1393.8,447.8,No
EG-2023-1054,2023-02-25,2023-03-01,4,Standard Class,Youssef Hussein,Consumer,Egypt,Cairo,Maadi,Sara Amin,FUR-CH-963,Furniture,Chairs,2,772.22,0.15,1312.77,858.29,1312.77,454.48,No
EG-2023-1055,2023-02-25,2023-03-02,5,Standard Class,Yasmine Sabri,Corporate,Egypt,Matrouh,Alamein,Ahmed Ragab,TEC-AC-614,Technology,Accessories,3,337.09,0.05,960.71,671.67,960.71,289.04,No
EG-2023-1056,2023-02-25,2023-03-02,5,Standard Class,Tamer Hosny,Home Office,Egypt,Matrouh,Siwa,Youssef Khaled,SPO-FI-149,Sports & Outdoors,Fitness Equipment,1,2845.92,0.0,2845.92,2098.61,2845.92,747.31,No
EG-2023-1055,2023-02-26,2023-02-27,1,First Class,Rania Moustafa,Corporate,Egypt,Luxor,Armant,Youssef Khaled,SPO-BI-507,Sports & Outdoors,Bicycles,10,4211.76,0.0,42117.6,27617.3,42117.6,14500.3,No
EG-2023-1056,2023-02-27,2023-03-04,5,Standard Class,Rania Moustafa,Home Office,Egypt,Beni Suef,Beni Suef City,Youssef Khaled,CLO-SH-199,Clothing & Apparel,Shirts,10,367.27,0.1,3305.43,2593.86,3305.43,711.57,No
EG-2023-1057,2023-02-27,2023-03-01,2,Second Class,Jamila Awad,Corporate,Egypt,Damietta,Damietta City,Sara Amin,OFF-BI-693,Office Supplies,Binders,3,72.6,0.0,217.8,147.04,217.8,70.76,No
EG-2023-1058,2023-02-27,2023-03-01,2,Second Class,Asmaa Galal,Home Office,Egypt,Dakahlia,Mit Ghamr,Amr Salah,TEC-AC-445,Technology,Accessories,10,370.42,0.0,3704.2,2650.08,3704.2,1054.12,No
EG-2023-1057,2023-03-01,2023-03-02,1,First Class,Mena Shalaby,Consumer,Egypt,Port Said,Al Arab,Sara Amin,OFF-ST-992,Office Supplies,Storage,7,294.16,0.0,2059.12,1395.34,2059.12,663.78,No
EG-2023-1058,2023-03-01,2023-03-07,6,Standard Class,Amir Karara,Home Office,Egypt,Sohag,Tahta,Ahmed Ragab,CLO-PA-831,Clothing & Apparel,Pants,5,636.6,0.0,3183.0,2134.28,3183.0,1048.72,No
EG-2023-1059,2023-03-01,2023-03-07,6,Standard Class,Nelly Karim,Home Office,Egypt,Asyut,Fateh,Sara Amin,OFF-AR-101,Office Supplies,Art,1,54.99,0.0,54.99,38.6,54.99,16.39,No
EG-2023-1058,2023-03-02,2023-03-04,2,Second Class,Amr Diab,Home Office,Egypt,Beheira,Kom Hamada,Sara Amin,HOM-RE-834,Home Appliances,Refrigerators,6,10887.85,0.0,65327.1,48268.07,65327.1,17059.03,No
EG-2023-1059,2023-03-02,2023-03-06,4,Standard Class,Dina El-Sherbiny,Corporate,Egypt,Minya,Mallawi,Noha Mahmoud,TEC-AC-193,Technology,Accessories,9,354.69,0.05,3032.6,2360.72,3032.6,671.88,No
EG-2023-1060,2023-03-02,2023-03-04,2,Second Class,Eyad Nassar,Home Office,Egypt,Aswan,Kom Ombo,Ahmed Ragab,SPO-CA-891,Sports & Outdoors,Camping Gear,6,1625.09,0.0,9750.54,7785.29,9750.54,1965.25,No
EG-2023-1059,2023-03-03,2023-03-05,2,Second Class,Omar Sherif,Corporate,Egypt,North Sinai,Arish,Sara Amin,TEC-CO-692,Technology,Copiers,5,5189.52,0.15,22055.46,15528.62,22055.46,6526.84,No
EG-2023-1060,2023-03-04,2023-03-08,4,Standard Class,Adel Emam,Consumer,Egypt,Giza,6th of October,Noha Mahmoud,CLO-JA-694,Clothing & Apparel,Jackets,3,1646.99,0.05,4693.92,3349.3,4693.92,1344.62,Yes
EG-2023-1061,2023-03-04,2023-03-09,5,Standard Class,Tara Emad,Home Office,Egypt,Damietta,Ras El Bar,Karim Salah,SPO-FI-767,Sports & Outdoors,Fitness Equipment,5,3237.59,0.05,15378.55,12002.58,15378.55,3375.97,Yes
EG-2023-1062,2023-03-04,2023-03-08,4,Standard Class,Karim Mahmoud,Home Office,Egypt,Red Sea,Hurghada,Sara Amin,SPO-SP-781,Sports & Outdoors,Sportswear,4,470.34,0.0,1881.36,1453.4,1881.36,427.96,No
EG-2023-1061,2023-03-06,2023-03-08,2,Second Class,Mena Shalaby,Consumer,Egypt,Minya,Samalut,Noha Mahmoud,FUR-BO-823,Furniture,Bookcases,1,2105.53,0.05,2000.25,1566.75,2000.25,433.5,No
EG-2023-1062,2023-03-06,2023-03-10,4,Standard Class,Omar Sherif,Corporate,Egypt,South Sinai,Sharm El-Sheikh,Sara Amin,FUR-CH-314,Furniture,Chairs,9,843.15,0.0,7588.35,5873.56,7588.35,1714.79,No
EG-2023-1063,2023-03-06,2023-03-12,6,Standard Class,Fatma Ibrahim,Consumer,Egypt,New Valley,Farafra,Karim Salah,OFF-BI-316,Office Supplies,Binders,1,86.93,0.0,86.93,63.0,86.93,23.93,No
EG-2023-1062,2023-03-07,2023-03-07,0,Same Day,Tarek Sayed,Home Office,Egypt,Alexandria,Stanly,Noha Mahmoud,CLO-JA-265,Clothing & Apparel,Jackets,10,1917.86,0.0,19178.6,15080.72,19178.6,4097.88,No
EG-2023-1063,2023-03-08,2023-03-08,0,Same Day,Tarek Sayed,Corporate,Egypt,Matrouh,Alamein,Ahmed Ragab,TEC-MA-327,Technology,Machines,1,5897.75,0.05,5602.86,3973.13,5602.86,1629.73,No
EG-2023-1064,2023-03-08,2023-03-08,0,Same Day,Eyad Nassar,Home Office,Egypt,South Sinai,Sharm El-Sheikh,Mina Youssef,OFF-AR-687,Office Supplies,Art,10,61.28,0.0,612.8,486.34,612.8,126.46,No
EG-2023-1065,2023-03-08,2023-03-09,1,First Class,Eyad Nassar,Corporate,Egypt,Beheira,Kom Hamada,Youssef Khaled,SPO-SP-158,Sports & Outdoors,Sportswear,6,526.1,0.0,3156.6,2054.89,3156.6,1101.71,Yes
EG-2023-1064,2023-03-10,2023-03-14,4,Standard Class,Ghada Abdelrazek,Home Office,Egypt,Minya,Minya City,Amr Salah,OFF-AR-452,Office Supplies,Art,1,65.31,0.0,65.31,44.87,65.31,20.44,No
EG-2023-1065,2023-03-10,2023-03-10,0,Same Day,Nelly Karim,Corporate,Egypt,Suez,Arbaeen,Ahmed Ragab,OFF-BI-904,Office Supplies,Binders,9,80.84,0.1,654.8,485.8,654.8,169.0,No
EG-2023-1066,2023-03-10,2023-03-15,5,Standard Class,Zainab Soliman,Home Office,Egypt,Asyut,Asyut City,Mina Youssef,SPO-FI-224,Sports & Outdoors,Fitness Equipment,1,3161.7,0.0,3161.7,2428.2,3161.7,733.5,No
EG-2023-1065,2023-03-11,2023-03-11,0,Same Day,Hany Ramzy,Home Office,Egypt,Alexandria,Miami,Noha Mahmoud,OFF-AR-151,Office Supplies,Art,2,58.2,0.05,110.58,81.21,110.58,29.37,No
EG-2023-1066,2023-03-11,2023-03-11,0,Same Day,Ahmed Helmy,Home Office,Egypt,Port Said,Al Sharq,Youssef Khaled,CLO-PA-964,Clothing & Apparel,Pants,7,563.84,0.0,3946.88,3044.43,3946.88,902.45,No
EG-2023-1067,2023-03-11,2023-03-12,1,First Class,Zainab Soliman,Corporate,Egypt,Damietta,Ras El Bar,Sara Amin,OFF-ST-917,Office Supplies,Storage,5,296.3,0.15,1259.28,871.55,1259.28,387.73,No
EG-2023-1066,2023-03-12,2023-03-17,5,Standard Class,Mahmoud Saad,Home Office,Egypt,Sharqia,Zagazig,Ahmed Ragab,OFF-PA-587,Office Supplies,Paper,2,46.42,0.15,78.91,62.06,78.91,16.85,No
EG-2023-1067,2023-03-13,2023-03-17,4,Standard Class,Amina Khalil,Consumer,Egypt,Kafr El-Sheikh,Kafr El-Sheikh City,Mina Youssef,TEC-CO-758,Technology,Copiers,1,5026.77,0.05,4775.43,3502.46,4775.43,1272.97,No
EG-2023-1068,2023-03-13,2023-03-15,2,Second Class,Ahmed Mansour,Home Office,Egypt,Qalyubia,Banha,Noha Mahmoud,CLO-JA-150,Clothing & Apparel,Jackets,2,1759.97,0.15,2991.95,2031.38,2991.95,960.57,No
EG-2023-1069,2023-03-13,2023-03-14,1,First Class,Nour El-Din,Consumer,Egypt,Asyut,Asyut City,Mina Youssef,HOM-AI-718,Home Appliances,Air Conditioners,2,17093.83,0.15,29059.51,21056.49,29059.51,8003.02,Yes
EG-2023-1068,2023-03-14,2023-03-17,3,Second Class,Hazem Emam,Consumer,Egypt,Sohag,Sohag City,Mina Youssef,OFF-BI-701,Office Supplies,Binders,4,73.03,0.05,277.51,181.46,277.51,96.05,No
EG-2023-1069,2023-03-14,2023-03-15,1,First Class,Omar Sherif,Consumer,Egypt,Dakahlia,Mansoura,Ahmed Ragab,SPO-CA-195,Sports & Outdoors,Camping Gear,7,1647.64,0.05,10956.81,7286.24,10956.81,3670.57,No
EG-2023-1070,2023-03-14,2023-03-18,4,Standard Class,Amir Karara,Corporate,Egypt,Qalyubia,Banha,Noha Mahmoud,TEC-PH-270,Technology,Phones,5,1370.89,0.0,6854.45,4845.34,6854.45,2009.11,No
EG-2023-1069,2023-03-15,2023-03-16,1,First Class,Hend Sabry,Corporate,Egypt,Asyut,Asyut City,Youssef Khaled,FUR-CH-475,Furniture,Chairs,8,910.62,0.05,6920.71,5220.23,6920.71,1700.48,No
EG-2023-1070,2023-03-16,2023-03-20,4,Standard Class,Amir Karara,Consumer,Egypt,Matrouh,Siwa,Amr Salah,OFF-ST-853,Office Supplies,Storage,1,284.24,0.05,270.03,193.22,270.03,76.81,No
EG-2023-1071,2023-03-16,2023-03-21,5,Standard Class,Tamer Hosny,Corporate,Egypt,Damietta,Ras El Bar,Amr Salah,HOM-MI-501,Home Appliances,Microwaves,6,3707.25,0.0,22243.5,15906.19,22243.5,6337.31,No
EG-2023-1072,2023-03-16,2023-03-16,0,Same Day,Ghada Abdelrazek,Home Office,Egypt,Aswan,Kom Ombo,Ahmed Ragab,TEC-PH-189,Technology,Phones,8,1575.0,0.0,12600.0,9085.75,12600.0,3514.25,No
EG-2023-1071,2023-03-18,2023-03-20,2,Second Class,Asmaa Galal,Home Office,Egypt,Monufia,Menouf,Ahmed Ragab,OFF-BI-498,Office Supplies,Binders,10,77.55,0.0,775.5,544.33,775.5,231.17,No
EG-2023-1072,2023-03-19,2023-03-24,5,Standard Class,Fatma Ibrahim,Home Office,Egypt,Damietta,Damietta City,Ahmed Ragab,TEC-PH-474,Technology,Phones,6,1504.99,0.0,9029.94,6375.72,9029.94,2654.22,No
EG-2023-1073,2023-03-19,2023-03-24,5,Standard Class,Huda El-Mufti,Consumer,Egypt,Alexandria,Miami,Youssef Khaled,OFF-PA-903,Office Supplies,Paper,10,49.09,0.05,466.36,355.99,466.36,110.37,No
EG-2023-1073,2023-03-20,2023-03-23,3,Second Class,Amr Hassan,Consumer,Egypt,Kafr El-Sheikh,Kafr El-Sheikh City,Amr Salah,SPO-BI-136,Sports & Outdoors,Bicycles,5,4482.5,0.0,22412.5,14840.85,22412.5,7571.65,No
EG-2023-1074,2023-03-20,2023-03-20,0,Same Day,Hany Ramzy,Home Office,Egypt,Aswan,Aswan City,Noha Mahmoud,CLO-PA-737,Clothing & Apparel,Pants,6,619.99,0.0,3719.94,2928.27,3719.94,791.67,No
EG-2023-1074,2023-03-21,2023-03-27,6,Standard Class,Mustafa Kamal,Corporate,Egypt,Port Said,Al Arab,Noha Mahmoud,HOM-RE-147,Home Appliances,Refrigerators,2,11798.88,0.0,23597.76,18559.87,23597.76,5037.89,No
EG-2023-1075,2023-03-22,2023-03-23,1,First Class,Eyad Nassar,Corporate,Egypt,Minya,Samalut,Karim Salah,CLO-PA-222,Clothing & Apparel,Pants,10,589.09,0.0,5890.9,4207.12,5890.9,1683.78,No
EG-2023-1076,2023-03-22,2023-03-25,3,Second Class,Omar Sherif,Home Office,Egypt,North Sinai,Rafah,Youssef Khaled,OFF-AR-895,Office Supplies,Art,1,64.45,0.05,61.23,45.63,61.23,15.6,No
EG-2023-1077,2023-03-22,2023-03-25,3,Second Class,Hany Ramzy,Home Office,Egypt,Giza,Dokki,Youssef Khaled,FUR-FU-129,Furniture,Furnishings,10,136.59,0.0,1365.9,921.12,1365.9,444.78,No
EG-2023-1076,2023-03-23,2023-03-26,3,Second Class,Ahmed Mansour,Consumer,Egypt,Fayoum,Fayoum City,Karim Salah,FUR-TA-208,Furniture,Tables,9,4231.47,0.0,38083.23,26343.03,38083.23,11740.2,No
EG-2023-1077,2023-03-23,2023-03-25,2,Second Class,Khaled El-Nabawy,Corporate,Egypt,South Sinai,Nuweiha,Youssef Khaled,FUR-TA-565,Furniture,Tables,2,4705.16,0.0,9410.32,7355.12,9410.32,2055.2,No
EG-2023-1077,2023-03-24,2023-03-25,1,First Class,Ghada Abdelrazek,Consumer,Egypt,Minya,Mallawi,Mina Youssef,FUR-FU-404,Furniture,Furnishings,7,139.56,0.0,976.92,684.33,976.92,292.59,No
EG-2023-1078,2023-03-24,2023-03-24,0,Same Day,Karim Mahmoud,Consumer,Egypt,Qalyubia,Banha,Ahmed Ragab,CLO-SH-995,Clothing & Apparel,Shoes,6,1301.75,0.0,7810.5,5254.98,7810.5,2555.52,No
EG-2023-1079,2023-03-24,2023-03-26,2,Second Class,Karim Mahmoud,Consumer,Egypt,Gharbia,El Mahalla El Kubra,Ahmed Ragab,HOM-AI-392,Home Appliances,Air Conditioners,10,16466.47,0.0,164664.7,124685.0,164664.7,39979.7,No
EG-2023-1078,2023-03-25,2023-03-25,0,Same Day,Hany Ramzy,Consumer,Egypt,Beni Suef,Beni Suef City,Ahmed Ragab,CLO-JA-651,Clothing & Apparel,Jackets,3,1743.6,0.0,5230.8,4155.93,5230.8,1074.87,No
EG-2023-1079,2023-03-26,2023-03-30,4,Standard Class,Reem Moustafa,Home Office,Egypt,Alexandria,Smouha,Sara Amin,FUR-BO-451,Furniture,Bookcases,7,2194.1,0.0,15358.7,12045.29,15358.7,3313.41,No
EG-2023-1080,2023-03-26,2023-03-26,0,Same Day,Ahmed Ezz,Consumer,Egypt,North Sinai,Arish,Mina Youssef,SPO-SP-746,Sports & Outdoors,Sportswear,8,509.68,0.05,3873.57,2943.86,3873.57,929.71,No
EG-2023-1080,2023-03-27,2023-03-31,4,Standard Class,Zainab Soliman,Consumer,Egypt,North Sinai,Rafah,Amr Salah,SPO-CA-459,Sports & Outdoors,Camping Gear,4,1445.8,0.15,4915.72,3883.41,4915.72,1032.31,No
EG-2023-1081,2023-03-28,2023-04-01,4,Standard Class,Amr Diab,Home Office,Egypt,North Sinai,Sheikh Zuweid,Noha Mahmoud,SPO-BI-700,Sports & Outdoors,Bicycles,8,4604.53,0.0,36836.24,24066.09,36836.24,12770.15,No
EG-2023-1082,2023-03-28,2023-04-03,6,Standard Class,Tarek Sayed,Home Office,Egypt,Dakahlia,Mansoura,Noha Mahmoud,FUR-TA-814,Furniture,Tables,6,4387.38,0.15,22375.64,15499.2,22375.64,6876.44,No
EG-2023-1082,2023-03-29,2023-03-31,2,Second Class,Mahmoud Yassin,Corporate,Egypt,Giza,Dokki,Mina Youssef,HOM-MI-104,Home Appliances,Microwaves,4,3504.24,0.0,14016.96,10423.04,14016.96,3593.92,No
EG-2023-1083,2023-03-30,2023-04-04,5,Standard Class,Adel Emam,Home Office,Egypt,Qalyubia,Shubra El-Kheima,Sara Amin,SPO-CA-210,Sports & Outdoors,Camping Gear,2,1566.67,0.0,3133.34,2131.4,3133.34,1001.94,No
EG-2023-1084,2023-03-30,2023-04-04,5,Standard Class,Farouk El-Fishawy,Consumer,Egypt,Minya,Minya City,Karim Salah,FUR-BO-703,Furniture,Bookcases,3,1823.08,0.0,5469.24,3988.05,5469.24,1481.19,Yes
EG-2023-1085,2023-03-30,2023-04-03,4,Standard Class,Ahmed Mekky,Home Office,Egypt,Sharqia,Zagazig,Amr Salah,CLO-SH-166,Clothing & Apparel,Shoes,3,1257.51,0.05,3583.9,2411.74,3583.9,1172.16,No
EG-2023-1084,2023-03-31,2023-04-02,2,Second Class,Asser Yassin,Consumer,Egypt,Sohag,Sohag City,Amr Salah,HOM-RE-625,Home Appliances,Refrigerators,3,11971.42,0.0,35914.26,23963.46,35914.26,11950.8,No
EG-2023-1085,2023-03-31,2023-04-05,5,Standard Class,Mohamed Ali,Home Office,Egypt,Monufia,Menouf,Sara Amin,CLO-PA-823,Clothing & Apparel,Pants,8,612.36,0.05,4653.94,3445.13,4653.94,1208.81,No
EG-2023-1085,2023-04-01,2023-04-06,5,Standard Class,Ahmed Ezz,Consumer,Egypt,Minya,Minya City,Sara Amin,TEC-CO-887,Technology,Copiers,1,5485.66,0.1,4937.09,3411.96,4937.09,1525.13,No
EG-2023-1086,2023-04-01,2023-04-05,4,Standard Class,Hazem Emam,Home Office,Egypt,Gharbia,Zifta,Noha Mahmoud,HOM-BL-146,Home Appliances,Blenders,1,852.02,0.1,766.82,608.42,766.82,158.4,No
EG-2023-1086,2023-04-02,2023-04-02,0,Same Day,Huda El-Mufti,Corporate,Egypt,Luxor,Luxor City,Karim Salah,HOM-MI-225,Home Appliances,Microwaves,8,3196.0,0.1,23011.2,15099.41,23011.2,7911.79,No
EG-2023-1087,2023-04-03,2023-04-03,0,Same Day,Eyad Nassar,Corporate,Egypt,Matrouh,Marsa Matrouh,Ahmed Ragab,TEC-MA-530,Technology,Machines,1,5824.62,0.15,4950.93,3718.4,4950.93,1232.53,No
EG-2023-1088,2023-04-04,2023-04-04,0,Same Day,Asser Yassin,Home Office,Egypt,Qena,Qena City,Sara Amin,HOM-RE-169,Home Appliances,Refrigerators,10,11476.28,0.0,114762.8,88805.01,114762.8,25957.79,No
EG-2023-1089,2023-04-04,2023-04-05,1,First Class,Asser Yassin,Home Office,Egypt,Cairo,Maadi,Sara Amin,CLO-SH-767,Clothing & Apparel,Shoes,4,1262.97,0.15,4294.1,3151.71,4294.1,1142.39,No
EG-2023-1090,2023-04-04,2023-04-07,3,Second Class,Aya Mahmoud,Consumer,Egypt,Minya,Mallawi,Ahmed Ragab,OFF-PA-432,Office Supplies,Paper,3,45.36,0.15,115.67,86.79,115.67,28.88,No
EG-2023-1089,2023-04-05,2023-04-10,5,Standard Class,Amr Diab,Consumer,Egypt,Matrouh,Alamein,Sara Amin,TEC-AC-708,Technology,Accessories,10,359.16,0.05,3412.02,2716.42,3412.02,695.6,No
EG-2023-1090,2023-04-05,2023-04-05,0,Same Day,Farouk El-Fishawy,Home Office,Egypt,Matrouh,Siwa,Youssef Khaled,OFF-AR-246,Office Supplies,Art,10,63.46,0.0,634.6,420.74,634.6,213.86,No
EG-2023-1091,2023-04-05,2023-04-08,3,Second Class,Huda El-Mufti,Home Office,Egypt,Suez,Attaka,Amr Salah,OFF-PA-579,Office Supplies,Paper,7,53.71,0.0,375.97,297.29,375.97,78.68,No
EG-2023-1090,2023-04-06,2023-04-12,6,Standard Class,Ahmed Mekky,Corporate,Egypt,Gharbia,Tanta,Youssef Khaled,FUR-TA-271,Furniture,Tables,5,4228.64,0.05,20086.04,15915.17,20086.04,4170.87,No
EG-2023-1091,2023-04-06,2023-04-07,1,First Class,Rania Moustafa,Consumer,Egypt,Asyut,Asyut City,Amr Salah,FUR-FU-392,Furniture,Furnishings,7,135.89,0.0,951.23,741.15,951.23,210.08,Yes
EG-2023-1092,2023-04-06,2023-04-10,4,Standard Class,Mustafa Kamal,Consumer,Egypt,Suez,Suez City,Mina Youssef,CLO-SH-154,Clothing & Apparel,Shoes,9,1118.04,0.0,10062.36,6605.54,10062.36,3456.82,No
EG-2023-1091,2023-04-07,2023-04-10,3,Second Class,Mohamed Ramadan,Consumer,Egypt,Luxor,Esna,Ahmed Ragab,OFF-AR-681,Office Supplies,Art,5,63.93,0.15,271.7,187.17,271.7,84.53,No
EG-2023-1092,2023-04-07,2023-04-09,2,Second Class,Ghada Abdelrazek,Consumer,Egypt,Asyut,Asyut City,Noha Mahmoud,TEC-AC-106,Technology,Accessories,7,354.9,0.0,2484.3,1896.41,2484.3,587.89,No
EG-2023-1093,2023-04-07,2023-04-13,6,Standard Class,Adel Emam,Home Office,Egypt,Aswan,Kom Ombo,Sara Amin,FUR-TA-525,Furniture,Tables,2,4517.16,0.0,9034.32,5939.28,9034.32,3095.04,No
EG-2023-1092,2023-04-08,2023-04-10,2,Second Class,Fatma Ibrahim,Corporate,Egypt,New Valley,Dakhla,Youssef Khaled,CLO-SH-522,Clothing & Apparel,Shirts,3,396.77,0.1,1071.28,698.76,1071.28,372.52,No
EG-2023-1093,2023-04-08,2023-04-10,2,Second Class,Mayan El-Sayed,Home Office,Egypt,Matrouh,Marsa Matrouh,Amr Salah,OFF-AR-192,Office Supplies,Art,8,57.25,0.05,435.1,310.25,435.1,124.85,No
EG-2023-1093,2023-04-09,2023-04-14,5,Standard Class,Tarek Sayed,Consumer,Egypt,Gharbia,El Mahalla El Kubra,Noha Mahmoud,CLO-SH-478,Clothing & Apparel,Shirts,9,360.12,0.05,3079.03,2441.11,3079.03,637.92,No
EG-2023-1094,2023-04-10,2023-04-12,2,Second Class,Hussein Fahmy,Consumer,Egypt,Red Sea,Hurghada,Amr Salah,FUR-CH-908,Furniture,Chairs,6,773.85,0.05,4410.94,3466.34,4410.94,944.6,No
EG-2023-1095,2023-04-10,2023-04-15,5,Standard Class,Tamer Hosny,Corporate,Egypt,Luxor,Luxor City,Amr Salah,OFF-BI-951,Office Supplies,Binders,7,74.14,0.1,467.08,328.92,467.08,138.16,No
EG-2023-1096,2023-04-10,2023-04-13,3,Second Class,Mahmoud Yassin,Consumer,Egypt,Luxor,Esna,Mina Youssef,FUR-TA-104,Furniture,Tables,10,4683.35,0.1,42150.15,32145.48,42150.15,10004.67,No
EG-2023-1095,2023-04-11,2023-04-12,1,First Class,Khaled El-Nabawy,Corporate,Egypt,Minya,Minya City,Amr Salah,HOM-BL-190,Home Appliances,Blenders,3,856.78,0.05,2441.82,1896.47,2441.82,545.35,No
EG-2023-1096,2023-04-12,2023-04-14,2,Second Class,Mona Zaki,Home Office,Egypt,Matrouh,Siwa,Mina Youssef,CLO-JA-142,Clothing & Apparel,Jackets,9,1816.17,0.0,16345.53,12743.99,16345.53,3601.54,No
EG-2023-1097,2023-04-12,2023-04-14,2,Second Class,Youssef Hussein,Consumer,Egypt,Sohag,Sohag City,Sara Amin,TEC-AC-506,Technology,Accessories,8,351.14,0.15,2387.75,1792.89,2387.75,594.86,No
EG-2023-1098,2023-04-12,2023-04-12,0,Same Day,Hazem Emam,Consumer,Egypt,Luxor,Luxor City,Noha Mahmoud,FUR-CH-731,Furniture,Chairs,10,866.57,0.0,8665.7,6618.64,8665.7,2047.06,Yes
EG-2023-1097,2023-04-14,2023-04-20,6,Standard Class,Dina El-Sherbiny,Consumer,Egypt,Qalyubia,Khanka,Mina Youssef,OFF-ST-919,Office Supplies,Storage,2,304.29,0.15,517.29,386.82,517.29,130.47,No
EG-2023-1098,2023-04-14,2023-04-20,6,Standard Class,Amr Hassan,Home Office,Egypt,North Sinai,Sheikh Zuweid,Sara Amin,OFF-PA-916,Office Supplies,Paper,5,53.2,0.05,252.7,187.44,252.7,65.26,No
EG-2023-1098,2023-04-15,2023-04-16,1,First Class,Mahmoud Saad,Consumer,Egypt,Suez,Suez City,Youssef Khaled,CLO-PA-671,Clothing & Apparel,Pants,7,600.74,0.0,4205.18,3323.6,4205.18,881.58,No
EG-2023-1099,2023-04-16,2023-04-20,4,Standard Class,Amr Hassan,Corporate,Egypt,Sharqia,Belbeis,Karim Salah,TEC-PH-905,Technology,Phones,6,1630.03,0.0,9780.18,7630.19,9780.18,2149.99,No
EG-2023-1100,2023-04-16,2023-04-19,3,Second Class,Ahmed Helmy,Home Office,Egypt,Giza,Dokki,Karim Salah,FUR-BO-455,Furniture,Bookcases,6,1915.58,0.0,11493.48,8166.46,11493.48,3327.02,No
EG-2023-1100,2023-04-17,2023-04-22,5,Standard Class,Fatma Ibrahim,Consumer,Egypt,Minya,Mallawi,Ahmed Ragab,HOM-MI-143,Home Appliances,Microwaves,8,3672.29,0.0,29378.32,22433.87,29378.32,6944.45,No
EG-2023-1101,2023-04-18,2023-04-19,1,First Class,Sahar El-Sayegh,Home Office,Egypt,Dakahlia,Mansoura,Mina Youssef,TEC-PH-761,Technology,Phones,2,1466.48,0.0,2932.96,2263.63,2932.96,669.33,No
EG-2023-1102,2023-04-18,2023-04-23,5,Standard Class,Reem Moustafa,Consumer,Egypt,Beheira,Kom Hamada,Karim Salah,FUR-FU-110,Furniture,Furnishings,5,162.99,0.15,692.71,481.14,692.71,211.57,No
EG-2023-1103,2023-04-18,2023-04-23,5,Standard Class,Ahmed Ezz,Corporate,Egypt,Qalyubia,Shubra El-Kheima,Youssef Khaled,CLO-SH-877,Clothing & Apparel,Shirts,7,389.19,0.05,2588.11,2055.18,2588.11,532.93,No
EG-2023-1102,2023-04-19,2023-04-24,5,Standard Class,Tarek Sayed,Corporate,Egypt,Beni Suef,Nasser,Noha Mahmoud,SPO-CA-421,Sports & Outdoors,Camping Gear,7,1643.76,0.0,11506.32,8134.02,11506.32,3372.3,No
EG-2023-1103,2023-04-19,2023-04-24,5,Standard Class,Asmaa Galal,Home Office,Egypt,Ismailia,Ismailia City,Mina Youssef,SPO-SP-396,Sports & Outdoors,Sportswear,3,491.59,0.0,1474.77,1156.27,1474.77,318.5,No
EG-2023-1104,2023-04-19,2023-04-20,1,First Class,Karim Mahmoud,Corporate,Egypt,Qena,Qena City,Ahmed Ragab,CLO-PA-152,Clothing & Apparel,Pants,4,593.47,0.0,2373.88,1889.24,2373.88,484.64,No
EG-2023-1103,2023-04-20,2023-04-20,0,Same Day,Tara Emad,Corporate,Egypt,Alexandria,Miami,Mina Youssef,FUR-FU-419,Furniture,Furnishings,6,153.58,0.0,921.48,715.85,921.48,205.63,No
EG-2023-1104,2023-04-20,2023-04-24,4,Standard Class,Mohamed Ramadan,Consumer,Egypt,Cairo,Nasr City,Ahmed Ragab,TEC-CO-805,Technology,Copiers,5,4944.6,0.1,22250.7,17577.63,22250.7,4673.07,No
EG-2023-1105,2023-04-20,2023-04-23,3,Second Class,Fatma Ibrahim,Consumer,Egypt,Red Sea,Hurghada,Mina Youssef,CLO-PA-765,Clothing & Apparel,Pants,10,619.59,0.05,5886.1,3861.32,5886.1,2024.78,No
EG-2023-1104,2023-04-21,2023-04-21,0,Same Day,Mohamed Ramadan,Home Office,Egypt,Sharqia,Belbeis,Mina Youssef,CLO-JA-607,Clothing & Apparel,Jackets,4,1789.83,0.0,7159.32,5372.43,7159.32,1786.89,No
EG-2023-1105,2023-04-21,2023-04-22,1,First Class,Amr Diab,Consumer,Egypt,Port Said,Al Arab,Mina Youssef,OFF-AR-655,Office Supplies,Art,1,56.28,0.0,56.28,39.33,56.28,16.95,No
EG-2023-1105,2023-04-22,2023-04-24,2,Second Class,Tamer Hosny,Consumer,Egypt,South Sinai,Sharm El-Sheikh,Karim Salah,TEC-CO-201,Technology,Copiers,1,5036.01,0.05,4784.21,3480.0,4784.21,1304.21,No
EG-2023-1106,2023-04-22,2023-04-23,1,First Class,Asma Abulyazeid,Consumer,Egypt,North Sinai,Sheikh Zuweid,Youssef Khaled,FUR-FU-369,Furniture,Furnishings,1,141.62,0.0,141.62,111.09,141.62,30.53,No
EG-2023-1107,2023-04-22,2023-04-26,4,Standard Class,Hassan El-Raddad,Consumer,Egypt,Sohag,Akhmim,Mina Youssef,TEC-AC-549,Technology,Accessories,8,355.55,0.0,2844.4,1906.58,2844.4,937.82,No
EG-2023-1106,2023-04-23,2023-04-25,2,Second Class,Tarek Sayed,Consumer,Egypt,Gharbia,Zifta,Amr Salah,SPO-CA-150,Sports & Outdoors,Camping Gear,3,1531.73,0.05,4365.43,3047.34,4365.43,1318.09,No
EG-2023-1107,2023-04-23,2023-04-27,4,Standard Class,Hazem Emam,Corporate,Egypt,Sharqia,Zagazig,Amr Salah,FUR-CH-566,Furniture,Chairs,3,842.55,0.1,2274.89,1564.5,2274.89,710.39,No
EG-2023-1108,2023-04-23,2023-04-29,6,Standard Class,Mona Zaki,Home Office,Egypt,North Sinai,Arish,Amr Salah,HOM-AI-522,Home Appliances,Air Conditioners,7,15612.03,0.05,103820.0,77298.58,103820.0,26521.42,No
EG-2023-1107,2023-04-24,2023-04-29,5,Standard Class,Amr Diab,Consumer,Egypt,Suez,Attaka,Noha Mahmoud,OFF-PA-994,Office Supplies,Paper,5,50.07,0.15,212.8,151.06,212.8,61.74,No
EG-2023-1108,2023-04-25,2023-04-28,3,Second Class,Maged El-Kedwany,Consumer,Egypt,New Valley,Farafra,Sara Amin,TEC-MA-801,Technology,Machines,10,6012.86,0.0,60128.6,40020.26,60128.6,20108.34,No
EG-2023-1109,2023-04-25,2023-04-30,5,Standard Class,Mahmoud Yassin,Consumer,Egypt,Suez,Suez City,Amr Salah,HOM-AI-588,Home Appliances,Air Conditioners,7,15658.15,0.0,109607.05,81898.65,109607.05,27708.4,No
EG-2023-1109,2023-04-26,2023-04-30,4,Standard Class,Mahmoud Saad,Home Office,Egypt,Fayoum,Sinnuris,Sara Amin,OFF-AR-196,Office Supplies,Art,4,57.83,0.0,231.32,163.23,231.32,68.09,No
EG-2023-1110,2023-04-27,2023-05-02,5,Standard Class,Ahmed Ezz,Home Office,Egypt,Ismailia,Al Qantara,Noha Mahmoud,SPO-BI-438,Sports & Outdoors,Bicycles,4,4725.54,0.0,18902.16,14444.4,18902.16,4457.76,Yes
EG-2023-1111,2023-04-28,2023-05-02,4,Standard Class,Adel Emam,Consumer,Egypt,Kafr El-Sheikh,Desouk,Mina Youssef,SPO-BI-480,Sports & Outdoors,Bicycles,7,4407.36,0.0,30851.52,21442.23,30851.52,9409.29,No
EG-2023-1112,2023-04-28,2023-05-01,3,Second Class,Mustafa Kamal,Home Office,Egypt,Qena,Abu Tesht,Noha Mahmoud,TEC-PH-851,Technology,Phones,7,1640.5,0.0,11483.5,7586.12,11483.5,3897.38,Yes
EG-2023-1112,2023-04-29,2023-04-29,0,Same Day,Fatma Ibrahim,Home Office,Egypt,Minya,Mallawi,Ahmed Ragab,TEC-AC-375,Technology,Accessories,3,347.82,0.0,1043.46,789.32,1043.46,254.14,No
EG-2023-1113,2023-04-30,2023-04-30,0,Same Day,Tara Emad,Corporate,Egypt,Beni Suef,Nasser,Noha Mahmoud,CLO-JA-129,Clothing & Apparel,Jackets,8,1631.38,0.0,13051.04,9391.48,13051.04,3659.56,No
EG-2023-1114,2023-05-01,2023-05-06,5,Standard Class,Amr Diab,Home Office,Egypt,Giza,Dokki,Ahmed Ragab,TEC-MA-262,Technology,Machines,9,5123.95,0.05,43809.77,31042.91,43809.77,12766.86,No
EG-2023-1115,2023-05-02,2023-05-06,4,Standard Class,Mai Ezz Eldin,Corporate,Egypt,Monufia,Menouf,Ahmed Ragab,CLO-JA-714,Clothing & Apparel,Jackets,7,1807.52,0.15,10754.74,7580.43,10754.74,3174.31,No
EG-2023-1116,2023-05-02,2023-05-06,4,Standard Class,Mustafa Kamal,Consumer,Egypt,Red Sea,Hurghada,Youssef Khaled,SPO-FI-707,Sports & Outdoors,Fitness Equipment,5,2992.03,0.0,14960.15,11071.64,14960.15,3888.51,No
EG-2023-1116,2023-05-03,2023-05-05,2,Second Class,Rania Moustafa,Home Office,Egypt,Red Sea,Hurghada,Karim Salah,TEC-CO-835,Technology,Copiers,3,4505.24,0.15,11488.36,9152.03,11488.36,2336.33,No
EG-2023-1117,2023-05-04,2023-05-04,0,Same Day,Asma Abulyazeid,Corporate,Egypt,North Sinai,Sheikh Zuweid,Ahmed Ragab,FUR-CH-735,Furniture,Chairs,7,773.25,0.0,5412.75,3669.87,5412.75,1742.88,No
EG-2023-1118,2023-05-04,2023-05-09,5,Standard Class,Adel Emam,Consumer,Egypt,South Sinai,Nuweiha,Mina Youssef,SPO-SP-819,Sports & Outdoors,Sportswear,6,472.07,0.0,2832.42,2211.64,2832.42,620.78,No
EG-2023-1119,2023-05-04,2023-05-06,2,Second Class,Amina Khalil,Home Office,Egypt,Damietta,Ras El Bar,Sara Amin,SPO-CA-472,Sports & Outdoors,Camping Gear,10,1530.71,0.0,15307.1,11081.85,15307.1,4225.25,No
EG-2023-1118,2023-05-05,2023-05-10,5,Standard Class,Hend Sabry,Home Office,Egypt,Ismailia,Ismailia City,Ahmed Ragab,OFF-ST-778,Office Supplies,Storage,8,275.91,0.0,2207.28,1682.39,2207.28,524.89,No
EG-2023-1119,2023-05-05,2023-05-07,2,Second Class,Maged El-Kedwany,Consumer,Egypt,Beni Suef,Beni Suef City,Karim Salah,FUR-FU-572,Furniture,Furnishings,6,153.18,0.0,919.08,675.75,919.08,243.33,No
EG-2023-1119,2023-05-06,2023-05-09,3,Second Class,Tarek Sayed,Corporate,Egypt,Red Sea,Hurghada,Ahmed Ragab,CLO-PA-826,Clothing & Apparel,Pants,1,648.32,0.05,615.9,451.59,615.9,164.31,Yes
EG-2023-1120,2023-05-09,2023-05-11,2,Second Class,Mohamed Ramadan,Corporate,Egypt,Matrouh,Marsa Matrouh,Sara Amin,FUR-BO-943,Furniture,Bookcases,2,2043.81,0.05,3883.24,3078.73,3883.24,804.51,No
EG-2023-1121,2023-05-10,2023-05-13,3,Second Class,Fatma Ibrahim,Corporate,Egypt,Sohag,Tahta,Ahmed Ragab,SPO-BI-364,Sports & Outdoors,Bicycles,9,4731.37,0.1,38324.1,29285.47,38324.1,9038.63,No
EG-2023-1122,2023-05-10,2023-05-10,0,Same Day,Omar Sherif,Consumer,Egypt,Monufia,Shibin El Kom,Amr Salah,SPO-CA-695,Sports & Outdoors,Camping Gear,4,1506.82,0.0,6027.28,4267.09,6027.28,1760.19,No
EG-2023-1122,2023-05-11,2023-05-14,3,Second Class,Fatma Ibrahim,Home Office,Egypt,New Valley,Dakhla,Sara Amin,SPO-SP-812,Sports & Outdoors,Sportswear,10,473.27,0.0,4732.7,3774.64,4732.7,958.06,No
EG-2023-1123,2023-05-12,2023-05-18,6,Standard Class,Huda El-Mufti,Home Office,Egypt,Giza,Dokki,Sara Amin,OFF-BI-149,Office Supplies,Binders,5,73.87,0.0,369.35,261.36,369.35,107.99,Yes
EG-2023-1124,2023-05-12,2023-05-13,1,First Class,Amr Diab,Corporate,Egypt,Beheira,Damanhour,Amr Salah,CLO-PA-799,Clothing & Apparel,Pants,10,552.53,0.0,5525.3,3880.4,5525.3,1644.9,No
EG-2023-1124,2023-05-13,2023-05-15,2,Second Class,Ahmed Helmy,Home Office,Egypt,North Sinai,Rafah,Sara Amin,OFF-PA-984,Office Supplies,Paper,9,53.2,0.0,478.8,342.91,478.8,135.89,No
EG-2023-1125,2023-05-13,2023-05-13,0,Same Day,Mayan El-Sayed,Corporate,Egypt,Red Sea,Gouna,Karim Salah,FUR-FU-310,Furniture,Furnishings,1,148.88,0.0,148.88,101.07,148.88,47.81,No
EG-2023-1125,2023-05-14,2023-05-15,1,First Class,Tarek Sayed,Home Office,Egypt,Qalyubia,Khanka,Amr Salah,FUR-BO-985,Furniture,Bookcases,1,2030.45,0.0,2030.45,1463.28,2030.45,567.17,No
EG-2023-1126,2023-05-14,2023-05-16,2,Second Class,Aya Mahmoud,Home Office,Egypt,Port Said,Port Fouad,Mina Youssef,HOM-BL-621,Home Appliances,Blenders,6,842.01,0.0,5052.06,4025.18,5052.06,1026.88,No
EG-2023-1127,2023-05-14,2023-05-15,1,First Class,Maged El-Kedwany,Corporate,Egypt,Kafr El-Sheikh,Desouk,Ahmed Ragab,SPO-SP-456,Sports & Outdoors,Sportswear,9,532.57,0.0,4793.13,3731.46,4793.13,1061.67,No
EG-2023-1126,2023-05-15,2023-05-21,6,Standard Class,Hany Ramzy,Corporate,Egypt,Cairo,Nasr City,Ahmed Ragab,HOM-MI-661,Home Appliances,Microwaves,9,3330.71,0.05,28477.57,18830.51,28477.57,9647.06,No
EG-2023-1127,2023-05-15,2023-05-21,6,Standard Class,Amir Karara,Home Office,Egypt,Ismailia,Fayed,Youssef Khaled,OFF-BI-762,Office Supplies,Binders,9,75.89,0.0,683.01,520.94,683.01,162.07,No
EG-2023-1128,2023-05-15,2023-05-20,5,Standard Class,Karim Mahmoud,Home Office,Egypt,Sohag,Tahta,Mina Youssef,OFF-ST-660,Office Supplies,Storage,8,300.09,0.15,2040.61,1374.74,2040.61,665.87,No
EG-2023-1127,2023-05-16,2023-05-18,2,Second Class,Hend Sabry,Consumer,Egypt,Alexandria,Smouha,Youssef Khaled,OFF-PA-902,Office Supplies,Paper,8,45.53,0.0,364.24,263.61,364.24,100.63,No
EG-2023-1128,2023-05-17,2023-05-20,3,Second Class,Mai Ezz Eldin,Corporate,Egypt,Damietta,New Damietta,Mina Youssef,HOM-BL-755,Home Appliances,Blenders,7,815.24,0.05,5421.35,4311.87,5421.35,1109.48,No
EG-2023-1129,2023-05-18,2023-05-18,0,Same Day,Mohamed Ramadan,Consumer,Egypt,Sharqia,10th of Ramadan,Mina Youssef,CLO-SH-180,Clothing & Apparel,Shirts,1,402.97,0.0,402.97,317.58,402.97,85.39,No
EG-2023-1130,2023-05-18,2023-05-20,2,Second Class,Aya Mahmoud,Corporate,Egypt,Beheira,Kafr El Dawar,Youssef Khaled,CLO-SH-549,Clothing & Apparel,Shirts,7,405.29,0.15,2411.48,1804.88,2411.48,606.6,No
EG-2023-1131,2023-05-18,2023-05-21,3,Second Class,Tara Emad,Home Office,Egypt,Fayoum,Fayoum City,Karim Salah,HOM-RE-996,Home Appliances,Refrigerators,9,11330.94,0.1,91780.61,61734.92,91780.61,30045.69,No
EG-2023-1130,2023-05-19,2023-05-21,2,Second Class,Asma Abulyazeid,Corporate,Egypt,Red Sea,Gouna,Sara Amin,TEC-AC-168,Technology,Accessories,9,375.61,0.0,3380.49,2685.02,3380.49,695.47,No
EG-2023-1131,2023-05-20,2023-05-20,0,Same Day,Hazem Emam,Corporate,Egypt,Cairo,Maadi,Youssef Khaled,SPO-FI-588,Sports & Outdoors,Fitness Equipment,9,2911.16,0.0,26200.44,19832.33,26200.44,6368.11,No
EG-2023-1132,2023-05-20,2023-05-24,4,Standard Class,Tara Emad,Corporate,Egypt,Qalyubia,Khanka,Amr Salah,SPO-FI-603,Sports & Outdoors,Fitness Equipment,7,3221.65,0.1,20296.39,14990.71,20296.39,5305.68,Yes
EG-2023-1132,2023-05-21,2023-05-23,2,Second Class,Asser Yassin,Home Office,Egypt,South Sinai,Dahab,Ahmed Ragab,FUR-CH-879,Furniture,Chairs,6,823.53,0.0,4941.18,3546.64,4941.18,1394.54,No
EG-2023-1133,2023-05-22,2023-05-28,6,Standard Class,Sahar El-Sayegh,Home Office,Egypt,Qalyubia,Khanka,Noha Mahmoud,TEC-CO-307,Technology,Copiers,9,5417.42,0.05,46318.94,32220.27,46318.94,14098.67,No
EG-2023-1134,2023-05-22,2023-05-24,2,Second Class,Dina El-Sherbiny,Corporate,Egypt,Beni Suef,Beni Suef City,Karim Salah,CLO-SH-803,Clothing & Apparel,Shirts,1,392.43,0.0,392.43,266.21,392.43,126.22,No
EG-2023-1134,2023-05-23,2023-05-28,5,Standard Class,Omar Sherif,Consumer,Egypt,Beni Suef,Nasser,Youssef Khaled,FUR-BO-447,Furniture,Bookcases,4,1995.27,0.05,7582.03,6034.11,7582.03,1547.92,No
EG-2023-1135,2023-05-23,2023-05-28,5,Standard Class,Hany Ramzy,Home Office,Egypt,Sohag,Akhmim,Noha Mahmoud,FUR-TA-784,Furniture,Tables,1,4479.97,0.05,4255.97,3229.06,4255.97,1026.91,Yes
EG-2023-1135,2023-05-24,2023-05-30,6,Standard Class,Mona Abdelrahman,Consumer,Egypt,Port Said,Port Fouad,Mina Youssef,CLO-PA-553,Clothing & Apparel,Pants,8,569.08,0.15,3869.74,2919.99,3869.74,949.75,No
EG-2023-1136,2023-05-24,2023-05-26,2,Second Class,Mohamed Ramadan,Consumer,Egypt,South Sinai,Nuweiha,Karim Salah,HOM-AI-924,Home Appliances,Air Conditioners,3,15271.25,0.0,45813.75,36139.61,45813.75,9674.14,No
EG-2023-1137,2023-05-24,2023-05-28,4,Standard Class,Aya Mahmoud,Corporate,Egypt,Damietta,Damietta City,Karim Salah,TEC-AC-232,Technology,Accessories,9,370.13,0.05,3164.61,2068.81,3164.61,1095.8,No
EG-2023-1136,2023-05-26,2023-05-26,0,Same Day,Youssef Hussein,Corporate,Egypt,Qalyubia,Shubra El-Kheima,Ahmed Ragab,CLO-JA-997,Clothing & Apparel,Jackets,7,1848.25,0.15,10997.09,7333.82,10997.09,3663.27,No
EG-2023-1137,2023-05-26,2023-05-27,1,First Class,Mohamed Ali,Home Office,Egypt,Monufia,Sadat City,Noha Mahmoud,OFF-AR-254,Office Supplies,Art,6,61.43,0.1,331.72,236.01,331.72,95.71,No
EG-2023-1138,2023-05-26,2023-06-01,6,Standard Class,Hussein Fahmy,Consumer,Egypt,Matrouh,Alamein,Ahmed Ragab,OFF-BI-728,Office Supplies,Binders,9,87.74,0.0,789.66,560.61,789.66,229.05,No
EG-2023-1137,2023-05-27,2023-06-02,6,Standard Class,Tamer Hosny,Corporate,Egypt,South Sinai,Nuweiha,Amr Salah,TEC-PH-727,Technology,Phones,2,1461.94,0.05,2777.69,1952.05,2777.69,825.64,No
EG-2023-1138,2023-05-27,2023-05-27,0,Same Day,Huda El-Mufti,Corporate,Egypt,Qalyubia,Shubra El-Kheima,Sara Amin,FUR-BO-806,Furniture,Bookcases,5,1836.15,0.1,8262.67,5499.45,8262.67,2763.22,Yes
EG-2023-1139,2023-05-27,2023-05-29,2,Second Class,Mahmoud Saad,Consumer,Egypt,Beni Suef,Nasser,Youssef Khaled,CLO-SH-709,Clothing & Apparel,Shirts,5,413.09,0.0,2065.45,1430.1,2065.45,635.35,No
EG-2023-1138,2023-05-28,2023-05-30,2,Second Class,Nelly Karim,Corporate,Egypt,Port Said,Al Sharq,Karim Salah,OFF-AR-964,Office Supplies,Art,3,57.6,0.0,172.8,122.78,172.8,50.02,No
EG-2023-1139,2023-05-28,2023-05-30,2,Second Class,Mona Abdelrahman,Home Office,Egypt,Beni Suef,Biba,Sara Amin,TEC-MA-814,Technology,Machines,5,5994.29,0.05,28472.88,20760.99,28472.88,7711.89,No
EG-2023-1140,2023-05-28,2023-05-29,1,First Class,Mohamed Henedy,Corporate,Egypt,Dakahlia,Mit Ghamr,Sara Amin,CLO-SH-624,Clothing & Apparel,Shirts,3,412.27,0.0,1236.81,875.81,1236.81,361.0,No
EG-2023-1139,2023-05-29,2023-06-01,3,Second Class,Ahmed Mekky,Home Office,Egypt,Matrouh,Marsa Matrouh,Noha Mahmoud,OFF-AR-396,Office Supplies,Art,6,58.54,0.1,316.12,225.78,316.12,90.34,No
EG-2023-1140,2023-05-29,2023-06-04,6,Standard Class,Mayan El-Sayed,Consumer,Egypt,Ismailia,Al Qantara,Mina Youssef,FUR-TA-563,Furniture,Tables,4,4055.7,0.0,16222.8,10657.79,16222.8,5565.01,No
EG-2023-1140,2023-05-30,2023-06-01,2,Second Class,Jamila Awad,Consumer,Egypt,Red Sea,Hurghada,Noha Mahmoud,HOM-BL-162,Home Appliances,Blenders,5,806.23,0.0,4031.15,2709.24,4031.15,1321.91,No
EG-2023-1141,2023-05-31,2023-06-03,3,Second Class,Eyad Nassar,Consumer,Egypt,Qalyubia,Shubra El-Kheima,Ahmed Ragab,HOM-RE-411,Home Appliances,Refrigerators,9,11179.33,0.15,85521.87,64832.54,85521.87,20689.33,No
EG-2023-1142,2023-05-31,2023-06-02,2,Second Class,Amr Diab,Consumer,Egypt,Beni Suef,Biba,Youssef Khaled,HOM-MI-348,Home Appliances,Microwaves,3,3772.67,0.15,9620.31,6701.02,9620.31,2919.29,No
EG-2023-1143,2023-05-31,2023-06-04,4,Standard Class,Ghada Abdelrazek,Corporate,Egypt,Gharbia,El Mahalla El Kubra,Youssef Khaled,FUR-FU-557,Furniture,Furnishings,6,147.91,0.0,887.46,587.24,887.46,300.22,No
EG-2023-1142,2023-06-01,2023-06-01,0,Same Day,Aya Mahmoud,Home Office,Egypt,Monufia,Sadat City,Youssef Khaled,OFF-BI-176,Office Supplies,Binders,7,76.01,0.0,532.07,376.25,532.07,155.82,No
EG-2023-1143,2023-06-01,2023-06-02,1,First Class,Sherif Anwar,Home Office,Egypt,Gharbia,Zifta,Sara Amin,SPO-SP-387,Sports & Outdoors,Sportswear,4,492.25,0.1,1772.1,1188.66,1772.1,583.44,No
EG-2023-1143,2023-06-02,2023-06-07,5,Standard Class,Mohamed Henedy,Consumer,Egypt,Giza,Sheikh Zayed,Karim Salah,OFF-ST-146,Office Supplies,Storage,1,258.81,0.0,258.81,194.57,258.81,64.24,No
EG-2023-1144,2023-06-03,2023-06-08,5,Standard Class,Mai Ezz Eldin,Consumer,Egypt,Luxor,Esna,Mina Youssef,FUR-TA-610,Furniture,Tables,9,4558.55,0.0,41026.95,27945.94,41026.95,13081.01,No
EG-2023-1145,2023-06-03,2023-06-03,0,Same Day,Mona Zaki,Home Office,Egypt,Dakahlia,Mansoura,Sara Amin,FUR-BO-559,Furniture,Bookcases,5,1832.74,0.0,9163.7,6303.9,9163.7,2859.8,No
EG-2023-1146,2023-06-03,2023-06-06,3,Second Class,Adel Emam,Corporate,Egypt,Minya,Mallawi,Sara Amin,FUR-BO-590,Furniture,Bookcases,5,1906.91,0.1,8581.09,6673.78,8581.09,1907.31,Yes
EG-2023-1145,2023-06-04,2023-06-10,6,Standard Class,Huda El-Mufti,Corporate,Egypt,South Sinai,Sharm El-Sheikh,Karim Salah,FUR-BO-843,Furniture,Bookcases,6,1927.39,0.05,10986.12,7800.36,10986.12,3185.76,No
EG-2023-1146,2023-06-04,2023-06-09,5,Standard Class,Amr Hassan,Consumer,Egypt,Aswan,Edfu,Karim Salah,CLO-SH-603,Clothing & Apparel,Shirts,2,392.05,0.0,784.1,566.98,784.1,217.12,No
EG-2023-1146,2023-06-05,2023-06-05,0,Same Day,Sherif Anwar,Home Office,Egypt,Port Said,Al Arab,Youssef Khaled,FUR-BO-783,Furniture,Bookcases,6,1842.15,0.15,9394.96,6208.65,9394.96,3186.31,No
EG-2023-1147,2023-06-05,2023-06-05,0,Same Day,Adel Emam,Consumer,Egypt,Dakahlia,Mit Ghamr,Sara Amin,SPO-SP-667,Sports & Outdoors,Sportswear,2,501.06,0.0,1002.12,744.75,1002.12,257.37,No
EG-2023-1148,2023-06-05,2023-06-05,0,Same Day,Mena Shalaby,Corporate,Egypt,Red Sea,Gouna,Amr Salah,HOM-BL-380,Home Appliances,Blenders,4,766.92,0.05,2914.3,2223.92,2914.3,690.38,No
EG-2023-1147,2023-06-06,2023-06-08,2,Second Class,Mohamed Ramadan,Corporate,Egypt,Qena,Nag Hammadi,Youssef Khaled,TEC-PH-563,Technology,Phones,5,1549.47,0.0,7747.35,5999.88,7747.35,1747.47,No
EG-2023-1148,2023-06-07,2023-06-08,1,First Class,Asma Abulyazeid,Home Office,Egypt,Cairo,Maadi,Amr Salah,CLO-SH-201,Clothing & Apparel,Shoes,4,1241.63,0.15,4221.54,2895.59,4221.54,1325.95,No
EG-2023-1149,2023-06-07,2023-06-08,1,First Class,Sahar El-Sayegh,Corporate,Egypt,Cairo,New Cairo,Sara Amin,HOM-AI-884,Home Appliances,Air Conditioners,5,14433.28,0.1,64949.76,48048.38,64949.76,16901.38,No
EG-2023-1149,2023-06-08,2023-06-12,4,Standard Class,Amir Karara,Corporate,Egypt,Damietta,Damietta City,Noha Mahmoud,OFF-AR-336,Office Supplies,Art,2,60.88,0.0,121.76,89.8,121.76,31.96,No
EG-2023-1150,2023-06-09,2023-06-10,1,First Class,Tarek Sayed,Corporate,Egypt,South Sinai,Dahab,Sara Amin,OFF-PA-138,Office Supplies,Paper,5,49.27,0.0,246.35,170.26,246.35,76.09,No
EG-2023-1151,2023-06-10,2023-06-10,0,Same Day,Ahmed Ezz,Home Office,Egypt,Giza,Dokki,Karim Salah,OFF-ST-882,Office Supplies,Storage,6,303.39,0.0,1820.34,1444.14,1820.34,376.2,No
EG-2023-1152,2023-06-10,2023-06-16,6,Standard Class,Hazem Emam,Home Office,Egypt,Cairo,New Cairo,Karim Salah,TEC-MA-432,Technology,Machines,4,5613.68,0.0,22454.72,17742.08,22454.72,4712.64,No
EG-2023-1152,2023-06-11,2023-06-17,6,Standard Class,Mohamed Ali,Corporate,Egypt,Kafr El-Sheikh,Baltim,Mina Youssef,CLO-SH-279,Clothing & Apparel,Shoes,10,1201.26,0.0,12012.6,9066.55,12012.6,2946.05,No
EG-2023-1153,2023-06-11,2023-06-17,6,Standard Class,Mena Shalaby,Home Office,Egypt,Qalyubia,Shubra El-Kheima,Amr Salah,CLO-SH-628,Clothing & Apparel,Shoes,2,1081.57,0.0,2163.14,1601.26,2163.14,561.88,No
EG-2023-1154,2023-06-11,2023-06-13,2,Second Class,Amir Karara,Home Office,Egypt,Damietta,Ras El Bar,Mina Youssef,SPO-CA-147,Sports & Outdoors,Camping Gear,3,1367.69,0.0,4103.07,2879.56,4103.07,1223.51,No
EG-2023-1153,2023-06-12,2023-06-13,1,First Class,Khaled El-Nabawy,Consumer,Egypt,Dakahlia,Mansoura,Sara Amin,OFF-BI-324,Office Supplies,Binders,6,78.36,0.0,470.16,338.59,470.16,131.57,No
EG-2023-1154,2023-06-12,2023-06-12,0,Same Day,Ahmed Mansour,Home Office,Egypt,Aswan,Aswan City,Amr Salah,OFF-AR-368,Office Supplies,Art,4,56.18,0.0,224.72,170.16,224.72,54.56,No
EG-2023-1154,2023-06-13,2023-06-19,6,Standard Class,Amina Khalil,Consumer,Egypt,Minya,Minya City,Youssef Khaled,SPO-CA-222,Sports & Outdoors,Camping Gear,5,1480.97,0.0,7404.85,5043.92,7404.85,2360.93,No
EG-2023-1155,2023-06-13,2023-06-18,5,Standard Class,Mustafa Kamal,Consumer,Egypt,Monufia,Sadat City,Noha Mahmoud,CLO-PA-754,Clothing & Apparel,Pants,6,570.84,0.05,3253.79,2116.93,3253.79,1136.86,No
EG-2023-1156,2023-06-13,2023-06-16,3,Second Class,Hassan El-Raddad,Consumer,Egypt,Port Said,Al Sharq,Youssef Khaled,TEC-AC-260,Technology,Accessories,9,329.8,0.1,2671.38,1888.32,2671.38,783.06,No
EG-2023-1155,2023-06-14,2023-06-17,3,Second Class,Mohamed Ali,Home Office,Egypt,Fayoum,Fayoum City,Amr Salah,CLO-JA-203,Clothing & Apparel,Jackets,3,1653.99,0.1,4465.77,3543.28,4465.77,922.49,No
EG-2023-1156,2023-06-14,2023-06-16,2,Second Class,Rania Moustafa,Home Office,Egypt,Monufia,Menouf,Amr Salah,HOM-MI-823,Home Appliances,Microwaves,10,3750.61,0.1,33755.49,25718.17,33755.49,8037.32,No
EG-2023-1156,2023-06-15,2023-06-21,6,Standard Class,Hend Sabry,Home Office,Egypt,Damietta,Damietta City,Mina Youssef,HOM-MI-638,Home Appliances,Microwaves,7,3675.72,0.0,25730.04,20116.83,25730.04,5613.21,No
EG-2023-1157,2023-06-15,2023-06-15,0,Same Day,Nelly Karim,Corporate,Egypt,Alexandria,Stanly,Youssef Khaled,TEC-MA-357,Technology,Machines,2,5295.54,0.0,10591.08,7277.35,10591.08,3313.73,No
EG-2023-1157,2023-06-16,2023-06-17,1,First Class,Zainab Soliman,Home Office,Egypt,Port Said,Al Sharq,Mina Youssef,FUR-FU-648,Furniture,Furnishings,10,152.63,0.05,1449.98,1037.73,1449.98,412.25,No
EG-2023-1158,2023-06-18,2023-06-20,2,Second Class,Mahmoud Saad,Corporate,Egypt,Luxor,Luxor City,Ahmed Ragab,OFF-AR-294,Office Supplies,Art,8,58.92,0.05,447.79,334.66,447.79,113.13,No
EG-2023-1159,2023-06-18,2023-06-18,0,Same Day,Rania Moustafa,Consumer,Egypt,Gharbia,Tanta,Noha Mahmoud,FUR-TA-924,Furniture,Tables,2,4319.99,0.0,8639.98,5642.14,8639.98,2997.84,No
EG-2023-1159,2023-06-19,2023-06-22,3,Second Class,Wael Jassar,Home Office,Egypt,Red Sea,Hurghada,Ahmed Ragab,TEC-PH-797,Technology,Phones,1,1448.61,0.0,1448.61,965.24,1448.61,483.37,No
EG-2023-1160,2023-06-19,2023-06-22,3,Second Class,Sherif Anwar,Consumer,Egypt,Fayoum,Tamiya,Amr Salah,SPO-CA-441,Sports & Outdoors,Camping Gear,9,1534.14,0.0,13807.26,10765.73,13807.26,3041.53,No
EG-2023-1160,2023-06-20,2023-06-25,5,Standard Class,Mayan El-Sayed,Corporate,Egypt,Kafr El-Sheikh,Desouk,Noha Mahmoud,TEC-PH-739,Technology,Phones,3,1459.68,0.05,4160.09,2711.08,4160.09,1449.01,Yes
EG-2023-1161,2023-06-20,2023-06-23,3,Second Class,Mohamed Ramadan,Home Office,Egypt,Beni Suef,Beni Suef City,Karim Salah,HOM-BL-818,Home Appliances,Blenders,4,842.78,0.05,3202.56,2240.21,3202.56,962.35,No
EG-2023-1162,2023-06-20,2023-06-24,4,Standard Class,Dina El-Sherbiny,Corporate,Egypt,Sharqia,10th of Ramadan,Amr Salah,OFF-ST-504,Office Supplies,Storage,3,293.11,0.05,835.36,659.84,835.36,175.52,No
EG-2023-1161,2023-06-21,2023-06-21,0,Same Day,Dina El-Sherbiny,Corporate,Egypt,Monufia,Shibin El Kom,Amr Salah,HOM-AI-716,Home Appliances,Air Conditioners,5,14816.73,0.1,66675.29,48228.98,66675.29,18446.31,No
EG-2023-1162,2023-06-21,2023-06-23,2,Second Class,Mahmoud Saad,Consumer,Egypt,Damietta,New Damietta,Amr Salah,SPO-FI-657,Sports & Outdoors,Fitness Equipment,2,2903.17,0.15,4935.39,3353.18,4935.39,1582.21,No
EG-2023-1162,2023-06-22,2023-06-22,0,Same Day,Hassan El-Raddad,Corporate,Egypt,Kafr El-Sheikh,Desouk,Karim Salah,CLO-JA-228,Clothing & Apparel,Jackets,1,1708.41,0.1,1537.57,1193.67,1537.57,343.9,No
EG-2023-1163,2023-06-23,2023-06-27,4,Standard Class,Maged El-Kedwany,Corporate,Egypt,Ismailia,Fayed,Noha Mahmoud,TEC-MA-576,Technology,Machines,6,5106.35,0.0,30638.1,21388.96,30638.1,9249.14,No
EG-2023-1164,2023-06-23,2023-06-24,1,First Class,Eyad Nassar,Consumer,Egypt,Suez,Attaka,Noha Mahmoud,OFF-ST-196,Office Supplies,Storage,4,275.02,0.1,990.07,692.71,990.07,297.36,No
EG-2023-1164,2023-06-24,2023-06-27,3,Second Class,Mahmoud Saad,Corporate,Egypt,Aswan,Kom Ombo,Noha Mahmoud,HOM-MI-693,Home Appliances,Microwaves,3,3329.5,0.0,9988.5,7852.32,9988.5,2136.18,No
EG-2023-1165,2023-06-24,2023-06-24,0,Same Day,Mena Shalaby,Home Office,Egypt,Sohag,Tahta,Amr Salah,SPO-BI-720,Sports & Outdoors,Bicycles,1,4799.69,0.1,4319.72,2873.67,4319.72,1446.05,No
EG-2023-1165,2023-06-25,2023-06-28,3,Second Class,Mustafa Kamal,Consumer,Egypt,Monufia,Shibin El Kom,Mina Youssef,TEC-CO-517,Technology,Copiers,10,5234.73,0.1,47112.57,36067.13,47112.57,11045.44,No
EG-2023-1166,2023-06-25,2023-06-30,5,Standard Class,Sahar El-Sayegh,Home Office,Egypt,Sohag,Sohag City,Youssef Khaled,FUR-CH-322,Furniture,Chairs,6,874.15,0.1,4720.41,3612.35,4720.41,1108.06,No
EG-2023-1166,2023-06-26,2023-06-29,3,Second Class,Omar Sherif,Corporate,Egypt,Sharqia,Zagazig,Noha Mahmoud,FUR-CH-855,Furniture,Chairs,2,886.74,0.0,1773.48,1163.64,1773.48,609.84,No
EG-2023-1167,2023-06-26,2023-07-02,6,Standard Class,Zainab Soliman,Consumer,Egypt,Damietta,Ras El Bar,Karim Salah,FUR-FU-801,Furniture,Furnishings,6,137.21,0.0,823.26,607.73,823.26,215.53,No
EG-2023-1167,2023-06-27,2023-06-28,1,First Class,Rania Moustafa,Consumer,Egypt,Alexandria,Stanly,Amr Salah,CLO-SH-250,Clothing & Apparel,Shoes,10,1147.89,0.0,11478.9,8855.64,11478.9,2623.26,No
EG-2023-1168,2023-06-28,2023-07-04,6,Standard Class,Mohamed Ramadan,Corporate,Egypt,Qalyubia,Banha,Karim Salah,CLO-PA-486,Clothing & Apparel,Pants,1,557.74,0.0,557.74,388.24,557.74,169.5,No
EG-2023-1169,2023-06-29,2023-06-30,1,First Class,Sherif Anwar,Corporate,Egypt,New Valley,Dakhla,Youssef Khaled,CLO-SH-177,Clothing & Apparel,Shoes,3,1254.33,0.05,3574.84,2510.56,3574.84,1064.28,No
EG-2023-1170,2023-06-30,2023-07-04,4,Standard Class,Reem Moustafa,Consumer,Egypt,Gharbia,El Mahalla El Kubra,Karim Salah,TEC-PH-634,Technology,Phones,1,1397.8,0.0,1397.8,935.54,1397.8,462.26,No
EG-2023-1171,2023-07-01,2023-07-03,2,Second Class,Mohamed Ali,Consumer,Egypt,Beni Suef,Nasser,Amr Salah,OFF-AR-667,Office Supplies,Art,6,59.62,0.0,357.72,261.02,357.72,96.7,No
EG-2023-1172,2023-07-02,2023-07-08,6,Standard Class,Mohamed Henedy,Home Office,Egypt,Giza,6th of October,Mina Youssef,CLO-PA-949,Clothing & Apparel,Pants,9,552.72,0.15,4228.31,2969.49,4228.31,1258.82,No
EG-2023-1173,2023-07-02,2023-07-06,4,Standard Class,Tamer Hosny,Corporate,Egypt,Cairo,New Cairo,Noha Mahmoud,TEC-AC-277,Technology,Accessories,4,375.87,0.0,1503.48,1024.06,1503.48,479.42,No
EG-2023-1173,2023-07-03,2023-07-08,5,Standard Class,Wael Jassar,Corporate,Egypt,Matrouh,Siwa,Amr Salah,TEC-CO-293,Technology,Copiers,9,4549.51,0.0,40945.59,29118.93,40945.59,11826.66,No
EG-2023-1174,2023-07-03,2023-07-04,1,First Class,Amir Karara,Consumer,Egypt,Gharbia,Tanta,Karim Salah,CLO-JA-691,Clothing & Apparel,Jackets,1,1642.14,0.05,1560.03,1064.22,1560.03,495.81,No
EG-2023-1174,2023-07-04,2023-07-10,6,Standard Class,Adel Emam,Consumer,Egypt,Giza,Dokki,Sara Amin,HOM-MI-183,Home Appliances,Microwaves,8,3561.5,0.1,25642.8,20472.22,25642.8,5170.58,No
EG-2023-1175,2023-07-05,2023-07-08,3,Second Class,Wael Jassar,Home Office,Egypt,Dakahlia,Mansoura,Noha Mahmoud,HOM-AI-638,Home Appliances,Air Conditioners,2,15246.48,0.0,30492.96,24291.86,30492.96,6201.1,No
EG-2023-1176,2023-07-05,2023-07-05,0,Same Day,Farouk El-Fishawy,Home Office,Egypt,Damietta,Damietta City,Noha Mahmoud,FUR-CH-234,Furniture,Chairs,3,875.82,0.05,2496.09,1667.25,2496.09,828.84,No
EG-2023-1177,2023-07-05,2023-07-09,4,Standard Class,Tamer Hosny,Corporate,Egypt,Gharbia,Tanta,Mina Youssef,HOM-RE-965,Home Appliances,Refrigerators,9,11647.2,0.0,104824.8,74200.19,104824.8,30624.61,No
EG-2023-1176,2023-07-07,2023-07-13,6,Standard Class,Mohamed Henedy,Consumer,Egypt,Sohag,Akhmim,Karim Salah,FUR-CH-247,Furniture,Chairs,1,873.86,0.0,873.86,620.48,873.86,253.38,No
EG-2023-1177,2023-07-07,2023-07-10,3,Second Class,Mohamed Ali,Corporate,Egypt,Gharbia,Tanta,Mina Youssef,FUR-CH-351,Furniture,Chairs,9,912.24,0.1,7389.14,5312.25,7389.14,2076.89,No
EG-2023-1177,2023-07-08,2023-07-10,2,Second Class,Eyad Nassar,Corporate,Egypt,Kafr El-Sheikh,Baltim,Noha Mahmoud,OFF-AR-348,Office Supplies,Art,7,65.27,0.0,456.89,340.05,456.89,116.84,No
EG-2023-1178,2023-07-08,2023-07-14,6,Standard Class,Ahmed Mansour,Consumer,Egypt,Asyut,Dairut,Amr Salah,OFF-ST-530,Office Supplies,Storage,8,288.59,0.05,2193.28,1472.95,2193.28,720.33,No
EG-2023-1178,2023-07-09,2023-07-13,4,Standard Class,Hany Ramzy,Home Office,Egypt,Port Said,Port Fouad,Noha Mahmoud,OFF-PA-210,Office Supplies,Paper,6,48.75,0.0,292.5,233.12,292.5,59.38,No
EG-2023-1179,2023-07-09,2023-07-15,6,Standard Class,Mohamed Henedy,Consumer,Egypt,Qena,Nag Hammadi,Youssef Khaled,SPO-FI-612,Sports & Outdoors,Fitness Equipment,2,3070.32,0.0,6140.64,4764.08,6140.64,1376.56,No
EG-2023-1180,2023-07-09,2023-07-14,5,Standard Class,Dina El-Sherbiny,Corporate,Egypt,Qena,Nag Hammadi,Sara Amin,OFF-ST-176,Office Supplies,Storage,3,307.48,0.0,922.44,702.96,922.44,219.48,No
EG-2023-1179,2023-07-10,2023-07-14,4,Standard Class,Asma Abulyazeid,Consumer,Egypt,Kafr El-Sheikh,Kafr El-Sheikh City,Youssef Khaled,CLO-SH-683,Clothing & Apparel,Shirts,10,369.04,0.0,3690.4,2629.17,3690.4,1061.23,No
EG-2023-1180,2023-07-11,2023-07-15,4,Standard Class,Mahmoud Yassin,Corporate,Egypt,Gharbia,Zifta,Mina Youssef,HOM-RE-709,Home Appliances,Refrigerators,8,11923.46,0.0,95387.68,69129.95,95387.68,26257.73,No
EG-2023-1181,2023-07-11,2023-07-17,6,Standard Class,Amr Hassan,Corporate,Egypt,Beni Suef,Beni Suef City,Karim Salah,SPO-SP-215,Sports & Outdoors,Sportswear,4,495.15,0.0,1980.6,1377.67,1980.6,602.93,No
EG-2023-1181,2023-07-12,2023-07-16,4,Standard Class,Mohamed Ramadan,Home Office,Egypt,Qena,Abu Tesht,Karim Salah,OFF-ST-994,Office Supplies,Storage,5,305.6,0.0,1528.0,1194.99,1528.0,333.01,Yes
EG-2023-1182,2023-07-13,2023-07-15,2,Second Class,Farouk El-Fishawy,Consumer,Egypt,Asyut,Fateh,Noha Mahmoud,OFF-BI-307,Office Supplies,Binders,9,81.26,0.15,621.64,424.44,621.64,197.2,No
EG-2023-1183,2023-07-14,2023-07-15,1,First Class,Sherif Anwar,Consumer,Egypt,Port Said,Port Fouad,Youssef Khaled,CLO-JA-905,Clothing & Apparel,Jackets,5,1704.5,0.05,8096.38,5450.69,8096.38,2645.69,No
EG-2023-1184,2023-07-15,2023-07-19,4,Standard Class,Omar Sherif,Consumer,Egypt,Ismailia,Fayed,Mina Youssef,FUR-CH-486,Furniture,Chairs,6,841.74,0.0,5050.44,3294.62,5050.44,1755.82,No
EG-2023-1185,2023-07-15,2023-07-17,2,Second Class,Huda El-Mufti,Home Office,Egypt,Monufia,Sadat City,Karim Salah,TEC-PH-786,Technology,Phones,10,1479.2,0.15,12573.2,9595.94,12573.2,2977.26,No
EG-2023-1185,2023-07-16,2023-07-20,4,Standard Class,Amr Diab,Corporate,Egypt,Giza,Dokki,Karim Salah,TEC-AC-816,Technology,Accessories,9,325.24,0.0,2927.16,1904.64,2927.16,1022.52,No
EG-2023-1186,2023-07-17,2023-07-20,3,Second Class,Mena Shalaby,Consumer,Egypt,Cairo,Nasr City,Mina Youssef,FUR-CH-263,Furniture,Chairs,10,816.61,0.0,8166.1,6308.93,8166.1,1857.17,No
EG-2023-1187,2023-07-18,2023-07-22,4,Standard Class,Ahmed Helmy,Home Office,Egypt,South Sinai,Sharm El-Sheikh,Youssef Khaled,FUR-CH-996,Furniture,Chairs,7,785.62,0.0,5499.34,3964.74,5499.34,1534.6,No
EG-2023-1188,2023-07-18,2023-07-22,4,Standard Class,Hany Ramzy,Consumer,Egypt,New Valley,Dakhla,Amr Salah,TEC-PH-574,Technology,Phones,7,1421.81,0.0,9952.67,6558.75,9952.67,3393.92,No
EG-2023-1188,2023-07-19,2023-07-24,5,Standard Class,Adel Emam,Consumer,Egypt,Luxor,Esna,Ahmed Ragab,HOM-MI-158,Home Appliances,Microwaves,5,3211.18,0.05,15253.1,10947.42,15253.1,4305.68,No
EG-2023-1189,2023-07-21,2023-07-25,4,Standard Class,Mona Abdelrahman,Home Office,Egypt,New Valley,Kharga,Noha Mahmoud,SPO-CA-141,Sports & Outdoors,Camping Gear,9,1638.1,0.1,13268.61,9642.42,13268.61,3626.19,No
EG-2023-1190,2023-07-22,2023-07-25,3,Second Class,Nelly Karim,Consumer,Egypt,Beni Suef,Biba,Sara Amin,HOM-RE-713,Home Appliances,Refrigerators,8,12434.86,0.15,84557.05,60936.99,84557.05,23620.06,Yes
EG-2023-1191,2023-07-22,2023-07-24,2,Second Class,Dina El-Sherbiny,Home Office,Egypt,South Sinai,Nuweiha,Youssef Khaled,SPO-BI-532,Sports & Outdoors,Bicycles,3,4746.74,0.15,12104.19,9094.02,12104.19,3010.17,No
EG-2023-1191,2023-07-23,2023-07-28,5,Standard Class,Fatma Ibrahim,Consumer,Egypt,Beheira,Damanhour,Noha Mahmoud,CLO-SH-833,Clothing & Apparel,Shirts,10,417.94,0.05,3970.43,2644.88,3970.43,1325.55,No
EG-2023-1192,2023-07-23,2023-07-28,5,Standard Class,Hazem Emam,Consumer,Egypt,Beheira,Damanhour,Karim Salah,HOM-RE-960,Home Appliances,Refrigerators,9,11290.43,0.0,101613.87,79558.91,101613.87,22054.96,No
EG-2023-1193,2023-07-23,2023-07-26,3,Second Class,Dina El-Sherbiny,Consumer,Egypt,North Sinai,Rafah,Mina Youssef,CLO-SH-886,Clothing & Apparel,Shirts,7,365.45,0.05,2430.24,1931.03,2430.24,499.21,No
EG-2023-1192,2023-07-24,2023-07-26,2,Second Class,Reem Moustafa,Home Office,Egypt,Fayoum,Tamiya,Mina Youssef,SPO-FI-904,Sports & Outdoors,Fitness Equipment,10,3170.75,0.15,26951.38,20042.61,26951.38,6908.77,No
EG-2023-1193,2023-07-24,2023-07-30,6,Standard Class,Hazem Emam,Corporate,Egypt,Fayoum,Tamiya,Sara Amin,HOM-RE-993,Home Appliances,Refrigerators,5,11289.01,0.0,56445.05,37676.01,56445.05,18769.04,No
EG-2023-1193,2023-07-25,2023-07-28,3,Second Class,Eyad Nassar,Consumer,Egypt,Red Sea,Gouna,Amr Salah,SPO-FI-449,Sports & Outdoors,Fitness Equipment,6,3241.25,0.0,19447.5,12788.92,19447.5,6658.58,No
EG-2023-1194,2023-07-25,2023-07-30,5,Standard Class,Hassan El-Raddad,Consumer,Egypt,Luxor,Luxor City,Youssef Khaled,HOM-MI-807,Home Appliances,Microwaves,1,3415.07,0.0,3415.07,2305.58,3415.07,1109.49,No
EG-2023-1194,2023-07-26,2023-08-01,6,Standard Class,Hany Ramzy,Consumer,Egypt,Dakahlia,Mit Ghamr,Mina Youssef,OFF-AR-467,Office Supplies,Art,6,56.44,0.0,338.64,231.39,338.64,107.25,No
EG-2023-1195,2023-07-26,2023-07-26,0,Same Day,Mona Abdelrahman,Consumer,Egypt,Port Said,Al Sharq,Amr Salah,CLO-JA-548,Clothing & Apparel,Jackets,9,1760.91,0.1,14263.37,10915.44,14263.37,3347.93,No
EG-2023-1195,2023-07-27,2023-07-30,3,Second Class,Farouk El-Fishawy,Home Office,Egypt,Beni Suef,Beni Suef City,Noha Mahmoud,OFF-ST-993,Office Supplies,Storage,10,258.38,0.15,2196.23,1703.72,2196.23,492.51,No
EG-2023-1196,2023-07-27,2023-07-28,1,First Class,Asma Abulyazeid,Home Office,Egypt,Dakahlia,Talkha,Noha Mahmoud,TEC-AC-637,Technology,Accessories,4,323.96,0.15,1101.46,787.76,1101.46,313.7,No
EG-2023-1196,2023-07-28,2023-08-02,5,Standard Class,Khaled El-Nabawy,Consumer,Egypt,Port Said,Al Sharq,Amr Salah,SPO-SP-213,Sports & Outdoors,Sportswear,10,534.15,0.0,5341.5,3827.56,5341.5,1513.94,No
EG-2023-1197,2023-07-28,2023-08-03,6,Standard Class,Ahmed Mekky,Corporate,Egypt,Port Said,Port Fouad,Sara Amin,SPO-SP-710,Sports & Outdoors,Sportswear,8,467.4,0.0,3739.2,2489.56,3739.2,1249.64,No
EG-2023-1198,2023-07-28,2023-08-02,5,Standard Class,Mahmoud Yassin,Home Office,Egypt,New Valley,Kharga,Amr Salah,CLO-PA-830,Clothing & Apparel,Pants,10,649.45,0.1,5845.05,3995.82,5845.05,1849.23,No
EG-2023-1197,2023-07-29,2023-08-03,5,Standard Class,Hany Ramzy,Home Office,Egypt,Damietta,New Damietta,Ahmed Ragab,OFF-BI-421,Office Supplies,Binders,4,83.9,0.05,318.82,219.43,318.82,99.39,No
EG-2023-1198,2023-07-29,2023-08-02,4,Standard Class,Tamer Hosny,Corporate,Egypt,Giza,6th of October,Ahmed Ragab,OFF-AR-439,Office Supplies,Art,7,62.72,0.15,373.18,264.24,373.18,108.94,No
EG-2023-1199,2023-07-29,2023-07-31,2,Second Class,Hazem Emam,Consumer,Egypt,New Valley,Dakhla,Karim Salah,CLO-JA-784,Clothing & Apparel,Jackets,4,1704.1,0.05,6475.58,5180.22,6475.58,1295.36,No
EG-2023-1198,2023-07-30,2023-07-30,0,Same Day,Hazem Emam,Home Office,Egypt,South Sinai,Dahab,Noha Mahmoud,TEC-CO-288,Technology,Copiers,10,4845.72,0.15,41188.62,29393.42,41188.62,11795.2,No
EG-2023-1199,2023-07-30,2023-08-05,6,Standard Class,Asmaa Galal,Consumer,Egypt,Ismailia,Fayed,Ahmed Ragab,CLO-SH-838,Clothing & Apparel,Shirts,2,433.29,0.0,866.58,568.9,866.58,297.68,No
EG-2023-1199,2023-07-31,2023-08-04,4,Standard Class,Amir Karara,Consumer,Egypt,Luxor,Esna,Karim Salah,TEC-AC-153,Technology,Accessories,4,357.12,0.05,1357.06,903.94,1357.06,453.12,No
EG-2023-1200,2023-08-01,2023-08-02,1,First Class,Yasmine Sabri,Consumer,Egypt,Matrouh,Siwa,Karim Salah,TEC-MA-812,Technology,Machines,2,5674.51,0.0,11349.02,8942.89,11349.02,2406.13,No
EG-2023-1201,2023-08-01,2023-08-01,0,Same Day,Tarek Sayed,Consumer,Egypt,Asyut,Dairut,Ahmed Ragab,HOM-AI-845,Home Appliances,Air Conditioners,4,17428.23,0.15,59255.98,43379.09,59255.98,15876.89,No
EG-2023-1202,2023-08-01,2023-08-06,5,Standard Class,Zainab Soliman,Home Office,Egypt,Monufia,Sadat City,Noha Mahmoud,HOM-AI-299,Home Appliances,Air Conditioners,7,15754.9,0.0,110284.3,72080.43,110284.3,38203.87,No
EG-2023-1201,2023-08-02,2023-08-07,5,Standard Class,Wael Jassar,Home Office,Egypt,Damietta,New Damietta,Mina Youssef,FUR-TA-515,Furniture,Tables,1,4949.84,0.15,4207.36,2779.45,4207.36,1427.91,No
EG-2023-1202,2023-08-02,2023-08-06,4,Standard Class,Mai Ezz Eldin,Consumer,Egypt,Cairo,Maadi,Noha Mahmoud,TEC-CO-687,Technology,Copiers,10,5479.9,0.0,54799.0,39409.97,54799.0,15389.03,Yes
EG-2023-1203,2023-08-02,2023-08-04,2,Second Class,Mona Abdelrahman,Consumer,Egypt,Qalyubia,Khanka,Sara Amin,OFF-ST-499,Office Supplies,Storage,3,276.41,0.15,704.85,552.56,704.85,152.29,No
EG-2023-1202,2023-08-03,2023-08-07,4,Standard Class,Eyad Nassar,Home Office,Egypt,Minya,Samalut,Noha Mahmoud,SPO-FI-687,Sports & Outdoors,Fitness Equipment,10,2767.3,0.05,26289.35,20315.38,26289.35,5973.97,No
EG-2023-1203,2023-08-03,2023-08-03,0,Same Day,Karim Mahmoud,Corporate,Egypt,Sharqia,Belbeis,Mina Youssef,CLO-PA-167,Clothing & Apparel,Pants,3,623.75,0.1,1684.13,1267.67,1684.13,416.46,No
EG-2023-1203,2023-08-04,2023-08-06,2,Second Class,Ahmed Helmy,Consumer,Egypt,Beheira,Damanhour,Youssef Khaled,OFF-AR-327,Office Supplies,Art,10,54.17,0.05,514.61,372.3,514.61,142.31,No
EG-2023-1204,2023-08-04,2023-08-10,6,Standard Class,Nour El-Din,Consumer,Egypt,Kafr El-Sheikh,Kafr El-Sheikh City,Amr Salah,TEC-PH-466,Technology,Phones,1,1400.47,0.0,1400.47,940.62,1400.47,459.85,No
EG-2023-1204,2023-08-05,2023-08-07,2,Second Class,Tarek Sayed,Home Office,Egypt,South Sinai,Nuweiha,Noha Mahmoud,HOM-RE-995,Home Appliances,Refrigerators,10,11460.47,0.05,108874.46,77022.43,108874.46,31852.03,No
EG-2023-1205,2023-08-05,2023-08-06,1,First Class,Amr Hassan,Home Office,Egypt,Sohag,Sohag City,Noha Mahmoud,TEC-AC-831,Technology,Accessories,4,357.21,0.0,1428.84,1000.79,1428.84,428.05,No
EG-2023-1206,2023-08-05,2023-08-05,0,Same Day,Mai Ezz Eldin,Consumer,Egypt,Beheira,Damanhour,Karim Salah,TEC-AC-319,Technology,Accessories,6,363.28,0.0,2179.68,1550.77,2179.68,628.91,No
EG-2023-1205,2023-08-07,2023-08-07,0,Same Day,Mai Ezz Eldin,Home Office,Egypt,Qalyubia,Khanka,Mina Youssef,OFF-AR-297,Office Supplies,Art,4,64.84,0.05,246.39,181.31,246.39,65.08,No
EG-2023-1206,2023-08-07,2023-08-11,4,Standard Class,Tamer Hosny,Home Office,Egypt,Gharbia,Zifta,Karim Salah,SPO-CA-305,Sports & Outdoors,Camping Gear,10,1409.44,0.0,14094.4,11171.28,14094.4,2923.12,No
EG-2023-1207,2023-08-07,2023-08-13,6,Standard Class,Ghada Abdelrazek,Consumer,Egypt,Aswan,Aswan City,Ahmed Ragab,TEC-CO-918,Technology,Copiers,6,4730.58,0.1,25545.13,17694.98,25545.13,7850.15,No
EG-2023-1206,2023-08-08,2023-08-08,0,Same Day,Sahar El-Sayegh,Consumer,Egypt,Fayoum,Tamiya,Noha Mahmoud,CLO-SH-857,Clothing & Apparel,Shoes,2,1306.86,0.0,2613.72,1855.03,2613.72,758.69,No
EG-2023-1207,2023-08-09,2023-08-15,6,Standard Class,Farouk El-Fishawy,Home Office,Egypt,Asyut,Dairut,Karim Salah,CLO-SH-846,Clothing & Apparel,Shirts,1,438.23,0.05,416.32,293.1,416.32,123.22,No
EG-2023-1208,2023-08-10,2023-08-16,6,Standard Class,Yasmine Sabri,Home Office,Egypt,Fayoum,Sinnuris,Sara Amin,OFF-BI-460,Office Supplies,Binders,10,82.34,0.05,782.23,601.58,782.23,180.65,No
EG-2023-1209,2023-08-11,2023-08-12,1,First Class,Mona Zaki,Corporate,Egypt,Monufia,Shibin El Kom,Youssef Khaled,OFF-ST-486,Office Supplies,Storage,8,262.42,0.15,1784.46,1367.45,1784.46,417.01,No
EG-2023-1210,2023-08-12,2023-08-13,1,First Class,Karim Abdelaziz,Consumer,Egypt,New Valley,Kharga,Noha Mahmoud,FUR-CH-341,Furniture,Chairs,7,918.07,0.0,6426.49,5008.41,6426.49,1418.08,No
EG-2023-1211,2023-08-12,2023-08-18,6,Standard Class,Maged El-Kedwany,Home Office,Egypt,Ismailia,Al Qantara,Mina Youssef,TEC-CO-651,Technology,Copiers,8,4678.48,0.0,37427.84,25385.24,37427.84,12042.6,No
EG-2023-1212,2023-08-12,2023-08-16,4,Standard Class,Aya Mahmoud,Corporate,Egypt,Asyut,Dairut,Noha Mahmoud,CLO-SH-235,Clothing & Apparel,Shirts,1,417.91,0.0,417.91,314.08,417.91,103.83,No
EG-2023-1211,2023-08-13,2023-08-19,6,Standard Class,Mohamed Ramadan,Corporate,Egypt,Aswan,Aswan City,Mina Youssef,FUR-FU-705,Furniture,Furnishings,7,148.49,0.0,1039.43,752.22,1039.43,287.21,No
EG-2023-1212,2023-08-13,2023-08-14,1,First Class,Huda El-Mufti,Home Office,Egypt,Luxor,Luxor City,Mina Youssef,OFF-AR-472,Office Supplies,Art,8,56.68,0.05,430.77,303.18,430.77,127.59,No
EG-2023-1212,2023-08-14,2023-08-15,1,First Class,Farouk El-Fishawy,Consumer,Egypt,New Valley,Dakhla,Karim Salah,HOM-RE-296,Home Appliances,Refrigerators,2,11535.94,0.1,20764.69,13940.19,20764.69,6824.5,No
EG-2023-1213,2023-08-15,2023-08-17,2,Second Class,Hazem Emam,Home Office,Egypt,Suez,Suez City,Mina Youssef,TEC-MA-746,Technology,Machines,6,5518.18,0.05,31453.63,22892.42,31453.63,8561.21,No
EG-2023-1214,2023-08-16,2023-08-18,2,Second Class,Mayan El-Sayed,Corporate,Egypt,South Sinai,Nuweiha,Youssef Khaled,OFF-BI-523,Office Supplies,Binders,9,79.58,0.0,716.22,545.42,716.22,170.8,No
EG-2023-1215,2023-08-17,2023-08-22,5,Standard Class,Youssef Hussein,Consumer,Egypt,Alexandria,Stanly,Amr Salah,OFF-BI-444,Office Supplies,Binders,7,74.27,0.15,441.91,329.39,441.91,112.52,No
EG-2023-1216,2023-08-18,2023-08-21,3,Second Class,Ahmed Mansour,Home Office,Egypt,Red Sea,Hurghada,Ahmed Ragab,FUR-TA-605,Furniture,Tables,8,4897.56,0.0,39180.48,29264.57,39180.48,9915.91,No
EG-2023-1217,2023-08-18,2023-08-24,6,Standard Class,Hazem Emam,Consumer,Egypt,Gharbia,Zifta,Sara Amin,FUR-CH-832,Furniture,Chairs,1,927.86,0.0,927.86,685.77,927.86,242.09,No
EG-2023-1218,2023-08-18,2023-08-20,2,Second Class,Reem Moustafa,Home Office,Egypt,Minya,Minya City,Noha Mahmoud,TEC-CO-200,Technology,Copiers,9,5203.85,0.0,46834.65,32356.16,46834.65,14478.49,No
EG-2023-1217,2023-08-19,2023-08-22,3,Second Class,Mahmoud Saad,Consumer,Egypt,Alexandria,Miami,Sara Amin,SPO-CA-872,Sports & Outdoors,Camping Gear,10,1461.17,0.05,13881.12,10384.86,13881.12,3496.26,No
EG-2023-1218,2023-08-19,2023-08-25,6,Standard Class,Hend Sabry,Home Office,Egypt,Minya,Minya City,Sara Amin,CLO-SH-754,Clothing & Apparel,Shirts,4,436.03,0.05,1656.91,1308.41,1656.91,348.5,No
EG-2023-1218,2023-08-20,2023-08-24,4,Standard Class,Yasmine Sabri,Corporate,Egypt,Qalyubia,Shubra El-Kheima,Ahmed Ragab,HOM-BL-140,Home Appliances,Blenders,10,802.35,0.05,7622.32,5732.12,7622.32,1890.2,No
EG-2023-1219,2023-08-21,2023-08-27,6,Standard Class,Tara Emad,Home Office,Egypt,Suez,Arbaeen,Ahmed Ragab,HOM-AI-180,Home Appliances,Air Conditioners,9,14938.59,0.05,127724.94,101281.76,127724.94,26443.18,No
EG-2023-1220,2023-08-22,2023-08-27,5,Standard Class,Youssef Hussein,Home Office,Egypt,Aswan,Aswan City,Mina Youssef,SPO-SP-119,Sports & Outdoors,Sportswear,2,452.07,0.0,904.14,604.16,904.14,299.98,No
EG-2023-1221,2023-08-22,2023-08-22,0,Same Day,Mena Shalaby,Corporate,Egypt,Beheira,Damanhour,Noha Mahmoud,SPO-SP-282,Sports & Outdoors,Sportswear,9,474.9,0.15,3632.99,2692.39,3632.99,940.6,No
EG-2023-1221,2023-08-23,2023-08-25,2,Second Class,Hany Ramzy,Consumer,Egypt,Qena,Abu Tesht,Noha Mahmoud,FUR-TA-167,Furniture,Tables,10,4834.42,0.0,48344.2,35296.8,48344.2,13047.4,No
EG-2023-1222,2023-08-23,2023-08-24,1,First Class,Sahar El-Sayegh,Consumer,Egypt,Minya,Samalut,Ahmed Ragab,CLO-JA-460,Clothing & Apparel,Jackets,3,1831.67,0.0,5495.01,3753.21,5495.01,1741.8,No
EG-2023-1222,2023-08-24,2023-08-30,6,Standard Class,Mahmoud Yassin,Consumer,Egypt,Beni Suef,Biba,Karim Salah,SPO-BI-130,Sports & Outdoors,Bicycles,1,4292.49,0.0,4292.49,3066.74,4292.49,1225.75,No
EG-2023-1223,2023-08-24,2023-08-25,1,First Class,Ahmed Ezz,Corporate,Egypt,North Sinai,Sheikh Zuweid,Ahmed Ragab,FUR-BO-607,Furniture,Bookcases,4,2177.8,0.0,8711.2,6693.44,8711.2,2017.76,No
EG-2023-1223,2023-08-25,2023-08-28,3,Second Class,Aya Mahmoud,Corporate,Egypt,Kafr El-Sheikh,Kafr El-Sheikh City,Sara Amin,SPO-BI-891,Sports & Outdoors,Bicycles,4,4895.7,0.15,16645.38,11416.25,16645.38,5229.13,No
EG-2023-1224,2023-08-25,2023-08-27,2,Second Class,Youssef Hussein,Home Office,Egypt,Dakahlia,Mit Ghamr,Ahmed Ragab,OFF-BI-294,Office Supplies,Binders,3,72.87,0.0,218.61,157.14,218.61,61.47,No
EG-2023-1224,2023-08-26,2023-08-26,0,Same Day,Hassan El-Raddad,Home Office,Egypt,Aswan,Aswan City,Mina Youssef,TEC-AC-724,Technology,Accessories,1,319.32,0.0,319.32,238.06,319.32,81.26,No
EG-2023-1225,2023-08-26,2023-08-30,4,Standard Class,Amina Khalil,Corporate,Egypt,Dakahlia,Mit Ghamr,Youssef Khaled,CLO-SH-736,Clothing & Apparel,Shoes,3,1258.56,0.0,3775.68,2785.57,3775.68,990.11,No
EG-2023-1226,2023-08-26,2023-08-28,2,Second Class,Huda El-Mufti,Corporate,Egypt,Minya,Samalut,Youssef Khaled,HOM-MI-700,Home Appliances,Microwaves,5,3404.94,0.0,17024.7,12911.15,17024.7,4113.55,No
EG-2023-1225,2023-08-27,2023-08-28,1,First Class,Ahmed Ezz,Corporate,Egypt,Sohag,Sohag City,Ahmed Ragab,CLO-PA-504,Clothing & Apparel,Pants,4,551.32,0.05,2095.02,1569.97,2095.02,525.05,No
EG-2023-1226,2023-08-27,2023-09-02,6,Standard Class,Mohamed Henedy,Home Office,Egypt,Monufia,Shibin El Kom,Mina Youssef,FUR-BO-833,Furniture,Bookcases,3,2027.24,0.15,5169.46,3550.92,5169.46,1618.54,No
EG-2023-1226,2023-08-28,2023-08-30,2,Second Class,Farouk El-Fishawy,Consumer,Egypt,Matrouh,Alamein,Ahmed Ragab,OFF-ST-579,Office Supplies,Storage,9,276.16,0.0,2485.44,1798.98,2485.44,686.46,No
EG-2023-1227,2023-08-28,2023-08-30,2,Second Class,Mayan El-Sayed,Consumer,Egypt,Kafr El-Sheikh,Kafr El-Sheikh City,Amr Salah,CLO-JA-664,Clothing & Apparel,Jackets,2,1645.47,0.0,3290.94,2247.82,3290.94,1043.12,Yes
EG-2023-1228,2023-08-28,2023-09-01,4,Standard Class,Mohamed Ali,Home Office,Egypt,Giza,Sheikh Zayed,Sara Amin,OFF-AR-293,Office Supplies,Art,7,62.63,0.0,438.41,306.29,438.41,132.12,No
EG-2023-1227,2023-08-29,2023-08-29,0,Same Day,Khaled El-Nabawy,Home Office,Egypt,Sharqia,Belbeis,Karim Salah,FUR-CH-211,Furniture,Chairs,7,879.83,0.0,6158.81,4242.03,6158.81,1916.78,No
EG-2023-1228,2023-08-29,2023-08-31,2,Second Class,Rania Moustafa,Home Office,Egypt,North Sinai,Rafah,Mina Youssef,HOM-AI-736,Home Appliances,Air Conditioners,9,16669.79,0.0,150028.11,117797.08,150028.11,32231.03,No
EG-2023-1228,2023-08-30,2023-09-05,6,Standard Class,Hussein Fahmy,Home Office,Egypt,Dakahlia,Mit Ghamr,Mina Youssef,CLO-SH-515,Clothing & Apparel,Shoes,5,1199.72,0.0,5998.6,4166.54,5998.6,1832.06,No
EG-2023-1229,2023-08-30,2023-09-04,5,Standard Class,Hend Sabry,Corporate,Egypt,Beni Suef,Biba,Sara Amin,OFF-BI-520,Office Supplies,Binders,9,80.81,0.0,727.29,524.43,727.29,202.86,No
EG-2023-1229,2023-08-31,2023-09-03,3,Second Class,Maged El-Kedwany,Consumer,Egypt,Matrouh,Alamein,Ahmed Ragab,OFF-BI-104,Office Supplies,Binders,4,80.36,0.0,321.44,236.77,321.44,84.67,No
EG-2023-1230,2023-09-01,2023-09-07,6,Standard Class,Amr Hassan,Consumer,Egypt,Beni Suef,Beni Suef City,Karim Salah,FUR-BO-592,Furniture,Bookcases,8,1898.27,0.05,14426.85,9514.36,14426.85,4912.49,No
EG-2023-1231,2023-09-01,2023-09-04,3,Second Class,Asma Abulyazeid,Consumer,Egypt,Port Said,Al Sharq,Mina Youssef,FUR-BO-579,Furniture,Bookcases,9,1847.15,0.15,14130.7,10996.83,14130.7,3133.87,No
EG-2023-1232,2023-09-01,2023-09-07,6,Standard Class,Sahar El-Sayegh,Home Office,Egypt,Sohag,Sohag City,Karim Salah,TEC-PH-436,Technology,Phones,9,1616.13,0.05,13817.91,9774.71,13817.91,4043.2,No
EG-2023-1231,2023-09-02,2023-09-08,6,Standard Class,Rania Moustafa,Home Office,Egypt,Monufia,Shibin El Kom,Sara Amin,FUR-TA-156,Furniture,Tables,1,4361.95,0.1,3925.75,2913.44,3925.75,1012.31,No
EG-2023-1232,2023-09-02,2023-09-02,0,Same Day,Karim Mahmoud,Home Office,Egypt,Kafr El-Sheikh,Kafr El-Sheikh City,Karim Salah,HOM-AI-986,Home Appliances,Air Conditioners,7,15658.62,0.0,109610.34,84881.23,109610.34,24729.11,No
EG-2023-1233,2023-09-02,2023-09-02,0,Same Day,Hazem Emam,Corporate,Egypt,Qena,Nag Hammadi,Karim Salah,CLO-PA-963,Clothing & Apparel,Pants,4,612.29,0.0,2449.16,1891.99,2449.16,557.17,No
EG-2023-1232,2023-09-03,2023-09-07,4,Standard Class,Youssef Hussein,Home Office,Egypt,Dakahlia,Mit Ghamr,Youssef Khaled,OFF-AR-844,Office Supplies,Art,3,61.66,0.1,166.48,119.24,166.48,47.24,No
EG-2023-1233,2023-09-04,2023-09-05,1,First Class,Farouk El-Fishawy,Home Office,Egypt,Asyut,Fateh,Youssef Khaled,HOM-AI-318,Home Appliances,Air Conditioners,7,17052.58,0.1,107431.25,74902.05,107431.25,32529.2,No
EG-2023-1234,2023-09-04,2023-09-09,5,Standard Class,Asmaa Galal,Home Office,Egypt,Port Said,Port Fouad,Amr Salah,CLO-SH-693,Clothing & Apparel,Shoes,10,1295.56,0.0,12955.6,9548.24,12955.6,3407.36,No
EG-2023-1234,2023-09-05,2023-09-05,0,Same Day,Amr Hassan,Corporate,Egypt,Qalyubia,Shubra El-Kheima,Ahmed Ragab,CLO-SH-115,Clothing & Apparel,Shoes,7,1273.18,0.0,8912.26,6471.47,8912.26,2440.79,No
EG-2023-1235,2023-09-06,2023-09-11,5,Standard Class,Ahmed Helmy,Corporate,Egypt,Fayoum,Tamiya,Ahmed Ragab,SPO-FI-455,Sports & Outdoors,Fitness Equipment,10,3217.02,0.0,32170.2,23038.15,32170.2,9132.05,No
EG-2023-1236,2023-09-06,2023-09-12,6,Standard Class,Nelly Karim,Corporate,Egypt,Damietta,Damietta City,Sara Amin,HOM-MI-662,Home Appliances,Microwaves,5,3406.19,0.0,17030.95,12752.13,17030.95,4278.82,No
EG-2023-1237,2023-09-06,2023-09-07,1,First Class,Mohamed Ramadan,Home Office,Egypt,Beheira,Kom Hamada,Amr Salah,FUR-TA-732,Furniture,Tables,9,4544.61,0.0,40901.49,27286.95,40901.49,13614.54,No
EG-2023-1236,2023-09-07,2023-09-10,3,Second Class,Hend Sabry,Corporate,Egypt,Aswan,Kom Ombo,Noha Mahmoud,CLO-SH-296,Clothing & Apparel,Shirts,10,371.42,0.0,3714.2,2906.05,3714.2,808.15,No
EG-2023-1237,2023-09-08,2023-09-12,4,Standard Class,Eyad Nassar,Home Office,Egypt,Red Sea,Gouna,Amr Salah,OFF-PA-922,Office Supplies,Paper,5,54.97,0.0,274.85,186.82,274.85,88.03,No
EG-2023-1238,2023-09-09,2023-09-11,2,Second Class,Adel Emam,Home Office,Egypt,Matrouh,Siwa,Mina Youssef,FUR-BO-912,Furniture,Bookcases,6,2011.03,0.1,10859.56,8663.63,10859.56,2195.93,No
EG-2023-1239,2023-09-09,2023-09-12,3,Second Class,Hany Ramzy,Consumer,Egypt,Asyut,Asyut City,Karim Salah,TEC-CO-983,Technology,Copiers,6,5081.59,0.15,25916.11,20279.94,25916.11,5636.17,No
EG-2023-1239,2023-09-10,2023-09-14,4,Standard Class,Reem Moustafa,Corporate,Egypt,North Sinai,Sheikh Zuweid,Sara Amin,FUR-TA-774,Furniture,Tables,2,4194.9,0.0,8389.8,6189.52,8389.8,2200.28,No
EG-2023-1240,2023-09-10,2023-09-14,4,Standard Class,Hussein Fahmy,Home Office,Egypt,Sharqia,Belbeis,Mina Youssef,OFF-ST-950,Office Supplies,Storage,9,258.69,0.0,2328.21,1515.77,2328.21,812.44,No
EG-2023-1241,2023-09-10,2023-09-10,0,Same Day,Mona Zaki,Consumer,Egypt,Damietta,Damietta City,Sara Amin,OFF-ST-641,Office Supplies,Storage,1,265.1,0.0,265.1,210.76,265.1,54.34,Yes
EG-2023-1240,2023-09-12,2023-09-14,2,Second Class,Khaled El-Nabawy,Consumer,Egypt,North Sinai,Arish,Ahmed Ragab,SPO-BI-446,Sports & Outdoors,Bicycles,1,4444.18,0.0,4444.18,2933.08,4444.18,1511.1,No
EG-2023-1241,2023-09-12,2023-09-16,4,Standard Class,Mona Zaki,Consumer,Egypt,Matrouh,Siwa,Sara Amin,HOM-MI-508,Home Appliances,Microwaves,10,3273.97,0.0,32739.7,23142.6,32739.7,9597.1,Yes
EG-2023-1241,2023-09-13,2023-09-16,3,Second Class,Mahmoud Saad,Home Office,Egypt,Giza,Dokki,Amr Salah,FUR-FU-199,Furniture,Furnishings,1,144.04,0.15,122.43,94.9,122.43,27.53,No
EG-2023-1242,2023-09-14,2023-09-15,1,First Class,Khaled El-Nabawy,Consumer,Egypt,Cairo,Nasr City,Ahmed Ragab,SPO-BI-515,Sports & Outdoors,Bicycles,1,4739.58,0.0,4739.58,3299.55,4739.58,1440.03,No
EG-2023-1243,2023-09-14,2023-09-15,1,First Class,Adel Emam,Home Office,Egypt,Alexandria,Smouha,Amr Salah,HOM-BL-982,Home Appliances,Blenders,9,817.75,0.0,7359.75,5462.63,7359.75,1897.12,No
EG-2023-1244,2023-09-14,2023-09-17,3,Second Class,Asmaa Galal,Corporate,Egypt,Sohag,Sohag City,Noha Mahmoud,FUR-CH-531,Furniture,Chairs,3,873.64,0.0,2620.92,1984.05,2620.92,636.87,No
EG-2023-1243,2023-09-15,2023-09-21,6,Standard Class,Mona Abdelrahman,Corporate,Egypt,Beheira,Kafr El Dawar,Ahmed Ragab,CLO-JA-787,Clothing & Apparel,Jackets,5,1700.02,0.05,8075.09,6054.23,8075.09,2020.86,No
EG-2023-1244,2023-09-16,2023-09-16,0,Same Day,Asmaa Galal,Consumer,Egypt,Giza,6th of October,Mina Youssef,CLO-JA-307,Clothing & Apparel,Jackets,10,1869.03,0.0,18690.3,14276.44,18690.3,4413.86,No
EG-2023-1245,2023-09-16,2023-09-18,2,Second Class,Aya Mahmoud,Consumer,Egypt,Matrouh,Siwa,Sara Amin,FUR-CH-313,Furniture,Chairs,8,808.91,0.0,6471.28,4897.06,6471.28,1574.22,Yes
EG-2023-1246,2023-09-16,2023-09-17,1,First Class,Aya Mahmoud,Consumer,Egypt,Ismailia,Ismailia City,Noha Mahmoud,TEC-AC-811,Technology,Accessories,5,355.37,0.15,1510.32,1043.48,1510.32,466.84,No
EG-2023-1245,2023-09-17,2023-09-17,0,Same Day,Aya Mahmoud,Consumer,Egypt,North Sinai,Rafah,Ahmed Ragab,OFF-AR-117,Office Supplies,Art,1,58.15,0.0,58.15,46.4,58.15,11.75,No
EG-2023-1246,2023-09-17,2023-09-17,0,Same Day,Rania Moustafa,Consumer,Egypt,Sharqia,Zagazig,Mina Youssef,SPO-SP-765,Sports & Outdoors,Sportswear,4,460.01,0.15,1564.03,1150.31,1564.03,413.72,No
EG-2023-1247,2023-09-17,2023-09-19,2,Second Class,Ahmed Ezz,Home Office,Egypt,Suez,Attaka,Karim Salah,CLO-SH-772,Clothing & Apparel,Shoes,4,1262.58,0.15,4292.77,3018.44,4292.77,1274.33,No
EG-2023-1246,2023-09-18,2023-09-24,6,Standard Class,Ahmed Mekky,Corporate,Egypt,Dakahlia,Talkha,Noha Mahmoud,TEC-MA-535,Technology,Machines,7,5423.72,0.05,36067.74,28133.33,36067.74,7934.41,No
EG-2023-1247,2023-09-19,2023-09-25,6,Standard Class,Asmaa Galal,Home Office,Egypt,Port Said,Al Sharq,Ahmed Ragab,FUR-TA-466,Furniture,Tables,10,4470.71,0.1,40236.39,31293.69,40236.39,8942.7,No
EG-2023-1248,2023-09-20,2023-09-23,3,Second Class,Zainab Soliman,Consumer,Egypt,Sohag,Akhmim,Amr Salah,HOM-AI-832,Home Appliances,Air Conditioners,3,16324.21,0.05,46524.0,32842.94,46524.0,13681.06,No
EG-2023-1249,2023-09-20,2023-09-26,6,Standard Class,Asser Yassin,Home Office,Egypt,Alexandria,Stanly,Karim Salah,TEC-CO-118,Technology,Copiers,9,4950.1,0.0,44550.9,30600.77,44550.9,13950.13,No
EG-2023-1250,2023-09-20,2023-09-21,1,First Class,Adel Emam,Consumer,Egypt,Alexandria,Miami,Noha Mahmoud,HOM-MI-355,Home Appliances,Microwaves,3,3701.68,0.0,11105.04,8377.38,11105.04,2727.66,No
EG-2023-1249,2023-09-21,2023-09-21,0,Same Day,Mohamed Ali,Home Office,Egypt,Asyut,Dairut,Karim Salah,FUR-FU-402,Furniture,Furnishings,2,156.77,0.0,313.54,212.91,313.54,100.63,No
EG-2023-1250,2023-09-21,2023-09-25,4,Standard Class,Asmaa Galal,Consumer,Egypt,New Valley,Farafra,Sara Amin,FUR-BO-874,Furniture,Bookcases,4,1994.32,0.0,7977.28,5778.56,7977.28,2198.72,No
EG-2023-1250,2023-09-22,2023-09-25,3,Second Class,Mahmoud Saad,Consumer,Egypt,Damietta,New Damietta,Karim Salah,OFF-PA-187,Office Supplies,Paper,1,46.38,0.05,44.06,29.89,44.06,14.17,No
EG-2023-1251,2023-09-22,2023-09-28,6,Standard Class,Karim Abdelaziz,Home Office,Egypt,Beni Suef,Biba,Sara Amin,CLO-PA-260,Clothing & Apparel,Pants,10,626.22,0.0,6262.2,4892.24,6262.2,1369.96,No
EG-2023-1252,2023-09-22,2023-09-23,1,First Class,Mahmoud Yassin,Home Office,Egypt,New Valley,Farafra,Amr Salah,CLO-SH-342,Clothing & Apparel,Shirts,10,372.67,0.0,3726.7,2501.2,3726.7,1225.5,No
EG-2023-1251,2023-09-23,2023-09-29,6,Standard Class,Tamer Hosny,Consumer,Egypt,Damietta,New Damietta,Ahmed Ragab,CLO-PA-487,Clothing & Apparel,Pants,5,561.9,0.0,2809.5,1840.16,2809.5,969.34,No
EG-2023-1252,2023-09-24,2023-09-24,0,Same Day,Karim Mahmoud,Consumer,Egypt,Suez,Suez City,Sara Amin,HOM-MI-773,Home Appliances,Microwaves,6,3342.4,0.1,18048.96,13331.78,18048.96,4717.18,No
EG-2023-1253,2023-09-25,2023-09-29,4,Standard Class,Mai Ezz Eldin,Consumer,Egypt,Minya,Mallawi,Noha Mahmoud,HOM-AI-771,Home Appliances,Air Conditioners,10,16749.24,0.0,167492.4,114288.79,167492.4,53203.61,No
EG-2023-1254,2023-09-26,2023-09-28,2,Second Class,Mohamed Henedy,Consumer,Egypt,Cairo,Maadi,Karim Salah,CLO-SH-718,Clothing & Apparel,Shirts,2,425.92,0.0,851.84,627.25,851.84,224.59,No
EG-2023-1255,2023-09-26,2023-09-27,1,First Class,Hassan El-Raddad,Home Office,Egypt,Aswan,Kom Ombo,Karim Salah,CLO-SH-167,Clothing & Apparel,Shoes,9,1200.62,0.0,10805.58,7355.37,10805.58,3450.21,No
EG-2023-1256,2023-09-26,2023-10-01,5,Standard Class,Khaled El-Nabawy,Corporate,Egypt,Beni Suef,Nasser,Karim Salah,TEC-AC-312,Technology,Accessories,2,330.42,0.0,660.84,463.31,660.84,197.53,No
EG-2023-1255,2023-09-27,2023-09-29,2,Second Class,Hazem Emam,Home Office,Egypt,Suez,Attaka,Noha Mahmoud,SPO-FI-227,Sports & Outdoors,Fitness Equipment,6,2715.17,0.0,16291.02,12788.04,16291.02,3502.98,No
EG-2023-1256,2023-09-28,2023-09-28,0,Same Day,Mai Ezz Eldin,Corporate,Egypt,Sharqia,Belbeis,Amr Salah,CLO-SH-435,Clothing & Apparel,Shoes,7,1264.23,0.0,8849.61,6882.14,8849.61,1967.47,No
EG-2023-1257,2023-09-28,2023-09-29,1,First Class,Youssef Hussein,Consumer,Egypt,Ismailia,Ismailia City,Sara Amin,SPO-SP-160,Sports & Outdoors,Sportswear,9,500.02,0.0,4500.18,3329.67,4500.18,1170.51,No
EG-2023-1258,2023-09-28,2023-10-03,5,Standard Class,Mohamed Ali,Consumer,Egypt,Giza,6th of October,Noha Mahmoud,TEC-CO-650,Technology,Copiers,10,5319.5,0.05,50535.25,33252.29,50535.25,17282.96,No
EG-2023-1257,2023-09-29,2023-10-01,2,Second Class,Nour El-Din,Home Office,Egypt,Ismailia,Fayed,Karim Salah,CLO-SH-114,Clothing & Apparel,Shoes,4,1313.68,0.05,4991.98,3275.45,4991.98,1716.53,No
EG-2023-1258,2023-09-29,2023-10-02,3,Second Class,Ahmed Mekky,Consumer,Egypt,Minya,Samalut,Karim Salah,OFF-AR-560,Office Supplies,Art,2,54.79,0.0,109.58,72.71,109.58,36.87,No
EG-2023-1259,2023-09-29,2023-09-30,1,First Class,Asma Abulyazeid,Consumer,Egypt,Giza,6th of October,Amr Salah,TEC-PH-348,Technology,Phones,3,1598.21,0.05,4554.9,3444.74,4554.9,1110.16,No
EG-2023-1258,2023-09-30,2023-10-04,4,Standard Class,Asser Yassin,Consumer,Egypt,Aswan,Aswan City,Ahmed Ragab,OFF-AR-812,Office Supplies,Art,4,59.35,0.0,237.4,180.99,237.4,56.41,No
EG-2023-1259,2023-09-30,2023-10-05,5,Standard Class,Karim Abdelaziz,Consumer,Egypt,Asyut,Asyut City,Noha Mahmoud,OFF-BI-266,Office Supplies,Binders,9,75.65,0.05,646.81,475.72,646.81,171.09,No
EG-2023-1259,2023-10-01,2023-10-03,2,Second Class,Huda El-Mufti,Corporate,Egypt,Port Said,Al Arab,Karim Salah,HOM-RE-841,Home Appliances,Refrigerators,5,12127.0,0.05,57603.25,40850.02,57603.25,16753.23,No
EG-2023-1260,2023-10-02,2023-10-02,0,Same Day,Maged El-Kedwany,Corporate,Egypt,Alexandria,Stanly,Amr Salah,FUR-CH-931,Furniture,Chairs,7,804.2,0.0,5629.4,4052.16,5629.4,1577.24,No
EG-2023-1261,2023-10-02,2023-10-08,6,Standard Class,Wael Jassar,Home Office,Egypt,Cairo,Maadi,Amr Salah,HOM-BL-502,Home Appliances,Blenders,2,755.6,0.0,1511.2,1026.62,1511.2,484.58,No
EG-2023-1261,2023-10-03,2023-10-03,0,Same Day,Mai Ezz Eldin,Consumer,Egypt,South Sinai,Dahab,Noha Mahmoud,OFF-ST-522,Office Supplies,Storage,2,292.67,0.0,585.34,437.74,585.34,147.6,No
EG-2023-1262,2023-10-03,2023-10-04,1,First Class,Sherif Anwar,Corporate,Egypt,Sharqia,Belbeis,Karim Salah,TEC-PH-936,Technology,Phones,7,1359.08,0.1,8562.2,6538.06,8562.2,2024.14,No
EG-2023-1263,2023-10-03,2023-10-08,5,Standard Class,Zainab Soliman,Consumer,Egypt,Ismailia,Fayed,Amr Salah,FUR-TA-771,Furniture,Tables,6,4613.22,0.15,23527.42,17595.38,23527.42,5932.04,No
EG-2023-1262,2023-10-04,2023-10-07,3,Second Class,Amina Khalil,Corporate,Egypt,North Sinai,Sheikh Zuweid,Sara Amin,OFF-PA-142,Office Supplies,Paper,8,51.35,0.0,410.8,307.53,410.8,103.27,No
EG-2023-1263,2023-10-04,2023-10-10,6,Standard Class,Reem Moustafa,Home Office,Egypt,Ismailia,Ismailia City,Youssef Khaled,SPO-SP-404,Sports & Outdoors,Sportswear,7,542.49,0.0,3797.43,2580.54,3797.43,1216.89,No
EG-2023-1263,2023-10-05,2023-10-10,5,Standard Class,Hend Sabry,Corporate,Egypt,Cairo,Maadi,Noha Mahmoud,TEC-MA-264,Technology,Machines,2,5935.16,0.0,11870.32,8460.03,11870.32,3410.29,No
EG-2023-1264,2023-10-05,2023-10-08,3,Second Class,Mona Abdelrahman,Corporate,Egypt,New Valley,Farafra,Sara Amin,HOM-RE-854,Home Appliances,Refrigerators,5,12320.82,0.05,58523.9,38587.31,58523.9,19936.59,No
EG-2023-1265,2023-10-05,2023-10-11,6,Standard Class,Amr Hassan,Home Office,Egypt,Suez,Attaka,Amr Salah,FUR-FU-352,Furniture,Furnishings,2,157.07,0.0,314.14,229.52,314.14,84.62,No
EG-2023-1264,2023-10-06,2023-10-09,3,Second Class,Ghada Abdelrazek,Consumer,Egypt,Luxor,Esna,Youssef Khaled,CLO-PA-211,Clothing & Apparel,Pants,1,542.58,0.0,542.58,431.97,542.58,110.61,No
EG-2023-1265,2023-10-06,2023-10-09,3,Second Class,Asser Yassin,Home Office,Egypt,Qalyubia,Khanka,Sara Amin,OFF-AR-467,Office Supplies,Art,6,60.35,0.0,362.1,259.94,362.1,102.16,No
EG-2023-1265,2023-10-07,2023-10-11,4,Standard Class,Asma Abulyazeid,Corporate,Egypt,Matrouh,Alamein,Amr Salah,TEC-CO-176,Technology,Copiers,8,4792.27,0.0,38338.16,29394.03,38338.16,8944.13,No
EG-2023-1266,2023-10-08,2023-10-11,3,Second Class,Mohamed Ramadan,Consumer,Egypt,South Sinai,Sharm El-Sheikh,Ahmed Ragab,TEC-MA-307,Technology,Machines,8,5886.58,0.1,42383.38,27916.91,42383.38,14466.47,No
EG-2023-1267,2023-10-09,2023-10-15,6,Standard Class,Dina El-Sherbiny,Corporate,Egypt,Alexandria,Miami,Amr Salah,CLO-SH-814,Clothing & Apparel,Shoes,1,1229.05,0.0,1229.05,918.74,1229.05,310.31,No
EG-2023-1268,2023-10-09,2023-10-15,6,Standard Class,Asmaa Galal,Corporate,Egypt,South Sinai,Nuweiha,Karim Salah,TEC-AC-663,Technology,Accessories,4,335.8,0.0,1343.2,925.24,1343.2,417.96,No
EG-2023-1269,2023-10-09,2023-10-15,6,Standard Class,Asmaa Galal,Consumer,Egypt,Kafr El-Sheikh,Desouk,Sara Amin,FUR-BO-384,Furniture,Bookcases,4,1833.4,0.0,7333.6,5352.26,7333.6,1981.34,No
EG-2023-1268,2023-10-10,2023-10-10,0,Same Day,Mena Shalaby,Home Office,Egypt,Kafr El-Sheikh,Kafr El-Sheikh City,Amr Salah,TEC-AC-632,Technology,Accessories,9,338.02,0.0,3042.18,2375.19,3042.18,666.99,No
EG-2023-1269,2023-10-11,2023-10-14,3,Second Class,Maged El-Kedwany,Home Office,Egypt,Beheira,Kafr El Dawar,Ahmed Ragab,HOM-RE-431,Home Appliances,Refrigerators,3,11725.42,0.05,33417.45,22671.68,33417.45,10745.77,No
EG-2023-1270,2023-10-11,2023-10-13,2,Second Class,Hend Sabry,Corporate,Egypt,Monufia,Sadat City,Mina Youssef,FUR-TA-984,Furniture,Tables,3,4281.24,0.0,12843.72,9186.26,12843.72,3657.46,Yes
EG-2023-1271,2023-10-11,2023-10-17,6,Standard Class,Mena Shalaby,Corporate,Egypt,Damietta,Damietta City,Amr Salah,SPO-CA-449,Sports & Outdoors,Camping Gear,2,1513.91,0.1,2725.04,2027.44,2725.04,697.6,No
EG-2023-1270,2023-10-12,2023-10-12,0,Same Day,Mahmoud Saad,Corporate,Egypt,Ismailia,Ismailia City,Amr Salah,TEC-CO-723,Technology,Copiers,6,5029.3,0.0,30175.8,22336.82,30175.8,7838.98,No
EG-2023-1271,2023-10-12,2023-10-13,1,First Class,Hussein Fahmy,Consumer,Egypt,North Sinai,Rafah,Noha Mahmoud,TEC-AC-411,Technology,Accessories,6,365.93,0.05,2085.8,1457.33,2085.8,628.47,No
EG-2023-1271,2023-10-13,2023-10-15,2,Second Class,Mayan El-Sayed,Corporate,Egypt,South Sinai,Nuweiha,Noha Mahmoud,FUR-FU-147,Furniture,Furnishings,3,161.41,0.0,484.23,372.99,484.23,111.24,Yes
EG-2023-1272,2023-10-14,2023-10-20,6,Standard Class,Asmaa Galal,Consumer,Egypt,New Valley,Farafra,Amr Salah,OFF-ST-414,Office Supplies,Storage,8,255.32,0.05,1940.43,1406.11,1940.43,534.32,No
EG-2023-1273,2023-10-14,2023-10-20,6,Standard Class,Sherif Anwar,Consumer,Egypt,Monufia,Shibin El Kom,Ahmed Ragab,CLO-SH-224,Clothing & Apparel,Shoes,4,1247.0,0.05,4738.6,3194.36,4738.6,1544.24,No
EG-2023-1274,2023-10-14,2023-10-17,3,Second Class,Mahmoud Saad,Home Office,Egypt,Gharbia,Zifta,Amr Salah,TEC-CO-496,Technology,Copiers,1,4948.2,0.0,4948.2,3895.7,4948.2,1052.5,No
EG-2023-1273,2023-10-15,2023-10-19,4,Standard Class,Ghada Abdelrazek,Home Office,Egypt,Qalyubia,Khanka,Noha Mahmoud,HOM-MI-226,Home Appliances,Microwaves,2,3565.69,0.1,6418.24,4333.52,6418.24,2084.72,No
EG-2023-1274,2023-10-16,2023-10-19,3,Second Class,Youssef Hussein,Consumer,Egypt,Suez,Attaka,Sara Amin,CLO-SH-927,Clothing & Apparel,Shirts,3,393.57,0.0,1180.71,777.52,1180.71,403.19,No
EG-2023-1275,2023-10-17,2023-10-19,2,Second Class,Dina El-Sherbiny,Consumer,Egypt,Gharbia,Tanta,Mina Youssef,OFF-PA-433,Office Supplies,Paper,4,48.95,0.0,195.8,142.2,195.8,53.6,No
EG-2023-1276,2023-10-18,2023-10-22,4,Standard Class,Nour El-Din,Consumer,Egypt,Aswan,Edfu,Ahmed Ragab,SPO-FI-722,Sports & Outdoors,Fitness Equipment,8,2762.39,0.0,22099.12,15679.32,22099.12,6419.8,No
EG-2023-1277,2023-10-18,2023-10-23,5,Standard Class,Dina El-Sherbiny,Corporate,Egypt,Ismailia,Al Qantara,Ahmed Ragab,HOM-BL-945,Home Appliances,Blenders,3,721.48,0.0,2164.44,1557.94,2164.44,606.5,No
EG-2023-1277,2023-10-19,2023-10-21,2,Second Class,Mohamed Henedy,Home Office,Egypt,Alexandria,Stanly,Sara Amin,TEC-AC-581,Technology,Accessories,8,315.67,0.05,2399.09,1602.36,2399.09,796.73,No
EG-2023-1278,2023-10-19,2023-10-21,2,Second Class,Hazem Emam,Home Office,Egypt,Minya,Samalut,Karim Salah,CLO-SH-566,Clothing & Apparel,Shoes,10,1128.33,0.0,11283.3,7729.84,11283.3,3553.46,No
EG-2023-1278,2023-10-21,2023-10-23,2,Second Class,Fatma Ibrahim,Corporate,Egypt,Aswan,Edfu,Amr Salah,SPO-CA-684,Sports & Outdoors,Camping Gear,2,1587.38,0.05,3016.02,2377.99,3016.02,638.03,No
EG-2023-1279,2023-10-21,2023-10-23,2,Second Class,Ahmed Mekky,Home Office,Egypt,Monufia,Sadat City,Mina Youssef,SPO-FI-750,Sports & Outdoors,Fitness Equipment,6,3268.18,0.0,19609.08,14407.55,19609.08,5201.53,No
EG-2023-1279,2023-10-22,2023-10-26,4,Standard Class,Eyad Nassar,Consumer,Egypt,Dakahlia,Mit Ghamr,Karim Salah,CLO-PA-722,Clothing & Apparel,Pants,2,630.08,0.0,1260.16,885.77,1260.16,374.39,No
EG-2023-1280,2023-10-23,2023-10-26,3,Second Class,Youssef Hussein,Corporate,Egypt,Qalyubia,Khanka,Sara Amin,CLO-JA-426,Clothing & Apparel,Jackets,9,1964.27,0.0,17678.43,12593.18,17678.43,5085.25,No
EG-2023-1281,2023-10-23,2023-10-29,6,Standard Class,Ghada Abdelrazek,Home Office,Egypt,Monufia,Shibin El Kom,Youssef Khaled,OFF-ST-519,Office Supplies,Storage,2,278.23,0.0,556.46,415.07,556.46,141.39,No
EG-2023-1282,2023-10-23,2023-10-26,3,Second Class,Nelly Karim,Home Office,Egypt,Gharbia,El Mahalla El Kubra,Amr Salah,TEC-CO-808,Technology,Copiers,8,4571.15,0.15,31083.82,22147.16,31083.82,8936.66,No
EG-2023-1281,2023-10-24,2023-10-24,0,Same Day,Wael Jassar,Corporate,Egypt,Sohag,Sohag City,Sara Amin,HOM-RE-899,Home Appliances,Refrigerators,9,11989.9,0.05,102513.64,74512.84,102513.64,28000.8,Yes
EG-2023-1282,2023-10-24,2023-10-24,0,Same Day,Karim Abdelaziz,Corporate,Egypt,Matrouh,Marsa Matrouh,Ahmed Ragab,FUR-BO-849,Furniture,Bookcases,6,2015.72,0.0,12094.32,9225.28,12094.32,2869.04,No
EG-2023-1282,2023-10-25,2023-10-29,4,Standard Class,Ahmed Mansour,Corporate,Egypt,Kafr El-Sheikh,Desouk,Amr Salah,OFF-ST-887,Office Supplies,Storage,3,301.48,0.0,904.44,614.97,904.44,289.47,No
EG-2023-1283,2023-10-25,2023-10-27,2,Second Class,Zainab Soliman,Home Office,Egypt,Beni Suef,Nasser,Karim Salah,SPO-SP-848,Sports & Outdoors,Sportswear,2,504.16,0.0,1008.32,661.61,1008.32,346.71,No
EG-2023-1283,2023-10-26,2023-10-29,3,Second Class,Asmaa Galal,Corporate,Egypt,Alexandria,Stanly,Karim Salah,HOM-AI-447,Home Appliances,Air Conditioners,3,17060.41,0.0,51181.23,39575.87,51181.23,11605.36,No
EG-2023-1284,2023-10-26,2023-10-28,2,Second Class,Sahar El-Sayegh,Consumer,Egypt,Gharbia,El Mahalla El Kubra,Mina Youssef,FUR-CH-701,Furniture,Chairs,3,823.15,0.0,2469.45,1728.19,2469.45,741.26,Yes
EG-2023-1285,2023-10-26,2023-11-01,6,Standard Class,Fatma Ibrahim,Corporate,Egypt,Cairo,Nasr City,Amr Salah,TEC-AC-780,Technology,Accessories,3,368.39,0.05,1049.91,835.97,1049.91,213.94,No
EG-2023-1284,2023-10-27,2023-10-28,1,First Class,Asma Abulyazeid,Corporate,Egypt,Qena,Abu Tesht,Noha Mahmoud,FUR-CH-806,Furniture,Chairs,2,892.76,0.0,1785.52,1248.61,1785.52,536.91,No
EG-2023-1285,2023-10-27,2023-10-28,1,First Class,Hazem Emam,Home Office,Egypt,Minya,Samalut,Mina Youssef,HOM-MI-217,Home Appliances,Microwaves,9,3754.3,0.0,33788.7,24467.46,33788.7,9321.24,No
EG-2023-1285,2023-10-28,2023-10-28,0,Same Day,Mahmoud Saad,Corporate,Egypt,Sharqia,10th of Ramadan,Sara Amin,FUR-TA-976,Furniture,Tables,2,4136.95,0.0,8273.9,5482.95,8273.9,2790.95,No
EG-2023-1286,2023-10-28,2023-10-28,0,Same Day,Aya Mahmoud,Home Office,Egypt,Alexandria,Miami,Youssef Khaled,FUR-CH-898,Furniture,Chairs,10,852.17,0.05,8095.62,5487.87,8095.62,2607.75,No
EG-2023-1286,2023-10-29,2023-10-31,2,Second Class,Aya Mahmoud,Corporate,Egypt,Port Said,Port Fouad,Karim Salah,HOM-MI-875,Home Appliances,Microwaves,7,3720.33,0.0,26042.31,19213.91,26042.31,6828.4,No
EG-2023-1287,2023-10-29,2023-11-02,4,Standard Class,Karim Abdelaziz,Home Office,Egypt,Damietta,New Damietta,Youssef Khaled,OFF-BI-324,Office Supplies,Binders,4,78.28,0.05,297.46,212.95,297.46,84.51,No
EG-2023-1288,2023-10-29,2023-11-01,3,Second Class,Mona Zaki,Consumer,Egypt,South Sinai,Dahab,Ahmed Ragab,FUR-TA-335,Furniture,Tables,10,4557.78,0.15,38741.13,29229.62,38741.13,9511.51,No
EG-2023-1287,2023-10-30,2023-10-30,0,Same Day,Mona Abdelrahman,Corporate,Egypt,Ismailia,Al Qantara,Ahmed Ragab,TEC-AC-444,Technology,Accessories,2,330.4,0.0,660.8,451.51,660.8,209.29,No
EG-2023-1288,2023-10-30,2023-11-02,3,Second Class,Amr Hassan,Home Office,Egypt,Sharqia,10th of Ramadan,Noha Mahmoud,FUR-TA-671,Furniture,Tables,7,4119.3,0.0,28835.1,22693.96,28835.1,6141.14,No
EG-2023-1288,2023-10-31,2023-11-03,3,Second Class,Tamer Hosny,Home Office,Egypt,Gharbia,Zifta,Noha Mahmoud,OFF-BI-491,Office Supplies,Binders,10,83.61,0.05,794.29,533.97,794.29,260.32,No
EG-2023-1289,2023-10-31,2023-11-05,5,Standard Class,Hazem Emam,Consumer,Egypt,Ismailia,Al Qantara,Sara Amin,SPO-FI-338,Sports & Outdoors,Fitness Equipment,6,2801.29,0.0,16807.74,11192.31,16807.74,5615.43,No
EG-2023-1290,2023-10-31,2023-11-02,2,Second Class,Sherif Anwar,Corporate,Egypt,North Sinai,Rafah,Noha Mahmoud,FUR-BO-306,Furniture,Bookcases,5,2066.65,0.1,9299.93,7417.03,9299.93,1882.9,No
EG-2023-1289,2023-11-01,2023-11-04,3,Second Class,Mahmoud Yassin,Consumer,Egypt,Qalyubia,Khanka,Karim Salah,TEC-AC-262,Technology,Accessories,2,366.46,0.0,732.92,495.35,732.92,237.57,No
EG-2023-1290,2023-11-01,2023-11-04,3,Second Class,Mahmoud Saad,Corporate,Egypt,Qalyubia,Banha,Ahmed Ragab,FUR-FU-259,Furniture,Furnishings,9,141.56,0.05,1210.34,949.77,1210.34,260.57,No
EG-2023-1290,2023-11-02,2023-11-07,5,Standard Class,Hazem Emam,Corporate,Egypt,Beheira,Kafr El Dawar,Mina Youssef,CLO-SH-952,Clothing & Apparel,Shirts,8,370.77,0.0,2966.16,1963.54,2966.16,1002.62,No
EG-2023-1291,2023-11-03,2023-11-05,2,Second Class,Mona Zaki,Home Office,Egypt,Cairo,New Cairo,Noha Mahmoud,HOM-MI-828,Home Appliances,Microwaves,3,3247.73,0.0,9743.19,7747.91,9743.19,1995.28,No
EG-2023-1292,2023-11-03,2023-11-09,6,Standard Class,Ahmed Mekky,Corporate,Egypt,Beheira,Damanhour,Mina Youssef,CLO-SH-626,Clothing & Apparel,Shoes,9,1117.91,0.05,9558.13,6923.69,9558.13,2634.44,No
EG-2023-1293,2023-11-03,2023-11-08,5,Standard Class,Hazem Emam,Home Office,Egypt,Beni Suef,Beni Suef City,Youssef Khaled,OFF-ST-547,Office Supplies,Storage,9,284.63,0.0,2561.67,1846.37,2561.67,715.3,No
EG-2023-1292,2023-11-04,2023-11-04,0,Same Day,Nelly Karim,Consumer,Egypt,North Sinai,Sheikh Zuweid,Ahmed Ragab,HOM-RE-300,Home Appliances,Refrigerators,8,12880.87,0.15,87589.92,57402.19,87589.92,30187.73,No
EG-2023-1293,2023-11-04,2023-11-10,6,Standard Class,Farouk El-Fishawy,Consumer,Egypt,Sohag,Akhmim,Youssef Khaled,OFF-AR-796,Office Supplies,Art,7,58.59,0.05,389.62,261.72,389.62,127.9,No
EG-2023-1293,2023-11-05,2023-11-10,5,Standard Class,Ahmed Mekky,Consumer,Egypt,Port Said,Al Sharq,Noha Mahmoud,OFF-ST-600,Office Supplies,Storage,2,300.65,0.1,541.17,357.04,541.17,184.13,No
EG-2023-1294,2023-11-06,2023-11-09,3,Second Class,Nour El-Din,Home Office,Egypt,Monufia,Sadat City,Noha Mahmoud,OFF-ST-336,Office Supplies,Storage,1,289.78,0.0,289.78,188.78,289.78,101.0,No
EG-2023-1295,2023-11-06,2023-11-07,1,First Class,Dina El-Sherbiny,Corporate,Egypt,Alexandria,Miami,Karim Salah,OFF-PA-714,Office Supplies,Paper,9,49.85,0.0,448.65,315.94,448.65,132.71,No
EG-2023-1296,2023-11-06,2023-11-12,6,Standard Class,Mena Shalaby,Corporate,Egypt,Ismailia,Fayed,Mina Youssef,TEC-MA-684,Technology,Machines,3,5871.54,0.0,17614.62,13577.06,17614.62,4037.56,No
EG-2023-1295,2023-11-07,2023-11-09,2,Second Class,Wael Jassar,Home Office,Egypt,Monufia,Sadat City,Ahmed Ragab,OFF-ST-472,Office Supplies,Storage,3,304.59,0.05,868.08,599.12,868.08,268.96,No
EG-2023-1296,2023-11-08,2023-11-08,0,Same Day,Sherif Anwar,Corporate,Egypt,Aswan,Aswan City,Mina Youssef,SPO-BI-308,Sports & Outdoors,Bicycles,5,4307.53,0.0,21537.65,16446.88,21537.65,5090.77,No
EG-2023-1297,2023-11-08,2023-11-12,4,Standard Class,Asmaa Galal,Home Office,Egypt,Matrouh,Alamein,Noha Mahmoud,OFF-BI-234,Office Supplies,Binders,5,74.54,0.0,372.7,271.84,372.7,100.86,No
EG-2023-1298,2023-11-08,2023-11-13,5,Standard Class,Nour El-Sherif,Consumer,Egypt,Giza,Dokki,Youssef Khaled,OFF-AR-503,Office Supplies,Art,6,62.68,0.0,376.08,276.89,376.08,99.19,No
EG-2023-1297,2023-11-09,2023-11-10,1,First Class,Aya Mahmoud,Consumer,Egypt,Asyut,Asyut City,Noha Mahmoud,CLO-SH-122,Clothing & Apparel,Shoes,8,1120.0,0.0,8960.0,6073.56,8960.0,2886.44,No
EG-2023-1298,2023-11-09,2023-11-14,5,Standard Class,Amr Hassan,Consumer,Egypt,Minya,Samalut,Youssef Khaled,HOM-BL-158,Home Appliances,Blenders,7,832.11,0.0,5824.77,3878.98,5824.77,1945.79,No
EG-2023-1298,2023-11-10,2023-11-15,5,Standard Class,Mayan El-Sayed,Consumer,Egypt,Matrouh,Marsa Matrouh,Karim Salah,HOM-RE-231,Home Appliances,Refrigerators,5,10850.68,0.05,51540.73,39554.34,51540.73,11986.39,No
EG-2023-1299,2023-11-11,2023-11-13,2,Second Class,Youssef Hussein,Corporate,Egypt,New Valley,Dakhla,Amr Salah,TEC-CO-469,Technology,Copiers,8,4857.17,0.05,36914.49,24971.14,36914.49,11943.35,No
EG-2023-1300,2023-11-11,2023-11-14,3,Second Class,Youssef Hussein,Corporate,Egypt,Qena,Abu Tesht,Youssef Khaled,TEC-AC-242,Technology,Accessories,5,322.65,0.05,1532.59,1136.87,1532.59,395.72,No
EG-2023-1300,2023-11-12,2023-11-16,4,Standard Class,Tara Emad,Home Office,Egypt,Sohag,Tahta,Ahmed Ragab,OFF-AR-987,Office Supplies,Art,4,60.79,0.05,231.0,173.85,231.0,57.15,No
EG-2023-1301,2023-11-13,2023-11-13,0,Same Day,Farouk El-Fishawy,Home Office,Egypt,Luxor,Esna,Ahmed Ragab,FUR-FU-136,Furniture,Furnishings,10,158.54,0.1,1426.86,1059.43,1426.86,367.43,No
EG-2023-1302,2023-11-14,2023-11-19,5,Standard Class,Wael Jassar,Consumer,Egypt,Kafr El-Sheikh,Kafr El-Sheikh City,Sara Amin,OFF-AR-823,Office Supplies,Art,6,60.22,0.05,343.25,249.16,343.25,94.09,No
EG-2023-1303,2023-11-14,2023-11-16,2,Second Class,Jamila Awad,Home Office,Egypt,Kafr El-Sheikh,Desouk,Mina Youssef,OFF-PA-864,Office Supplies,Paper,1,46.42,0.0,46.42,30.97,46.42,15.45,No
EG-2023-1303,2023-11-15,2023-11-21,6,Standard Class,Wael Jassar,Corporate,Egypt,Dakahlia,Talkha,Ahmed Ragab,CLO-PA-725,Clothing & Apparel,Pants,3,657.79,0.0,1973.37,1533.38,1973.37,439.99,No
EG-2023-1304,2023-11-15,2023-11-18,3,Second Class,Amina Khalil,Consumer,Egypt,New Valley,Dakhla,Ahmed Ragab,TEC-AC-825,Technology,Accessories,8,325.64,0.0,2605.12,1901.25,2605.12,703.87,No
EG-2023-1304,2023-11-16,2023-11-17,1,First Class,Aya Mahmoud,Consumer,Egypt,Kafr El-Sheikh,Kafr El-Sheikh City,Ahmed Ragab,FUR-TA-884,Furniture,Tables,4,4813.64,0.0,19254.56,15135.5,19254.56,4119.06,No
EG-2023-1305,2023-11-16,2023-11-22,6,Standard Class,Zainab Soliman,Corporate,Egypt,South Sinai,Nuweiha,Mina Youssef,OFF-BI-780,Office Supplies,Binders,9,85.67,0.0,771.03,531.01,771.03,240.02,No
EG-2023-1306,2023-11-16,2023-11-16,0,Same Day,Ahmed Ezz,Corporate,Egypt,Fayoum,Fayoum City,Noha Mahmoud,FUR-CH-833,Furniture,Chairs,5,837.15,0.0,4185.75,3115.38,4185.75,1070.37,No
EG-2023-1305,2023-11-17,2023-11-21,4,Standard Class,Ghada Abdelrazek,Corporate,Egypt,Dakahlia,Mit Ghamr,Amr Salah,TEC-MA-469,Technology,Machines,5,5277.12,0.0,26385.6,19878.77,26385.6,6506.83,No
EG-2023-1306,2023-11-17,2023-11-18,1,First Class,Tara Emad,Corporate,Egypt,Luxor,Armant,Ahmed Ragab,SPO-SP-620,Sports & Outdoors,Sportswear,5,464.83,0.05,2207.94,1651.87,2207.94,556.07,No
EG-2023-1306,2023-11-18,2023-11-21,3,Second Class,Jamila Awad,Consumer,Egypt,Qena,Qena City,Mina Youssef,OFF-AR-144,Office Supplies,Art,9,61.05,0.0,549.45,376.71,549.45,172.74,No
EG-2023-1307,2023-11-18,2023-11-19,1,First Class,Mohamed Ali,Consumer,Egypt,Minya,Minya City,Sara Amin,HOM-AI-239,Home Appliances,Air Conditioners,1,17095.71,0.0,17095.71,13285.14,17095.71,3810.57,No
EG-2023-1308,2023-11-18,2023-11-24,6,Standard Class,Reem Moustafa,Home Office,Egypt,Giza,6th of October,Karim Salah,TEC-MA-921,Technology,Machines,2,5072.24,0.0,10144.48,6699.39,10144.48,3445.09,No
EG-2023-1307,2023-11-19,2023-11-21,2,Second Class,Mona Abdelrahman,Consumer,Egypt,North Sinai,Rafah,Karim Salah,TEC-CO-484,Technology,Copiers,10,4676.66,0.05,44428.27,31806.63,44428.27,12621.64,No
EG-2023-1308,2023-11-19,2023-11-21,2,Second Class,Fatma Ibrahim,Home Office,Egypt,Fayoum,Fayoum City,Sara Amin,FUR-FU-529,Furniture,Furnishings,8,159.88,0.0,1279.04,929.4,1279.04,349.64,No
EG-2023-1309,2023-11-19,2023-11-19,0,Same Day,Fatma Ibrahim,Home Office,Egypt,Alexandria,Stanly,Mina Youssef,OFF-PA-519,Office Supplies,Paper,7,48.33,0.05,321.39,245.29,321.39,76.1,No
EG-2023-1308,2023-11-20,2023-11-23,3,Second Class,Mustafa Kamal,Consumer,Egypt,Red Sea,Marsa Alam,Ahmed Ragab,SPO-CA-426,Sports & Outdoors,Camping Gear,5,1477.07,0.0,7385.35,5684.52,7385.35,1700.83,No
EG-2023-1309,2023-11-20,2023-11-26,6,Standard Class,Asmaa Galal,Home Office,Egypt,Giza,Dokki,Sara Amin,SPO-CA-672,Sports & Outdoors,Camping Gear,9,1582.12,0.0,14239.08,9353.08,14239.08,4886.0,No
EG-2023-1310,2023-11-20,2023-11-22,2,Second Class,Tara Emad,Consumer,Egypt,North Sinai,Sheikh Zuweid,Sara Amin,CLO-SH-504,Clothing & Apparel,Shoes,1,1108.87,0.0,1108.87,777.24,1108.87,331.63,No
EG-2023-1309,2023-11-21,2023-11-25,4,Standard Class,Amir Karara,Corporate,Egypt,New Valley,Farafra,Mina Youssef,SPO-BI-318,Sports & Outdoors,Bicycles,8,4098.07,0.0,32784.56,26143.59,32784.56,6640.97,No
EG-2023-1310,2023-11-21,2023-11-26,5,Standard Class,Amr Diab,Home Office,Egypt,Minya,Minya City,Sara Amin,HOM-BL-218,Home Appliances,Blenders,9,820.39,0.05,7014.33,4693.35,7014.33,2320.98,No
EG-2023-1310,2023-11-22,2023-11-27,5,Standard Class,Eyad Nassar,Home Office,Egypt,Sohag,Akhmim,Mina Youssef,SPO-BI-292,Sports & Outdoors,Bicycles,8,4540.85,0.0,36326.8,26183.57,36326.8,10143.23,No
EG-2023-1311,2023-11-22,2023-11-23,1,First Class,Farouk El-Fishawy,Home Office,Egypt,Suez,Arbaeen,Youssef Khaled,OFF-BI-535,Office Supplies,Binders,1,77.59,0.0,77.59,57.14,77.59,20.45,No
EG-2023-1312,2023-11-22,2023-11-24,2,Second Class,Mohamed Henedy,Corporate,Egypt,Suez,Attaka,Sara Amin,SPO-SP-423,Sports & Outdoors,Sportswear,10,493.55,0.0,4935.5,3380.56,4935.5,1554.94,No
EG-2023-1311,2023-11-23,2023-11-24,1,First Class,Adel Emam,Consumer,Egypt,Ismailia,Al Qantara,Karim Salah,CLO-SH-868,Clothing & Apparel,Shirts,4,403.43,0.0,1613.72,1271.86,1613.72,341.86,No
EG-2023-1312,2023-11-23,2023-11-26,3,Second Class,Ahmed Mekky,Consumer,Egypt,New Valley,Farafra,Karim Salah,OFF-AR-549,Office Supplies,Art,2,65.25,0.0,130.5,102.92,130.5,27.58,No
EG-2023-1312,2023-11-24,2023-11-27,3,Second Class,Hany Ramzy,Consumer,Egypt,Fayoum,Tamiya,Karim Salah,SPO-SP-138,Sports & Outdoors,Sportswear,7,541.78,0.0,3792.46,2983.61,3792.46,808.85,No
EG-2023-1313,2023-11-25,2023-11-26,1,First Class,Fatma Ibrahim,Corporate,Egypt,Beheira,Kom Hamada,Mina Youssef,HOM-MI-480,Home Appliances,Microwaves,7,3295.86,0.0,23071.02,15785.74,23071.02,7285.28,No
EG-2023-1314,2023-11-25,2023-11-30,5,Standard Class,Mayan El-Sayed,Consumer,Egypt,South Sinai,Sharm El-Sheikh,Ahmed Ragab,SPO-BI-764,Sports & Outdoors,Bicycles,9,4279.68,0.0,38517.12,28097.84,38517.12,10419.28,No
EG-2023-1314,2023-11-26,2023-12-02,6,Standard Class,Wael Jassar,Consumer,Egypt,Cairo,New Cairo,Karim Salah,FUR-BO-427,Furniture,Bookcases,7,2089.89,0.1,13166.31,9466.06,13166.31,3700.25,No
EG-2023-1315,2023-11-27,2023-11-28,1,First Class,Ghada Abdelrazek,Corporate,Egypt,Asyut,Asyut City,Amr Salah,OFF-PA-889,Office Supplies,Paper,7,47.73,0.05,317.4,210.49,317.4,106.91,No
EG-2023-1316,2023-11-27,2023-11-30,3,Second Class,Aya Mahmoud,Consumer,Egypt,New Valley,Dakhla,Youssef Khaled,TEC-PH-784,Technology,Phones,6,1413.13,0.0,8478.78,5762.12,8478.78,2716.66,No
EG-2023-1317,2023-11-27,2023-11-29,2,Second Class,Mahmoud Saad,Home Office,Egypt,Ismailia,Fayed,Youssef Khaled,CLO-SH-638,Clothing & Apparel,Shoes,1,1257.44,0.0,1257.44,954.85,1257.44,302.59,No
EG-2023-1316,2023-11-28,2023-12-02,4,Standard Class,Mayan El-Sayed,Consumer,Egypt,Kafr El-Sheikh,Baltim,Amr Salah,FUR-TA-258,Furniture,Tables,7,4808.45,0.1,30293.23,20243.63,30293.23,10049.6,No
EG-2023-1317,2023-11-28,2023-12-03,5,Standard Class,Asma Abulyazeid,Home Office,Egypt,Suez,Attaka,Karim Salah,FUR-BO-349,Furniture,Bookcases,1,2150.89,0.0,2150.89,1686.01,2150.89,464.88,No
EG-2023-1318,2023-11-28,2023-12-04,6,Standard Class,Mohamed Henedy,Corporate,Egypt,Minya,Samalut,Ahmed Ragab,FUR-BO-271,Furniture,Bookcases,5,1998.66,0.0,9993.3,6821.64,9993.3,3171.66,No
EG-2023-1317,2023-11-29,2023-12-02,3,Second Class,Mohamed Ali,Consumer,Egypt,Qena,Nag Hammadi,Mina Youssef,CLO-SH-561,Clothing & Apparel,Shirts,7,407.3,0.0,2851.1,1934.58,2851.1,916.52,No
EG-2023-1318,2023-11-29,2023-12-03,4,Standard Class,Hussein Fahmy,Home Office,Egypt,Beni Suef,Beni Suef City,Youssef Khaled,OFF-BI-924,Office Supplies,Binders,3,85.72,0.15,218.59,162.06,218.59,56.53,No
EG-2023-1318,2023-11-30,2023-12-03,3,Second Class,Mahmoud Saad,Corporate,Egypt,Minya,Mallawi,Karim Salah,HOM-BL-281,Home Appliances,Blenders,1,868.03,0.0,868.03,650.42,868.03,217.61,No
EG-2023-1319,2023-12-01,2023-12-01,0,Same Day,Mohamed Henedy,Corporate,Egypt,Fayoum,Fayoum City,Noha Mahmoud,CLO-SH-195,Clothing & Apparel,Shirts,5,387.52,0.0,1937.6,1347.53,1937.6,590.07,No
EG-2023-1320,2023-12-01,2023-12-07,6,Standard Class,Mahmoud Yassin,Corporate,Egypt,Dakahlia,Talkha,Sara Amin,CLO-PA-992,Clothing & Apparel,Pants,9,615.87,0.05,5265.69,3869.35,5265.69,1396.34,No
EG-2023-1321,2023-12-01,2023-12-02,1,First Class,Aya Mahmoud,Corporate,Egypt,Ismailia,Ismailia City,Youssef Khaled,TEC-MA-516,Technology,Machines,6,5541.59,0.0,33249.54,24469.16,33249.54,8780.38,No
EG-2023-1320,2023-12-02,2023-12-07,5,Standard Class,Mohamed Henedy,Home Office,Egypt,Qalyubia,Shubra El-Kheima,Noha Mahmoud,HOM-MI-711,Home Appliances,Microwaves,5,3266.04,0.0,16330.2,11423.17,16330.2,4907.03,No
EG-2023-1321,2023-12-02,2023-12-08,6,Standard Class,Maged El-Kedwany,Corporate,Egypt,Asyut,Asyut City,Noha Mahmoud,SPO-CA-583,Sports & Outdoors,Camping Gear,6,1385.19,0.0,8311.14,5495.82,8311.14,2815.32,No
EG-2023-1322,2023-12-02,2023-12-07,5,Standard Class,Farouk El-Fishawy,Home Office,Egypt,Alexandria,Miami,Amr Salah,CLO-PA-846,Clothing & Apparel,Pants,6,589.66,0.0,3537.96,2438.83,3537.96,1099.13,No
EG-2023-1321,2023-12-03,2023-12-05,2,Second Class,Reem Moustafa,Consumer,Egypt,New Valley,Kharga,Mina Youssef,HOM-MI-679,Home Appliances,Microwaves,5,3218.2,0.05,15286.45,11084.63,15286.45,4201.82,No
EG-2023-1322,2023-12-04,2023-12-04,0,Same Day,Mona Abdelrahman,Home Office,Egypt,Dakahlia,Mansoura,Amr Salah,CLO-PA-729,Clothing & Apparel,Pants,2,559.0,0.0,1118.0,845.2,1118.0,272.8,No
EG-2023-1323,2023-12-04,2023-12-05,1,First Class,Asma Abulyazeid,Corporate,Egypt,Cairo,Nasr City,Sara Amin,CLO-PA-193,Clothing & Apparel,Pants,2,603.48,0.0,1206.96,905.9,1206.96,301.06,No
EG-2023-1323,2023-12-05,2023-12-11,6,Standard Class,Hussein Fahmy,Consumer,Egypt,Qalyubia,Shubra El-Kheima,Ahmed Ragab,FUR-FU-741,Furniture,Furnishings,5,162.82,0.0,814.1,645.23,814.1,168.87,No
EG-2023-1324,2023-12-05,2023-12-06,1,First Class,Hend Sabry,Consumer,Egypt,Alexandria,Stanly,Amr Salah,TEC-AC-982,Technology,Accessories,5,331.03,0.0,1655.15,1161.16,1655.15,493.99,No
EG-2023-1324,2023-12-06,2023-12-09,3,Second Class,Mohamed Henedy,Corporate,Egypt,Beheira,Damanhour,Amr Salah,HOM-BL-411,Home Appliances,Blenders,10,798.15,0.0,7981.5,5319.22,7981.5,2662.28,No
EG-2023-1325,2023-12-06,2023-12-08,2,Second Class,Hazem Emam,Home Office,Egypt,Ismailia,Ismailia City,Amr Salah,CLO-JA-606,Clothing & Apparel,Jackets,2,1842.18,0.0,3684.36,2549.6,3684.36,1134.76,No
EG-2023-1325,2023-12-07,2023-12-09,2,Second Class,Reem Moustafa,Home Office,Egypt,South Sinai,Sharm El-Sheikh,Amr Salah,HOM-RE-622,Home Appliances,Refrigerators,10,12878.71,0.0,128787.1,99777.36,128787.1,29009.74,No
EG-2023-1326,2023-12-07,2023-12-12,5,Standard Class,Sherif Anwar,Consumer,Egypt,Gharbia,El Mahalla El Kubra,Noha Mahmoud,CLO-JA-239,Clothing & Apparel,Jackets,10,1967.66,0.0,19676.6,13485.2,19676.6,6191.4,No
EG-2023-1326,2023-12-08,2023-12-10,2,Second Class,Reem Moustafa,Corporate,Egypt,Qena,Nag Hammadi,Noha Mahmoud,OFF-PA-204,Office Supplies,Paper,3,48.05,0.05,136.94,103.56,136.94,33.38,No
EG-2023-1327,2023-12-08,2023-12-10,2,Second Class,Fatma Ibrahim,Home Office,Egypt,Port Said,Port Fouad,Karim Salah,CLO-PA-295,Clothing & Apparel,Pants,9,596.91,0.1,4834.97,3502.42,4834.97,1332.55,No
EG-2023-1328,2023-12-08,2023-12-10,2,Second Class,Omar Sherif,Corporate,Egypt,Sohag,Sohag City,Youssef Khaled,SPO-SP-659,Sports & Outdoors,Sportswear,7,542.57,0.0,3797.99,2979.0,3797.99,818.99,No
EG-2023-1327,2023-12-09,2023-12-09,0,Same Day,Mustafa Kamal,Home Office,Egypt,Qena,Qena City,Sara Amin,OFF-PA-340,Office Supplies,Paper,2,46.02,0.05,87.44,67.19,87.44,20.25,No
EG-2023-1328,2023-12-10,2023-12-16,6,Standard Class,Mohamed Ramadan,Home Office,Egypt,New Valley,Farafra,Noha Mahmoud,CLO-SH-623,Clothing & Apparel,Shoes,1,1319.93,0.0,1319.93,1046.68,1319.93,273.25,No
EG-2023-1329,2023-12-10,2023-12-16,6,Standard Class,Nelly Karim,Home Office,Egypt,Beni Suef,Nasser,Mina Youssef,SPO-BI-748,Sports & Outdoors,Bicycles,9,4565.29,0.0,41087.61,31627.81,41087.61,9459.8,No
EG-2023-1329,2023-12-11,2023-12-17,6,Standard Class,Mayan El-Sayed,Home Office,Egypt,Matrouh,Marsa Matrouh,Sara Amin,TEC-CO-140,Technology,Copiers,6,5468.07,0.05,31168.0,24135.46,31168.0,7032.54,No
EG-2023-1330,2023-12-11,2023-12-11,0,Same Day,Hany Ramzy,Consumer,Egypt,Alexandria,Smouha,Youssef Khaled,SPO-BI-769,Sports & Outdoors,Bicycles,1,4128.9,0.0,4128.9,2870.76,4128.9,1258.14,No
EG-2023-1330,2023-12-12,2023-12-17,5,Standard Class,Fatma Ibrahim,Home Office,Egypt,Suez,Attaka,Ahmed Ragab,TEC-MA-670,Technology,Machines,7,5616.3,0.0,39314.1,28843.2,39314.1,10470.9,No
EG-2023-1331,2023-12-12,2023-12-18,6,Standard Class,Mohamed Ramadan,Corporate,Egypt,Luxor,Esna,Amr Salah,CLO-SH-755,Clothing & Apparel,Shirts,1,394.15,0.0,394.15,291.1,394.15,103.05,No
EG-2023-1332,2023-12-12,2023-12-13,1,First Class,Aya Mahmoud,Corporate,Egypt,North Sinai,Sheikh Zuweid,Noha Mahmoud,SPO-FI-223,Sports & Outdoors,Fitness Equipment,1,3175.74,0.0,3175.74,2173.48,3175.74,1002.26,No
EG-2023-1331,2023-12-13,2023-12-18,5,Standard Class,Mai Ezz Eldin,Home Office,Egypt,Beni Suef,Beni Suef City,Karim Salah,HOM-BL-783,Home Appliances,Blenders,3,734.51,0.0,2203.53,1722.55,2203.53,480.98,Yes
EG-2023-1332,2023-12-14,2023-12-18,4,Standard Class,Mona Abdelrahman,Home Office,Egypt,Gharbia,Tanta,Amr Salah,OFF-ST-935,Office Supplies,Storage,4,301.13,0.05,1144.29,872.6,1144.29,271.69,No
EG-2023-1333,2023-12-14,2023-12-15,1,First Class,Adel Emam,Corporate,Egypt,Kafr El-Sheikh,Baltim,Amr Salah,FUR-FU-567,Furniture,Furnishings,8,154.74,0.0,1237.92,949.79,1237.92,288.13,No
EG-2023-1333,2023-12-15,2023-12-17,2,Second Class,Sherif Anwar,Home Office,Egypt,Giza,6th of October,Ahmed Ragab,OFF-AR-815,Office Supplies,Art,9,54.03,0.1,437.64,324.36,437.64,113.28,No
EG-2023-1334,2023-12-15,2023-12-18,3,Second Class,Mena Shalaby,Home Office,Egypt,Damietta,New Damietta,Amr Salah,OFF-ST-707,Office Supplies,Storage,10,296.82,0.0,2968.2,1989.61,2968.2,978.59,No
EG-2023-1334,2023-12-16,2023-12-16,0,Same Day,Mai Ezz Eldin,Consumer,Egypt,South Sinai,Dahab,Mina Youssef,FUR-TA-180,Furniture,Tables,6,4677.93,0.05,26664.2,19359.49,26664.2,7304.71,No
EG-2023-1335,2023-12-16,2023-12-16,0,Same Day,Hussein Fahmy,Home Office,Egypt,Minya,Mallawi,Ahmed Ragab,TEC-MA-373,Technology,Machines,4,5168.83,0.15,17574.02,12571.73,17574.02,5002.29,No
EG-2023-1336,2023-12-16,2023-12-21,5,Standard Class,Jamila Awad,Home Office,Egypt,New Valley,Kharga,Sara Amin,HOM-RE-501,Home Appliances,Refrigerators,3,12220.24,0.15,31161.61,23578.46,31161.61,7583.15,No
EG-2023-1335,2023-12-17,2023-12-17,0,Same Day,Karim Abdelaziz,Corporate,Egypt,Monufia,Shibin El Kom,Ahmed Ragab,HOM-RE-645,Home Appliances,Refrigerators,4,12826.82,0.15,43611.19,31719.01,43611.19,11892.18,No
EG-2023-1336,2023-12-17,2023-12-20,3,Second Class,Tara Emad,Corporate,Egypt,New Valley,Kharga,Noha Mahmoud,SPO-CA-304,Sports & Outdoors,Camping Gear,7,1497.85,0.05,9960.7,7369.14,9960.7,2591.56,No
EG-2023-1336,2023-12-18,2023-12-23,5,Standard Class,Nour El-Din,Corporate,Egypt,Asyut,Asyut City,Mina Youssef,CLO-JA-313,Clothing & Apparel,Jackets,1,1799.95,0.0,1799.95,1366.74,1799.95,433.21,No
EG-2023-1337,2023-12-19,2023-12-24,5,Standard Class,Jamila Awad,Corporate,Egypt,Minya,Mallawi,Mina Youssef,HOM-AI-323,Home Appliances,Air Conditioners,8,15250.67,0.0,122005.36,96712.97,122005.36,25292.39,Yes
EG-2023-1338,2023-12-19,2023-12-25,6,Standard Class,Mai Ezz Eldin,Corporate,Egypt,Damietta,Damietta City,Ahmed Ragab,OFF-BI-713,Office Supplies,Binders,7,74.56,0.1,469.73,363.44,469.73,106.29,No
EG-2023-1339,2023-12-19,2023-12-21,2,Second Class,Maged El-Kedwany,Corporate,Egypt,Qalyubia,Banha,Sara Amin,SPO-CA-933,Sports & Outdoors,Camping Gear,1,1361.88,0.0,1361.88,1043.91,1361.88,317.97,No
EG-2023-1338,2023-12-20,2023-12-24,4,Standard Class,Amir Karara,Home Office,Egypt,Luxor,Luxor City,Youssef Khaled,OFF-PA-901,Office Supplies,Paper,4,53.69,0.0,214.76,147.41,214.76,67.35,No
EG-2023-1339,2023-12-20,2023-12-21,1,First Class,Ahmed Mekky,Home Office,Egypt,Giza,Dokki,Youssef Khaled,SPO-FI-436,Sports & Outdoors,Fitness Equipment,9,2960.57,0.05,25312.87,18270.77,25312.87,7042.1,Yes
EG-2023-1339,2023-12-21,2023-12-27,6,Standard Class,Amr Hassan,Home Office,Egypt,Suez,Attaka,Ahmed Ragab,HOM-MI-197,Home Appliances,Microwaves,6,3298.16,0.0,19788.96,13379.99,19788.96,6408.97,No
EG-2023-1340,2023-12-21,2023-12-21,0,Same Day,Tara Emad,Consumer,Egypt,Matrouh,Alamein,Sara Amin,FUR-CH-569,Furniture,Chairs,10,873.64,0.0,8736.4,6711.5,8736.4,2024.9,No
EG-2023-1340,2023-12-22,2023-12-22,0,Same Day,Mona Zaki,Home Office,Egypt,Beheira,Kom Hamada,Sara Amin,TEC-MA-541,Technology,Machines,1,5400.47,0.05,5130.45,4033.46,5130.45,1096.99,No
EG-2023-1341,2023-12-22,2023-12-23,1,First Class,Asma Abulyazeid,Home Office,Egypt,Gharbia,Tanta,Sara Amin,FUR-CH-968,Furniture,Chairs,10,880.44,0.0,8804.4,6771.17,8804.4,2033.23,No
EG-2023-1341,2023-12-23,2023-12-23,0,Same Day,Mona Abdelrahman,Corporate,Egypt,Asyut,Dairut,Amr Salah,HOM-AI-855,Home Appliances,Air Conditioners,5,17242.13,0.1,77589.59,61263.71,77589.59,16325.88,No
EG-2023-1342,2023-12-25,2023-12-26,1,First Class,Ahmed Ezz,Corporate,Egypt,Red Sea,Marsa Alam,Noha Mahmoud,FUR-FU-479,Furniture,Furnishings,4,163.65,0.05,621.87,480.37,621.87,141.5,No
EG-2023-1343,2023-12-25,2023-12-25,0,Same Day,Mahmoud Saad,Consumer,Egypt,Damietta,Ras El Bar,Noha Mahmoud,SPO-FI-474,Sports & Outdoors,Fitness Equipment,5,2868.99,0.0,14344.95,9456.76,14344.95,4888.19,No
EG-2023-1343,2023-12-26,2023-12-31,5,Standard Class,Yasmine Sabri,Consumer,Egypt,Minya,Minya City,Sara Amin,TEC-CO-615,Technology,Copiers,9,5298.43,0.05,45301.58,33535.1,45301.58,11766.48,No
EG-2023-1344,2023-12-26,2023-12-29,3,Second Class,Wael Jassar,Home Office,Egypt,Qena,Qena City,Mina Youssef,CLO-JA-534,Clothing & Apparel,Jackets,5,1842.81,0.05,8753.35,6415.8,8753.35,2337.55,No
EG-2023-1345,2023-12-26,2023-12-29,3,Second Class,Huda El-Mufti,Consumer,Egypt,Ismailia,Fayed,Sara Amin,CLO-PA-660,Clothing & Apparel,Pants,7,624.36,0.0,4370.52,3460.94,4370.52,909.58,No
EG-2023-1344,2023-12-27,2023-12-29,2,Second Class,Jamila Awad,Corporate,Egypt,Port Said,Port Fouad,Mina Youssef,HOM-RE-899,Home Appliances,Refrigerators,4,11021.1,0.15,37471.74,25116.99,37471.74,12354.75,No
EG-2023-1345,2023-12-28,2024-01-02,5,Standard Class,Ahmed Mekky,Corporate,Egypt,New Valley,Kharga,Ahmed Ragab,OFF-BI-714,Office Supplies,Binders,6,82.59,0.0,495.54,331.22,495.54,164.32,No
EG-2023-1346,2023-12-29,2023-12-30,1,First Class,Mena Shalaby,Corporate,Egypt,Qena,Nag Hammadi,Mina Youssef,OFF-ST-555,Office Supplies,Storage,4,273.09,0.15,928.51,701.41,928.51,227.1,No
EG-2023-1347,2023-12-29,2023-12-29,0,Same Day,Amina Khalil,Consumer,Egypt,Giza,6th of October,Mina Youssef,CLO-SH-690,Clothing & Apparel,Shirts,6,427.07,0.0,2562.42,1703.47,2562.42,858.95,No
EG-2023-1347,2023-12-30,2023-12-30,0,Same Day,Ghada Abdelrazek,Corporate,Egypt,Dakahlia,Talkha,Noha Mahmoud,HOM-BL-239,Home Appliances,Blenders,2,760.04,0.05,1444.08,991.89,1444.08,452.19,No
EG-2023-1348,2023-12-30,2024-01-01,2,Second Class,Zainab Soliman,Home Office,Egypt,Monufia,Menouf,Karim Salah,TEC-PH-447,Technology,Phones,8,1366.48,0.05,10385.25,8116.09,10385.25,2269.16,No
EG-2023-1349,2023-12-30,2024-01-01,2,Second Class,Amr Hassan,Corporate,Egypt,Luxor,Esna,Youssef Khaled,HOM-RE-661,Home Appliances,Refrigerators,10,13057.49,0.0,130574.9,102908.8,130574.9,27666.1,No
EG-2023-1348,2023-12-31,2024-01-06,6,Standard Class,Wael Jassar,Consumer,Egypt,Damietta,New Damietta,Noha Mahmoud,SPO-CA-717,Sports & Outdoors,Camping Gear,1,1553.53,0.0,1553.53,1021.14,1553.53,532.39,No
EG-2024-1349,2024-01-01,2024-01-07,6,Standard Class,Mona Zaki,Corporate,Egypt,South Sinai,Dahab,Noha Mahmoud,OFF-BI-471,Office Supplies,Binders,3,74.94,0.0,269.78,205.75,269.78,64.03,No
EG-2024-1350,2024-01-01,2024-01-05,4,Standard Class,Asser Yassin,Consumer,Egypt,Asyut,Dairut,Karim Salah,CLO-SH-445,Clothing & Apparel,Shoes,3,1262.56,0.15,3863.44,3071.95,3863.44,791.49,No
EG-2024-1351,2024-01-01,2024-01-04,3,Second Class,Nelly Karim,Home Office,Egypt,Beheira,Kom Hamada,Ahmed Ragab,SPO-BI-639,Sports & Outdoors,Bicycles,4,4400.56,0.0,21122.69,16639.64,21122.69,4483.05,No
EG-2024-1350,2024-01-02,2024-01-03,1,First Class,Mayan El-Sayed,Corporate,Egypt,Qalyubia,Khanka,Sara Amin,HOM-MI-331,Home Appliances,Microwaves,1,3697.27,0.15,3771.21,2592.42,3771.21,1178.79,No
EG-2024-1351,2024-01-02,2024-01-06,4,Standard Class,Asma Abulyazeid,Corporate,Egypt,Cairo,Nasr City,Amr Salah,FUR-FU-141,Furniture,Furnishings,5,150.32,0.15,766.63,573.07,766.63,193.56,No
EG-2024-1351,2024-01-03,2024-01-08,5,Standard Class,Rania Moustafa,Home Office,Egypt,Giza,Dokki,Karim Salah,SPO-BI-711,Sports & Outdoors,Bicycles,8,4451.13,0.0,42730.85,31788.61,42730.85,10942.24,Yes
EG-2024-1352,2024-01-03,2024-01-06,3,Second Class,Nour El-Sherif,Consumer,Egypt,Fayoum,Tamiya,Ahmed Ragab,HOM-BL-459,Home Appliances,Blenders,5,774.99,0.15,3952.45,2631.0,3952.45,1321.45,No
EG-2024-1353,2024-01-03,2024-01-05,2,Second Class,Adel Emam,Home Office,Egypt,Red Sea,Hurghada,Youssef Khaled,CLO-PA-182,Clothing & Apparel,Pants,5,613.0,0.15,3126.3,2265.79,3126.3,860.51,No
EG-2024-1352,2024-01-04,2024-01-04,0,Same Day,Asmaa Galal,Home Office,Egypt,New Valley,Kharga,Karim Salah,OFF-BI-604,Office Supplies,Binders,1,73.07,0.0,87.68,66.37,87.68,21.31,No
EG-2024-1353,2024-01-04,2024-01-06,2,Second Class,Adel Emam,Corporate,Egypt,Qalyubia,Shubra El-Kheima,Noha Mahmoud,TEC-PH-811,Technology,Phones,1,1491.11,0.0,1789.33,1305.4,1789.33,483.93,No
EG-2024-1353,2024-01-05,2024-01-07,2,Second Class,Ghada Abdelrazek,Home Office,Egypt,South Sinai,Dahab,Sara Amin,SPO-SP-503,Sports & Outdoors,Sportswear,7,530.95,0.0,4459.98,3232.6,4459.98,1227.38,No
EG-2024-1354,2024-01-05,2024-01-06,1,First Class,Yasmine Sabri,Consumer,Egypt,Alexandria,Stanly,Mina Youssef,FUR-BO-519,Furniture,Bookcases,1,1875.38,0.05,2137.94,1690.91,2137.94,447.03,No
EG-2024-1355,2024-01-05,2024-01-11,6,Standard Class,Tarek Sayed,Consumer,Egypt,Matrouh,Alamein,Amr Salah,FUR-BO-627,Furniture,Bookcases,8,1958.96,0.0,18806.02,12421.28,18806.02,6384.74,No
EG-2024-1354,2024-01-06,2024-01-12,6,Standard Class,Hazem Emam,Consumer,Egypt,Luxor,Esna,Noha Mahmoud,HOM-BL-302,Home Appliances,Blenders,9,813.24,0.0,8782.99,6840.06,8782.99,1942.93,No
EG-2024-1355,2024-01-06,2024-01-06,0,Same Day,Hussein Fahmy,Corporate,Egypt,South Sinai,Sharm El-Sheikh,Youssef Khaled,CLO-PA-464,Clothing & Apparel,Pants,5,571.67,0.0,3430.02,2568.22,3430.02,861.8,No
EG-2024-1355,2024-01-07,2024-01-12,5,Standard Class,Mona Zaki,Home Office,Egypt,Luxor,Armant,Noha Mahmoud,OFF-ST-633,Office Supplies,Storage,4,270.6,0.0,1298.88,991.91,1298.88,306.97,No
EG-2024-1356,2024-01-07,2024-01-11,4,Standard Class,Farouk El-Fishawy,Home Office,Egypt,Dakahlia,Mit Ghamr,Sara Amin,SPO-CA-294,Sports & Outdoors,Camping Gear,2,1632.83,0.05,3722.85,2622.06,3722.85,1100.79,No
EG-2024-1356,2024-01-08,2024-01-10,2,Second Class,Mai Ezz Eldin,Corporate,Egypt,Ismailia,Fayed,Noha Mahmoud,HOM-AI-785,Home Appliances,Air Conditioners,2,15661.02,0.0,37586.45,28150.86,37586.45,9435.59,No
EG-2024-1357,2024-01-08,2024-01-14,6,Standard Class,Hazem Emam,Corporate,Egypt,Beheira,Kom Hamada,Karim Salah,OFF-PA-717,Office Supplies,Paper,3,54.48,0.15,166.71,128.61,166.71,38.1,No
EG-2024-1358,2024-01-08,2024-01-11,3,Second Class,Farouk El-Fishawy,Corporate,Egypt,Matrouh,Alamein,Youssef Khaled,CLO-JA-222,Clothing & Apparel,Jackets,4,1647.94,0.0,7910.11,5325.64,7910.11,2584.47,No
EG-2024-1357,2024-01-09,2024-01-12,3,Second Class,Hussein Fahmy,Corporate,Egypt,Qena,Qena City,Karim Salah,HOM-MI-447,Home Appliances,Microwaves,5,3600.39,0.0,21602.34,16075.53,21602.34,5526.81,No
EG-2024-1358,2024-01-10,2024-01-13,3,Second Class,Mona Zaki,Corporate,Egypt,Sharqia,Belbeis,Sara Amin,SPO-CA-955,Sports & Outdoors,Camping Gear,9,1393.06,0.0,15045.05,10502.83,15045.05,4542.22,No
EG-2024-1359,2024-01-11,2024-01-16,5,Standard Class,Dina El-Sherbiny,Home Office,Egypt,Cairo,Maadi,Youssef Khaled,CLO-JA-399,Clothing & Apparel,Jackets,9,1912.34,0.0,20653.27,13779.13,20653.27,6874.14,No
EG-2024-1360,2024-01-11,2024-01-11,0,Same Day,Reem Moustafa,Corporate,Egypt,Matrouh,Marsa Matrouh,Ahmed Ragab,OFF-PA-565,Office Supplies,Paper,6,47.56,0.05,325.31,222.79,325.31,102.52,No
EG-2024-1360,2024-01-12,2024-01-13,1,First Class,Ahmed Mekky,Home Office,Egypt,Kafr El-Sheikh,Baltim,Noha Mahmoud,SPO-SP-674,Sports & Outdoors,Sportswear,9,495.33,0.0,5349.56,3582.32,5349.56,1767.24,No
EG-2024-1361,2024-01-13,2024-01-15,2,Second Class,Maged El-Kedwany,Consumer,Egypt,Sohag,Sohag City,Ahmed Ragab,FUR-CH-482,Furniture,Chairs,1,908.54,0.0,1090.25,775.51,1090.25,314.74,No
EG-2024-1362,2024-01-13,2024-01-18,5,Standard Class,Hassan El-Raddad,Consumer,Egypt,Dakahlia,Mit Ghamr,Karim Salah,TEC-PH-539,Technology,Phones,2,1360.95,0.05,3102.97,2287.53,3102.97,815.44,No
EG-2024-1363,2024-01-13,2024-01-16,3,Second Class,Hend Sabry,Corporate,Egypt,Fayoum,Sinnuris,Ahmed Ragab,CLO-SH-995,Clothing & Apparel,Shoes,7,1193.27,0.0,10023.47,7311.19,10023.47,2712.28,No
EG-2024-1362,2024-01-15,2024-01-18,3,Second Class,Asma Abulyazeid,Corporate,Egypt,Damietta,New Damietta,Karim Salah,OFF-AR-756,Office Supplies,Art,4,58.12,0.05,265.03,173.35,265.03,91.68,No
EG-2024-1363,2024-01-15,2024-01-18,3,Second Class,Dina El-Sherbiny,Home Office,Egypt,Matrouh,Marsa Matrouh,Noha Mahmoud,HOM-MI-160,Home Appliances,Microwaves,4,3571.09,0.05,16284.17,11762.72,16284.17,4521.45,No
EG-2024-1363,2024-01-16,2024-01-22,6,Standard Class,Ahmed Helmy,Home Office,Egypt,Dakahlia,Mit Ghamr,Amr Salah,HOM-RE-159,Home Appliances,Refrigerators,3,12795.64,0.15,39154.65,27709.56,39154.65,11445.09,No
EG-2024-1364,2024-01-17,2024-01-22,5,Standard Class,Mai Ezz Eldin,Consumer,Egypt,Fayoum,Sinnuris,Ahmed Ragab,HOM-BL-290,Home Appliances,Blenders,7,859.3,0.0,7218.12,5103.93,7218.12,2114.19,No
EG-2024-1365,2024-01-18,2024-01-22,4,Standard Class,Farouk El-Fishawy,Corporate,Egypt,Minya,Samalut,Karim Salah,FUR-FU-272,Furniture,Furnishings,9,144.78,0.15,1329.08,905.11,1329.08,423.97,No
EG-2024-1366,2024-01-18,2024-01-20,2,Second Class,Huda El-Mufti,Home Office,Egypt,Dakahlia,Mansoura,Amr Salah,CLO-PA-344,Clothing & Apparel,Pants,10,656.81,0.0,7881.72,6274.23,7881.72,1607.49,No
EG-2024-1366,2024-01-19,2024-01-19,0,Same Day,Asma Abulyazeid,Home Office,Egypt,Minya,Minya City,Amr Salah,HOM-AI-984,Home Appliances,Air Conditioners,8,16715.33,0.15,136397.09,94186.51,136397.09,42210.58,No
EG-2024-1367,2024-01-19,2024-01-25,6,Standard Class,Mohamed Ramadan,Consumer,Egypt,Asyut,Fateh,Sara Amin,HOM-BL-132,Home Appliances,Blenders,1,787.48,0.15,803.23,559.68,803.23,243.55,No
EG-2024-1367,2024-01-21,2024-01-27,6,Standard Class,Aya Mahmoud,Home Office,Egypt,Qena,Qena City,Mina Youssef,OFF-BI-948,Office Supplies,Binders,5,84.23,0.05,480.11,357.86,480.11,122.25,No
EG-2024-1368,2024-01-21,2024-01-24,3,Second Class,Hazem Emam,Consumer,Egypt,Asyut,Asyut City,Mina Youssef,CLO-JA-646,Clothing & Apparel,Jackets,4,1877.85,0.1,8112.31,5957.84,8112.31,2154.47,No
EG-2024-1368,2024-01-22,2024-01-27,5,Standard Class,Asmaa Galal,Consumer,Egypt,Cairo,New Cairo,Amr Salah,SPO-SP-947,Sports & Outdoors,Sportswear,3,457.6,0.0,1647.36,1282.08,1647.36,365.28,No
EG-2024-1369,2024-01-22,2024-01-28,6,Standard Class,Eyad Nassar,Corporate,Egypt,Dakahlia,Mansoura,Noha Mahmoud,FUR-CH-459,Furniture,Chairs,6,901.03,0.0,6487.42,4874.07,6487.42,1613.35,No
EG-2024-1369,2024-01-23,2024-01-27,4,Standard Class,Amir Karara,Home Office,Egypt,Minya,Samalut,Karim Salah,FUR-FU-414,Furniture,Furnishings,2,140.25,0.0,336.6,246.76,336.6,89.84,No
EG-2024-1370,2024-01-23,2024-01-27,4,Standard Class,Mohamed Henedy,Consumer,Egypt,Qalyubia,Shubra El-Kheima,Sara Amin,TEC-PH-179,Technology,Phones,6,1510.22,0.0,10873.58,8587.61,10873.58,2285.97,No
EG-2024-1370,2024-01-24,2024-01-29,5,Standard Class,Farouk El-Fishawy,Corporate,Egypt,Dakahlia,Mit Ghamr,Youssef Khaled,CLO-JA-574,Clothing & Apparel,Jackets,2,1915.7,0.0,4597.68,3437.62,4597.68,1160.06,No
EG-2024-1371,2024-01-24,2024-01-28,4,Standard Class,Mahmoud Yassin,Corporate,Egypt,Minya,Mallawi,Ahmed Ragab,FUR-FU-966,Furniture,Furnishings,8,152.28,0.0,1461.89,999.52,1461.89,462.37,No
EG-2024-1372,2024-01-24,2024-01-24,0,Same Day,Amina Khalil,Home Office,Egypt,Beheira,Kom Hamada,Noha Mahmoud,HOM-RE-168,Home Appliances,Refrigerators,5,10969.6,0.0,65817.6,44531.77,65817.6,21285.83,No
EG-2024-1371,2024-01-25,2024-01-27,2,Second Class,Mona Zaki,Home Office,Egypt,Qena,Nag Hammadi,Amr Salah,SPO-BI-155,Sports & Outdoors,Bicycles,4,4246.95,0.0,20385.36,14660.76,20385.36,5724.6,No
EG-2024-1372,2024-01-25,2024-01-27,2,Second Class,Hussein Fahmy,Corporate,Egypt,Port Said,Port Fouad,Mina Youssef,OFF-ST-888,Office Supplies,Storage,8,259.39,0.0,2490.14,1966.86,2490.14,523.28,No
EG-2024-1372,2024-01-26,2024-01-31,5,Standard Class,Hussein Fahmy,Corporate,Egypt,Red Sea,Marsa Alam,Amr Salah,TEC-MA-232,Technology,Machines,6,5150.45,0.0,37083.24,24118.67,37083.24,12964.57,No
EG-2024-1373,2024-01-26,2024-02-01,6,Standard Class,Mena Shalaby,Corporate,Egypt,Luxor,Esna,Amr Salah,OFF-PA-464,Office Supplies,Paper,6,47.02,0.0,338.54,253.64,338.54,84.9,No
EG-2024-1373,2024-01-27,2024-02-01,5,Standard Class,Ghada Abdelrazek,Home Office,Egypt,Asyut,Asyut City,Amr Salah,HOM-RE-123,Home Appliances,Refrigerators,7,11700.54,0.05,93370.31,71932.09,93370.31,21438.22,No
EG-2024-1374,2024-01-27,2024-01-28,1,First Class,Tara Emad,Home Office,Egypt,Qena,Abu Tesht,Mina Youssef,HOM-RE-995,Home Appliances,Refrigerators,6,11558.27,0.0,83219.54,60115.06,83219.54,23104.48,No
EG-2024-1374,2024-01-28,2024-02-01,4,Standard Class,Tarek Sayed,Consumer,Egypt,Sharqia,Zagazig,Youssef Khaled,TEC-PH-770,Technology,Phones,6,1560.28,0.0,11234.02,8268.98,11234.02,2965.04,No
EG-2024-1375,2024-01-29,2024-01-31,2,Second Class,Asser Yassin,Corporate,Egypt,Beni Suef,Nasser,Mina Youssef,OFF-ST-259,Office Supplies,Storage,7,262.5,0.1,1984.5,1541.01,1984.5,443.49,No
EG-2024-1376,2024-01-29,2024-02-04,6,Standard Class,Mena Shalaby,Home Office,Egypt,North Sinai,Sheikh Zuweid,Sara Amin,CLO-SH-557,Clothing & Apparel,Shirts,9,406.45,0.0,4389.66,3486.18,4389.66,903.48,No
EG-2024-1377,2024-01-29,2024-02-04,6,Standard Class,Asma Abulyazeid,Consumer,Egypt,Port Said,Al Sharq,Sara Amin,TEC-PH-763,Technology,Phones,7,1362.09,0.05,10869.48,7366.11,10869.48,3503.37,No
EG-2024-1376,2024-01-30,2024-02-05,6,Standard Class,Karim Abdelaziz,Corporate,Egypt,Port Said,Al Arab,Youssef Khaled,SPO-FI-859,Sports & Outdoors,Fitness Equipment,10,3090.58,0.0,37086.96,29585.25,37086.96,7501.71,No
EG-2024-1377,2024-01-30,2024-02-04,5,Standard Class,Youssef Hussein,Corporate,Egypt,Asyut,Fateh,Youssef Khaled,OFF-PA-963,Office Supplies,Paper,7,47.12,0.0,395.81,264.09,395.81,131.72,No
EG-2024-1378,2024-01-30,2024-02-03,4,Standard Class,Nelly Karim,Corporate,Egypt,Cairo,Nasr City,Ahmed Ragab,HOM-RE-106,Home Appliances,Refrigerators,7,10980.49,0.0,92236.12,61947.98,92236.12,30288.14,No
EG-2024-1377,2024-01-31,2024-01-31,0,Same Day,Ghada Abdelrazek,Home Office,Egypt,Red Sea,Hurghada,Sara Amin,CLO-JA-996,Clothing & Apparel,Jackets,1,1864.4,0.0,2237.28,1745.3,2237.28,491.98,No
EG-2024-1378,2024-02-01,2024-02-01,0,Same Day,Mona Abdelrahman,Home Office,Egypt,Port Said,Port Fouad,Karim Salah,OFF-AR-700,Office Supplies,Art,5,60.35,0.0,362.1,283.77,362.1,78.33,No
EG-2024-1379,2024-02-01,2024-02-07,6,Standard Class,Rania Moustafa,Corporate,Egypt,Red Sea,Gouna,Karim Salah,FUR-FU-843,Furniture,Furnishings,4,159.38,0.0,765.02,565.05,765.02,199.97,No
EG-2024-1380,2024-02-01,2024-02-01,0,Same Day,Eyad Nassar,Corporate,Egypt,Ismailia,Fayed,Sara Amin,TEC-MA-910,Technology,Machines,4,5402.84,0.1,23340.27,17604.51,23340.27,5735.76,No
EG-2024-1379,2024-02-02,2024-02-07,5,Standard Class,Asmaa Galal,Consumer,Egypt,Matrouh,Siwa,Youssef Khaled,OFF-AR-276,Office Supplies,Art,3,54.6,0.0,196.56,147.71,196.56,48.85,No
EG-2024-1380,2024-02-02,2024-02-07,5,Standard Class,Amr Diab,Consumer,Egypt,Giza,6th of October,Mina Youssef,TEC-PH-975,Technology,Phones,7,1601.83,0.0,13455.37,9954.17,13455.37,3501.2,No
EG-2024-1380,2024-02-03,2024-02-04,1,First Class,Jamila Awad,Home Office,Egypt,North Sinai,Rafah,Youssef Khaled,TEC-CO-352,Technology,Copiers,7,5032.99,0.0,42277.12,29484.06,42277.12,12793.06,Yes
EG-2024-1381,2024-02-03,2024-02-09,6,Standard Class,Ahmed Mekky,Consumer,Egypt,Giza,Sheikh Zayed,Mina Youssef,HOM-RE-695,Home Appliances,Refrigerators,3,12086.21,0.15,36983.81,28837.76,36983.81,8146.05,No
EG-2024-1382,2024-02-03,2024-02-09,6,Standard Class,Jamila Awad,Corporate,Egypt,Gharbia,Tanta,Youssef Khaled,TEC-MA-441,Technology,Machines,2,5801.31,0.0,13923.14,9502.36,13923.14,4420.78,No
EG-2024-1381,2024-02-04,2024-02-08,4,Standard Class,Hassan El-Raddad,Corporate,Egypt,Ismailia,Fayed,Mina Youssef,FUR-FU-590,Furniture,Furnishings,1,151.2,0.0,181.44,142.48,181.44,38.96,No
EG-2024-1382,2024-02-05,2024-02-11,6,Standard Class,Mai Ezz Eldin,Home Office,Egypt,Fayoum,Fayoum City,Karim Salah,TEC-CO-504,Technology,Copiers,3,4956.68,0.0,17844.05,12771.06,17844.05,5072.99,No
EG-2024-1383,2024-02-06,2024-02-08,2,Second Class,Hassan El-Raddad,Home Office,Egypt,Sohag,Tahta,Sara Amin,TEC-CO-731,Technology,Copiers,10,4589.81,0.05,52323.83,35971.07,52323.83,16352.76,No
EG-2024-1384,2024-02-06,2024-02-11,5,Standard Class,Mohamed Ali,Consumer,Egypt,Luxor,Esna,Sara Amin,SPO-SP-670,Sports & Outdoors,Sportswear,6,483.24,0.1,3131.4,2338.36,3131.4,793.04,Yes
EG-2024-1384,2024-02-07,2024-02-08,1,First Class,Mahmoud Yassin,Corporate,Egypt,Fayoum,Fayoum City,Noha Mahmoud,TEC-AC-368,Technology,Accessories,9,325.91,0.1,3167.85,2192.36,3167.85,975.49,Yes
EG-2024-1385,2024-02-07,2024-02-09,2,Second Class,Mohamed Henedy,Home Office,Egypt,Alexandria,Smouha,Mina Youssef,TEC-PH-561,Technology,Phones,4,1592.05,0.0,7641.84,5505.35,7641.84,2136.49,No
EG-2024-1385,2024-02-08,2024-02-11,3,Second Class,Mayan El-Sayed,Consumer,Egypt,Minya,Minya City,Noha Mahmoud,TEC-AC-220,Technology,Accessories,1,324.59,0.0,389.51,308.73,389.51,80.78,No
EG-2024-1386,2024-02-08,2024-02-12,4,Standard Class,Huda El-Mufti,Home Office,Egypt,Ismailia,Fayed,Sara Amin,CLO-SH-851,Clothing & Apparel,Shirts,9,383.17,0.0,4138.24,2947.99,4138.24,1190.25,No
EG-2024-1386,2024-02-09,2024-02-14,5,Standard Class,Amr Diab,Home Office,Egypt,Matrouh,Siwa,Noha Mahmoud,OFF-BI-529,Office Supplies,Binders,8,72.49,0.05,661.1,483.98,661.1,177.12,No
EG-2024-1387,2024-02-10,2024-02-15,5,Standard Class,Huda El-Mufti,Home Office,Egypt,New Valley,Dakhla,Sara Amin,HOM-MI-509,Home Appliances,Microwaves,5,3233.44,0.0,19400.64,14569.09,19400.64,4831.55,No
EG-2024-1388,2024-02-11,2024-02-17,6,Standard Class,Amr Hassan,Consumer,Egypt,Sharqia,10th of Ramadan,Ahmed Ragab,OFF-ST-147,Office Supplies,Storage,3,257.73,0.0,927.83,725.75,927.83,202.08,Yes
EG-2024-1389,2024-02-12,2024-02-14,2,Second Class,Ghada Abdelrazek,Consumer,Egypt,Monufia,Shibin El Kom,Karim Salah,SPO-BI-817,Sports & Outdoors,Bicycles,5,4632.11,0.0,27792.66,19248.87,27792.66,8543.79,No
EG-2024-1390,2024-02-12,2024-02-13,1,First Class,Mayan El-Sayed,Home Office,Egypt,Ismailia,Al Qantara,Noha Mahmoud,FUR-BO-752,Furniture,Bookcases,7,1950.87,0.05,15567.94,11134.98,15567.94,4432.96,No
EG-2024-1391,2024-02-12,2024-02-18,6,Standard Class,Rania Moustafa,Corporate,Egypt,New Valley,Kharga,Noha Mahmoud,HOM-RE-777,Home Appliances,Refrigerators,4,11784.29,0.05,53736.36,41032.04,53736.36,12704.32,No
EG-2024-1390,2024-02-13,2024-02-15,2,Second Class,Ahmed Mekky,Corporate,Egypt,Cairo,New Cairo,Youssef Khaled,CLO-SH-654,Clothing & Apparel,Shoes,7,1195.15,0.15,8533.37,6277.92,8533.37,2255.45,No
EG-2024-1391,2024-02-13,2024-02-18,5,Standard Class,Nour El-Sherif,Home Office,Egypt,Ismailia,Ismailia City,Youssef Khaled,TEC-PH-351,Technology,Phones,4,1379.71,0.0,6622.61,4388.37,6622.61,2234.24,No
EG-2024-1392,2024-02-13,2024-02-18,5,Standard Class,Ahmed Mansour,Corporate,Egypt,Luxor,Armant,Karim Salah,FUR-BO-339,Furniture,Bookcases,8,1920.74,0.05,17517.14,13710.44,17517.14,3806.7,No
EG-2024-1391,2024-02-14,2024-02-19,5,Standard Class,Mona Zaki,Consumer,Egypt,Alexandria,Stanly,Mina Youssef,HOM-MI-118,Home Appliances,Microwaves,7,3734.11,0.0,31366.52,24991.31,31366.52,6375.21,No
EG-2024-1392,2024-02-14,2024-02-20,6,Standard Class,Sherif Anwar,Corporate,Egypt,Aswan,Aswan City,Noha Mahmoud,HOM-AI-716,Home Appliances,Air Conditioners,6,14475.3,0.0,104222.16,78341.48,104222.16,25880.68,No
EG-2024-1392,2024-02-15,2024-02-16,1,First Class,Nelly Karim,Consumer,Egypt,Port Said,Al Arab,Ahmed Ragab,SPO-FI-883,Sports & Outdoors,Fitness Equipment,5,3298.82,0.0,19792.92,15750.96,19792.92,4041.96,No
EG-2024-1393,2024-02-16,2024-02-17,1,First Class,Ahmed Ezz,Corporate,Egypt,Dakahlia,Mansoura,Ahmed Ragab,CLO-SH-311,Clothing & Apparel,Shoes,1,1275.54,0.0,1530.65,1024.05,1530.65,506.6,No
EG-2024-1394,2024-02-16,2024-02-22,6,Standard Class,Aya Mahmoud,Consumer,Egypt,Gharbia,Zifta,Karim Salah,FUR-BO-336,Furniture,Bookcases,9,2111.53,0.0,22804.52,17666.2,22804.52,5138.32,Yes
EG-2024-1395,2024-02-16,2024-02-16,0,Same Day,Mohamed Ali,Home Office,Egypt,South Sinai,Sharm El-Sheikh,Ahmed Ragab,SPO-CA-226,Sports & Outdoors,Camping Gear,7,1646.03,0.0,13826.65,10743.97,13826.65,3082.68,No
EG-2024-1394,2024-02-17,2024-02-19,2,Second Class,Khaled El-Nabawy,Consumer,Egypt,Ismailia,Ismailia City,Youssef Khaled,FUR-TA-765,Furniture,Tables,7,4384.42,0.0,36829.13,24308.01,36829.13,12521.12,No
EG-2024-1395,2024-02-17,2024-02-17,0,Same Day,Amr Diab,Corporate,Egypt,Luxor,Armant,Youssef Khaled,HOM-RE-414,Home Appliances,Refrigerators,6,12461.33,0.0,89721.58,69611.84,89721.58,20109.74,No
EG-2024-1396,2024-02-17,2024-02-18,1,First Class,Amr Hassan,Consumer,Egypt,Sharqia,Zagazig,Ahmed Ragab,TEC-AC-110,Technology,Accessories,7,316.5,0.05,2525.67,1942.74,2525.67,582.93,Yes
EG-2024-1395,2024-02-18,2024-02-21,3,Second Class,Nelly Karim,Corporate,Egypt,Beni Suef,Biba,Karim Salah,SPO-BI-279,Sports & Outdoors,Bicycles,5,4825.26,0.1,26056.4,18276.61,26056.4,7779.79,No
EG-2024-1396,2024-02-19,2024-02-20,1,First Class,Tarek Sayed,Corporate,Egypt,Alexandria,Miami,Sara Amin,SPO-SP-798,Sports & Outdoors,Sportswear,8,450.26,0.0,4322.5,3335.07,4322.5,987.43,No
EG-2024-1397,2024-02-19,2024-02-24,5,Standard Class,Nour El-Din,Consumer,Egypt,Sharqia,10th of Ramadan,Noha Mahmoud,OFF-BI-849,Office Supplies,Binders,2,74.31,0.0,178.34,138.68,178.34,39.66,No
EG-2024-1398,2024-02-19,2024-02-20,1,First Class,Ghada Abdelrazek,Corporate,Egypt,Luxor,Luxor City,Youssef Khaled,HOM-AI-690,Home Appliances,Air Conditioners,5,14692.13,0.0,88152.78,61073.29,88152.78,27079.49,No
EG-2024-1397,2024-02-20,2024-02-26,6,Standard Class,Farouk El-Fishawy,Consumer,Egypt,Fayoum,Sinnuris,Ahmed Ragab,OFF-ST-748,Office Supplies,Storage,8,277.44,0.05,2530.25,2018.04,2530.25,512.21,No
EG-2024-1398,2024-02-20,2024-02-25,5,Standard Class,Omar Sherif,Home Office,Egypt,Qalyubia,Khanka,Amr Salah,OFF-ST-742,Office Supplies,Storage,10,270.06,0.0,3240.72,2484.84,3240.72,755.88,No
EG-2024-1399,2024-02-20,2024-02-22,2,Second Class,Mohamed Henedy,Consumer,Egypt,South Sinai,Nuweiha,Ahmed Ragab,HOM-BL-512,Home Appliances,Blenders,9,786.17,0.0,8490.64,6276.25,8490.64,2214.39,No
EG-2024-1398,2024-02-21,2024-02-25,4,Standard Class,Tamer Hosny,Corporate,Egypt,Alexandria,Smouha,Ahmed Ragab,CLO-JA-956,Clothing & Apparel,Jackets,5,1937.38,0.05,11043.07,7320.98,11043.07,3722.09,No
EG-2024-1399,2024-02-22,2024-02-22,0,Same Day,Asser Yassin,Consumer,Egypt,Beheira,Kom Hamada,Ahmed Ragab,TEC-CO-911,Technology,Copiers,1,5384.15,0.0,6460.98,4699.61,6460.98,1761.37,No
EG-2024-1400,2024-02-22,2024-02-24,2,Second Class,Mustafa Kamal,Home Office,Egypt,Minya,Mallawi,Ahmed Ragab,OFF-ST-467,Office Supplies,Storage,8,307.65,0.1,2658.1,2073.72,2658.1,584.38,No
EG-2024-1401,2024-02-22,2024-02-25,3,Second Class,Mona Zaki,Corporate,Egypt,Kafr El-Sheikh,Baltim,Ahmed Ragab,OFF-AR-725,Office Supplies,Art,7,62.16,0.1,469.93,329.82,469.93,140.11,No
EG-2024-1400,2024-02-23,2024-02-26,3,Second Class,Amr Hassan,Home Office,Egypt,North Sinai,Arish,Sara Amin,TEC-AC-780,Technology,Accessories,10,350.5,0.0,4206.0,3164.52,4206.0,1041.48,No
EG-2024-1401,2024-02-24,2024-02-24,0,Same Day,Mona Abdelrahman,Consumer,Egypt,Cairo,Maadi,Amr Salah,TEC-CO-866,Technology,Copiers,10,5171.09,0.05,58950.43,45982.72,58950.43,12967.71,No
EG-2024-1402,2024-02-24,2024-02-24,0,Same Day,Rania Moustafa,Consumer,Egypt,Sharqia,Zagazig,Ahmed Ragab,SPO-BI-842,Sports & Outdoors,Bicycles,6,4648.01,0.0,33465.67,26266.63,33465.67,7199.04,No
EG-2024-1403,2024-02-24,2024-02-28,4,Standard Class,Ahmed Mekky,Consumer,Egypt,Ismailia,Al Qantara,Youssef Khaled,CLO-SH-970,Clothing & Apparel,Shirts,2,411.56,0.0,987.74,685.92,987.74,301.82,Yes
EG-2024-1402,2024-02-25,2024-02-28,3,Second Class,Ahmed Ezz,Corporate,Egypt,Qalyubia,Shubra El-Kheima,Ahmed Ragab,TEC-CO-784,Technology,Copiers,1,5353.57,0.0,6424.28,4455.88,6424.28,1968.4,No
EG-2024-1403,2024-02-25,2024-02-25,0,Same Day,Ghada Abdelrazek,Corporate,Egypt,Luxor,Esna,Karim Salah,CLO-SH-498,Clothing & Apparel,Shoes,6,1303.53,0.1,8446.88,6078.76,8446.88,2368.12,No
EG-2024-1403,2024-02-26,2024-03-02,5,Standard Class,Reem Moustafa,Corporate,Egypt,Alexandria,Miami,Mina Youssef,HOM-RE-942,Home Appliances,Refrigerators,9,11486.14,0.0,124050.31,91711.38,124050.31,32338.93,No
EG-2024-1404,2024-02-27,2024-03-01,3,Second Class,Ahmed Ezz,Corporate,Egypt,Asyut,Dairut,Ahmed Ragab,OFF-AR-351,Office Supplies,Art,1,56.93,0.1,61.49,42.22,61.49,19.27,Yes
EG-2024-1405,2024-02-28,2024-03-04,5,Standard Class,Amr Hassan,Home Office,Egypt,Qalyubia,Banha,Ahmed Ragab,TEC-MA-816,Technology,Machines,6,5811.54,0.0,41843.09,32912.24,41843.09,8930.85,No
EG-2024-1406,2024-02-28,2024-03-02,3,Second Class,Sherif Anwar,Consumer,Egypt,Gharbia,Zifta,Mina Youssef,CLO-SH-516,Clothing & Apparel,Shoes,3,1087.51,0.15,3327.78,2549.9,3327.78,777.88,No
EG-2024-1406,2024-02-29,2024-03-03,3,Second Class,Hazem Emam,Consumer,Egypt,Dakahlia,Talkha,Noha Mahmoud,FUR-CH-746,Furniture,Chairs,4,868.9,0.1,3753.65,2771.39,3753.65,982.26,No
EG-2024-1407,2024-03-01,2024-03-06,5,Standard Class,Tamer Hosny,Home Office,Egypt,Qena,Abu Tesht,Ahmed Ragab,CLO-PA-973,Clothing & Apparel,Pants,1,607.7,0.0,729.24,574.7,729.24,154.54,No
EG-2024-1408,2024-03-01,2024-03-06,5,Standard Class,Mena Shalaby,Home Office,Egypt,Aswan,Aswan City,Mina Youssef,OFF-BI-339,Office Supplies,Binders,8,73.24,0.1,632.79,434.86,632.79,197.93,No
EG-2024-1409,2024-03-01,2024-03-04,3,Second Class,Khaled El-Nabawy,Home Office,Egypt,Alexandria,Stanly,Noha Mahmoud,TEC-AC-569,Technology,Accessories,8,330.5,0.0,3172.8,2155.01,3172.8,1017.79,No
EG-2024-1408,2024-03-02,2024-03-04,2,Second Class,Youssef Hussein,Home Office,Egypt,Sharqia,Belbeis,Sara Amin,FUR-CH-925,Furniture,Chairs,2,855.93,0.15,1746.1,1165.72,1746.1,580.38,No
EG-2024-1409,2024-03-02,2024-03-03,1,First Class,Hussein Fahmy,Home Office,Egypt,Alexandria,Stanly,Noha Mahmoud,FUR-FU-396,Furniture,Furnishings,4,144.98,0.05,661.1,508.64,661.1,152.46,Yes
EG-2024-1409,2024-03-03,2024-03-05,2,Second Class,Youssef Hussein,Consumer,Egypt,Fayoum,Fayoum City,Ahmed Ragab,FUR-BO-576,Furniture,Bookcases,6,1963.07,0.05,13427.39,9673.9,13427.39,3753.49,Yes
EG-2024-1410,2024-03-03,2024-03-07,4,Standard Class,Nelly Karim,Consumer,Egypt,Dakahlia,Mit Ghamr,Sara Amin,FUR-TA-840,Furniture,Tables,7,4433.58,0.05,35379.97,28166.66,35379.97,7213.31,No
EG-2024-1411,2024-03-03,2024-03-05,2,Second Class,Yasmine Sabri,Consumer,Egypt,Beni Suef,Nasser,Ahmed Ragab,HOM-MI-523,Home Appliances,Microwaves,1,3304.68,0.15,3370.78,2558.57,3370.78,812.21,No
EG-2024-1410,2024-03-04,2024-03-08,4,Standard Class,Zainab Soliman,Consumer,Egypt,Giza,Sheikh Zayed,Youssef Khaled,SPO-SP-214,Sports & Outdoors,Sportswear,6,493.47,0.0,3552.98,2389.56,3552.98,1163.42,No
EG-2024-1411,2024-03-05,2024-03-11,6,Standard Class,Mohamed Ramadan,Corporate,Egypt,Matrouh,Siwa,Youssef Khaled,TEC-AC-276,Technology,Accessories,6,326.55,0.0,2351.16,1746.23,2351.16,604.93,No
EG-2024-1412,2024-03-06,2024-03-12,6,Standard Class,Nelly Karim,Home Office,Egypt,Qalyubia,Shubra El-Kheima,Amr Salah,SPO-BI-420,Sports & Outdoors,Bicycles,9,4633.83,0.05,47543.09,36733.38,47543.09,10809.71,No
EG-2024-1413,2024-03-07,2024-03-09,2,Second Class,Mayan El-Sayed,Consumer,Egypt,New Valley,Farafra,Noha Mahmoud,CLO-JA-133,Clothing & Apparel,Jackets,5,1929.27,0.0,11575.62,8875.16,11575.62,2700.46,No
EG-2024-1414,2024-03-07,2024-03-07,0,Same Day,Sherif Anwar,Corporate,Egypt,Port Said,Al Sharq,Amr Salah,OFF-AR-220,Office Supplies,Art,10,64.92,0.1,701.14,525.21,701.14,175.93,No
EG-2024-1415,2024-03-07,2024-03-13,6,Standard Class,Mohamed Ali,Corporate,Egypt,Port Said,Al Sharq,Mina Youssef,FUR-TA-601,Furniture,Tables,1,4209.11,0.0,5050.93,3572.51,5050.93,1478.42,No
EG-2024-1414,2024-03-08,2024-03-10,2,Second Class,Mona Zaki,Home Office,Egypt,New Valley,Dakhla,Mina Youssef,OFF-PA-545,Office Supplies,Paper,1,54.89,0.15,55.99,42.37,55.99,13.62,No
EG-2024-1415,2024-03-09,2024-03-12,3,Second Class,Hany Ramzy,Consumer,Egypt,Giza,Dokki,Noha Mahmoud,FUR-FU-271,Furniture,Furnishings,5,164.4,0.15,838.44,558.85,838.44,279.59,No
EG-2024-1416,2024-03-09,2024-03-13,4,Standard Class,Sahar El-Sayegh,Home Office,Egypt,Beheira,Kafr El Dawar,Karim Salah,OFF-AR-893,Office Supplies,Art,3,64.33,0.0,231.59,185.1,231.59,46.49,No
EG-2024-1417,2024-03-09,2024-03-12,3,Second Class,Tamer Hosny,Home Office,Egypt,Kafr El-Sheikh,Desouk,Karim Salah,TEC-MA-241,Technology,Machines,7,6025.93,0.1,45556.03,30734.32,45556.03,14821.71,No
EG-2024-1416,2024-03-10,2024-03-16,6,Standard Class,Youssef Hussein,Corporate,Egypt,South Sinai,Sharm El-Sheikh,Youssef Khaled,CLO-SH-422,Clothing & Apparel,Shoes,7,1273.99,0.05,10166.44,8050.24,10166.44,2116.2,No
EG-2024-1417,2024-03-10,2024-03-16,6,Standard Class,Nour El-Sherif,Corporate,Egypt,Red Sea,Hurghada,Sara Amin,CLO-SH-721,Clothing & Apparel,Shoes,6,1100.08,0.0,7920.58,5220.05,7920.58,2700.53,No
EG-2024-1418,2024-03-10,2024-03-10,0,Same Day,Fatma Ibrahim,Consumer,Egypt,Qena,Nag Hammadi,Noha Mahmoud,CLO-JA-598,Clothing & Apparel,Jackets,9,1938.42,0.0,20934.94,15965.23,20934.94,4969.71,No
EG-2024-1417,2024-03-11,2024-03-17,6,Standard Class,Tarek Sayed,Home Office,Egypt,North Sinai,Sheikh Zuweid,Amr Salah,FUR-FU-804,Furniture,Furnishings,5,137.32,0.15,700.33,537.53,700.33,162.8,No
EG-2024-1418,2024-03-11,2024-03-11,0,Same Day,Mayan El-Sayed,Corporate,Egypt,Gharbia,Tanta,Youssef Khaled,OFF-BI-582,Office Supplies,Binders,10,75.88,0.0,910.56,636.96,910.56,273.6,No
EG-2024-1418,2024-03-12,2024-03-15,3,Second Class,Rania Moustafa,Home Office,Egypt,Cairo,New Cairo,Amr Salah,FUR-TA-811,Furniture,Tables,5,4942.25,0.0,29653.5,23515.86,29653.5,6137.64,No
EG-2024-1419,2024-03-12,2024-03-17,5,Standard Class,Eyad Nassar,Consumer,Egypt,Ismailia,Fayed,Youssef Khaled,CLO-SH-301,Clothing & Apparel,Shoes,3,1137.97,0.0,4096.69,2717.3,4096.69,1379.39,No
EG-2024-1419,2024-03-13,2024-03-13,0,Same Day,Amir Karara,Corporate,Egypt,Beheira,Kom Hamada,Sara Amin,TEC-PH-161,Technology,Phones,10,1636.42,0.0,19637.04,15449.97,19637.04,4187.07,No
EG-2024-1420,2024-03-13,2024-03-13,0,Same Day,Nelly Karim,Home Office,Egypt,Beni Suef,Nasser,Youssef Khaled,OFF-ST-927,Office Supplies,Storage,3,260.15,0.15,796.06,574.44,796.06,221.62,No
EG-2024-1421,2024-03-13,2024-03-17,4,Standard Class,Mahmoud Saad,Home Office,Egypt,Gharbia,El Mahalla El Kubra,Youssef Khaled,HOM-AI-216,Home Appliances,Air Conditioners,3,17029.11,0.05,58239.56,38048.73,58239.56,20190.83,No
EG-2024-1420,2024-03-14,2024-03-20,6,Standard Class,Adel Emam,Home Office,Egypt,Aswan,Aswan City,Karim Salah,CLO-SH-525,Clothing & Apparel,Shoes,2,1307.79,0.15,2667.9,1809.18,2667.9,858.72,No
EG-2024-1421,2024-03-15,2024-03-18,3,Second Class,Mustafa Kamal,Consumer,Egypt,Matrouh,Alamein,Ahmed Ragab,FUR-FU-202,Furniture,Furnishings,7,146.51,0.0,1230.68,826.01,1230.68,404.67,Yes
EG-2024-1422,2024-03-15,2024-03-18,3,Second Class,Mona Abdelrahman,Corporate,Egypt,Sohag,Tahta,Youssef Khaled,FUR-TA-350,Furniture,Tables,7,4701.88,0.0,39495.79,26983.69,39495.79,12512.1,No
EG-2024-1423,2024-03-15,2024-03-16,1,First Class,Huda El-Mufti,Consumer,Egypt,New Valley,Dakhla,Karim Salah,HOM-MI-286,Home Appliances,Microwaves,8,3761.15,0.15,30690.98,22935.31,30690.98,7755.67,No
EG-2024-1422,2024-03-16,2024-03-22,6,Standard Class,Amr Diab,Consumer,Egypt,Minya,Mallawi,Youssef Khaled,SPO-BI-474,Sports & Outdoors,Bicycles,2,4054.94,0.15,8272.08,6505.08,8272.08,1767.0,No
EG-2024-1423,2024-03-16,2024-03-19,3,Second Class,Karim Abdelaziz,Consumer,Egypt,New Valley,Kharga,Youssef Khaled,HOM-AI-701,Home Appliances,Air Conditioners,7,14499.02,0.0,121791.77,81885.58,121791.77,39906.19,No
EG-2024-1423,2024-03-17,2024-03-18,1,First Class,Tarek Sayed,Home Office,Egypt,Sharqia,Belbeis,Mina Youssef,TEC-PH-740,Technology,Phones,10,1527.2,0.05,17410.08,12438.63,17410.08,4971.45,No
EG-2024-1424,2024-03-18,2024-03-21,3,Second Class,Yasmine Sabri,Corporate,Egypt,Asyut,Fateh,Youssef Khaled,CLO-SH-563,Clothing & Apparel,Shirts,3,433.58,0.15,1326.76,1049.99,1326.76,276.77,No
EG-2024-1425,2024-03-18,2024-03-18,0,Same Day,Nour El-Sherif,Home Office,Egypt,Monufia,Sadat City,Ahmed Ragab,HOM-RE-833,Home Appliances,Refrigerators,1,12300.27,0.0,14760.32,10458.02,14760.32,4302.3,No
EG-2024-1425,2024-03-19,2024-03-25,6,Standard Class,Reem Moustafa,Corporate,Egypt,Damietta,New Damietta,Karim Salah,CLO-SH-313,Clothing & Apparel,Shirts,9,427.91,0.0,4621.43,3110.49,4621.43,1510.94,No
EG-2024-1426,2024-03-19,2024-03-25,6,Standard Class,Hassan El-Raddad,Home Office,Egypt,Beni Suef,Nasser,Sara Amin,HOM-AI-805,Home Appliances,Air Conditioners,1,15626.29,0.0,18751.55,13791.23,18751.55,4960.32,No
EG-2024-1427,2024-03-19,2024-03-19,0,Same Day,Maged El-Kedwany,Corporate,Egypt,Suez,Attaka,Amr Salah,OFF-ST-115,Office Supplies,Storage,8,285.44,0.0,2740.22,1972.49,2740.22,767.73,No
EG-2024-1426,2024-03-20,2024-03-25,5,Standard Class,Asma Abulyazeid,Home Office,Egypt,Beheira,Kom Hamada,Youssef Khaled,OFF-ST-339,Office Supplies,Storage,5,303.81,0.05,1731.72,1173.86,1731.72,557.86,No
EG-2024-1427,2024-03-20,2024-03-23,3,Second Class,Amina Khalil,Consumer,Egypt,North Sinai,Arish,Karim Salah,SPO-SP-908,Sports & Outdoors,Sportswear,4,529.54,0.0,2541.79,1718.71,2541.79,823.08,No
EG-2024-1428,2024-03-20,2024-03-23,3,Second Class,Mona Abdelrahman,Corporate,Egypt,Ismailia,Fayed,Karim Salah,HOM-MI-296,Home Appliances,Microwaves,6,3692.08,0.0,26582.98,20057.2,26582.98,6525.78,No
EG-2024-1427,2024-03-21,2024-03-25,4,Standard Class,Aya Mahmoud,Home Office,Egypt,Ismailia,Ismailia City,Ahmed Ragab,TEC-PH-650,Technology,Phones,10,1566.44,0.05,17857.42,12273.13,17857.42,5584.29,No
EG-2024-1428,2024-03-22,2024-03-24,2,Second Class,Hussein Fahmy,Consumer,Egypt,New Valley,Kharga,Mina Youssef,TEC-CO-936,Technology,Copiers,8,4571.79,0.05,41694.72,29307.03,41694.72,12387.69,No
EG-2024-1429,2024-03-23,2024-03-26,3,Second Class,Maged El-Kedwany,Home Office,Egypt,North Sinai,Rafah,Ahmed Ragab,TEC-AC-952,Technology,Accessories,2,376.15,0.1,812.48,545.86,812.48,266.62,No
EG-2024-1430,2024-03-24,2024-03-30,6,Standard Class,Karim Abdelaziz,Home Office,Egypt,Cairo,Nasr City,Karim Salah,CLO-SH-256,Clothing & Apparel,Shoes,10,1104.4,0.0,13252.8,8835.4,13252.8,4417.4,No
EG-2024-1431,2024-03-24,2024-03-25,1,First Class,Ghada Abdelrazek,Consumer,Egypt,Alexandria,Stanly,Ahmed Ragab,HOM-AI-478,Home Appliances,Air Conditioners,4,15015.99,0.0,72076.75,52249.4,72076.75,19827.35,No
EG-2024-1431,2024-03-25,2024-03-29,4,Standard Class,Nour El-Din,Home Office,Egypt,Monufia,Shibin El Kom,Mina Youssef,SPO-FI-581,Sports & Outdoors,Fitness Equipment,8,3101.84,0.0,29777.66,21383.21,29777.66,8394.45,No
EG-2024-1432,2024-03-25,2024-03-27,2,Second Class,Dina El-Sherbiny,Consumer,Egypt,Asyut,Fateh,Amr Salah,SPO-BI-538,Sports & Outdoors,Bicycles,2,4071.01,0.05,9281.9,6141.13,9281.9,3140.77,No
EG-2024-1433,2024-03-25,2024-03-27,2,Second Class,Amr Diab,Consumer,Egypt,Damietta,Ras El Bar,Amr Salah,HOM-MI-389,Home Appliances,Microwaves,2,3361.7,0.05,7664.68,5212.11,7664.68,2452.57,No
EG-2024-1432,2024-03-26,2024-03-29,3,Second Class,Maged El-Kedwany,Home Office,Egypt,Monufia,Menouf,Noha Mahmoud,CLO-PA-984,Clothing & Apparel,Pants,1,647.86,0.0,777.43,583.05,777.43,194.38,No
EG-2024-1433,2024-03-26,2024-03-31,5,Standard Class,Mohamed Ramadan,Consumer,Egypt,Port Said,Al Sharq,Karim Salah,FUR-BO-155,Furniture,Bookcases,8,1902.42,0.05,17350.07,11856.2,17350.07,5493.87,No
EG-2024-1433,2024-03-27,2024-03-31,4,Standard Class,Tamer Hosny,Home Office,Egypt,Monufia,Menouf,Sara Amin,HOM-MI-885,Home Appliances,Microwaves,10,3708.84,0.15,37830.17,25504.17,37830.17,12326.0,No
EG-2024-1434,2024-03-27,2024-03-31,4,Standard Class,Mohamed Ramadan,Home Office,Egypt,Qena,Abu Tesht,Youssef Khaled,OFF-ST-627,Office Supplies,Storage,7,281.97,0.0,2368.55,1572.72,2368.55,795.83,No
EG-2024-1434,2024-03-28,2024-03-31,3,Second Class,Khaled El-Nabawy,Home Office,Egypt,Ismailia,Fayed,Karim Salah,TEC-PH-397,Technology,Phones,4,1499.25,0.0,7196.4,5420.11,7196.4,1776.29,No
EG-2024-1435,2024-03-28,2024-04-03,6,Standard Class,Hany Ramzy,Corporate,Egypt,Cairo,Maadi,Amr Salah,OFF-PA-121,Office Supplies,Paper,8,45.86,0.15,374.22,255.52,374.22,118.7,No
EG-2024-1436,2024-03-28,2024-03-31,3,Second Class,Mena Shalaby,Home Office,Egypt,Port Said,Port Fouad,Amr Salah,FUR-BO-582,Furniture,Bookcases,4,1855.48,0.0,8906.3,6939.95,8906.3,1966.35,No
EG-2024-1435,2024-03-29,2024-04-01,3,Second Class,Mohamed Henedy,Consumer,Egypt,Beheira,Damanhour,Karim Salah,HOM-BL-485,Home Appliances,Blenders,3,817.98,0.0,2944.73,2200.46,2944.73,744.27,No
EG-2024-1436,2024-03-29,2024-04-03,5,Standard Class,Hany Ramzy,Home Office,Egypt,Red Sea,Gouna,Youssef Khaled,TEC-AC-624,Technology,Accessories,10,384.59,0.0,4615.08,3454.84,4615.08,1160.24,No
EG-2024-1436,2024-03-30,2024-04-05,6,Standard Class,Mena Shalaby,Consumer,Egypt,Qalyubia,Khanka,Noha Mahmoud,CLO-SH-516,Clothing & Apparel,Shirts,8,393.86,0.05,3592.01,2383.61,3592.01,1208.4,No
EG-2024-1437,2024-03-30,2024-04-03,4,Standard Class,Mahmoud Yassin,Consumer,Egypt,Sharqia,Zagazig,Karim Salah,SPO-CA-628,Sports & Outdoors,Camping Gear,9,1447.8,0.0,15636.24,10232.74,15636.24,5403.5,No
EG-2024-1437,2024-03-31,2024-04-02,2,Second Class,Asmaa Galal,Corporate,Egypt,Qalyubia,Khanka,Youssef Khaled,TEC-MA-496,Technology,Machines,8,5639.57,0.05,51432.88,40940.53,51432.88,10492.35,No
EG-2024-1438,2024-03-31,2024-03-31,0,Same Day,Nour El-Din,Home Office,Egypt,Alexandria,Stanly,Noha Mahmoud,TEC-CO-378,Technology,Copiers,8,4648.27,0.0,44623.39,34137.91,44623.39,10485.48,No
EG-2024-1438,2024-04-01,2024-04-06,5,Standard Class,Dina El-Sherbiny,Consumer,Egypt,Ismailia,Ismailia City,Sara Amin,SPO-SP-643,Sports & Outdoors,Sportswear,10,534.22,0.0,6410.64,4429.62,6410.64,1981.02,No
EG-2024-1439,2024-04-01,2024-04-06,5,Standard Class,Tara Emad,Home Office,Egypt,Sharqia,10th of Ramadan,Karim Salah,TEC-PH-428,Technology,Phones,5,1584.02,0.15,8078.5,5578.38,8078.5,2500.12,No
EG-2024-1439,2024-04-02,2024-04-04,2,Second Class,Aya Mahmoud,Home Office,Egypt,Damietta,Damietta City,Ahmed Ragab,TEC-AC-428,Technology,Accessories,7,367.31,0.0,3085.4,2425.43,3085.4,659.97,No
EG-2024-1440,2024-04-02,2024-04-08,6,Standard Class,Asser Yassin,Home Office,Egypt,Qalyubia,Khanka,Noha Mahmoud,HOM-AI-151,Home Appliances,Air Conditioners,1,15367.51,0.0,18441.01,13799.41,18441.01,4641.6,No
EG-2024-1440,2024-04-03,2024-04-03,0,Same Day,Adel Emam,Home Office,Egypt,Sharqia,Belbeis,Noha Mahmoud,HOM-RE-502,Home Appliances,Refrigerators,2,11138.06,0.05,25394.77,20285.25,25394.77,5109.52,No
EG-2024-1441,2024-04-03,2024-04-05,2,Second Class,Hazem Emam,Corporate,Egypt,Monufia,Sadat City,Amr Salah,OFF-PA-865,Office Supplies,Paper,3,47.47,0.1,153.8,107.61,153.8,46.19,No
EG-2024-1442,2024-04-03,2024-04-06,3,Second Class,Hassan El-Raddad,Corporate,Egypt,Ismailia,Ismailia City,Youssef Khaled,SPO-BI-333,Sports & Outdoors,Bicycles,3,4718.25,0.0,16985.7,11612.67,16985.7,5373.03,No
EG-2024-1441,2024-04-04,2024-04-07,3,Second Class,Hussein Fahmy,Corporate,Egypt,Dakahlia,Mit Ghamr,Mina Youssef,TEC-MA-450,Technology,Machines,9,5013.22,0.0,54142.78,40732.19,54142.78,13410.59,No
EG-2024-1442,2024-04-04,2024-04-10,6,Standard Class,Tamer Hosny,Consumer,Egypt,New Valley,Kharga,Amr Salah,SPO-CA-324,Sports & Outdoors,Camping Gear,1,1403.94,0.0,1684.73,1165.46,1684.73,519.27,No
EG-2024-1442,2024-04-05,2024-04-11,6,Standard Class,Mohamed Ramadan,Home Office,Egypt,Beheira,Kafr El Dawar,Amr Salah,CLO-PA-375,Clothing & Apparel,Pants,4,570.79,0.05,2602.8,1752.88,2602.8,849.92,No
EG-2024-1443,2024-04-05,2024-04-11,6,Standard Class,Hany Ramzy,Consumer,Egypt,Ismailia,Fayed,Sara Amin,SPO-CA-981,Sports & Outdoors,Camping Gear,2,1424.89,0.0,3419.74,2725.51,3419.74,694.23,No
EG-2024-1443,2024-04-06,2024-04-09,3,Second Class,Dina El-Sherbiny,Corporate,Egypt,Suez,Attaka,Ahmed Ragab,OFF-BI-636,Office Supplies,Binders,7,86.49,0.0,726.52,571.44,726.52,155.08,No
EG-2024-1444,2024-04-06,2024-04-10,4,Standard Class,Ahmed Ezz,Consumer,Egypt,Asyut,Dairut,Youssef Khaled,TEC-CO-744,Technology,Copiers,9,4743.33,0.05,48666.56,38647.09,48666.56,10019.47,No
EG-2024-1444,2024-04-07,2024-04-09,2,Second Class,Mena Shalaby,Corporate,Egypt,Asyut,Dairut,Youssef Khaled,TEC-AC-124,Technology,Accessories,9,384.6,0.0,4153.68,2777.75,4153.68,1375.93,No
EG-2024-1445,2024-04-07,2024-04-11,4,Standard Class,Nelly Karim,Corporate,Egypt,Kafr El-Sheikh,Baltim,Mina Youssef,SPO-SP-486,Sports & Outdoors,Sportswear,10,525.25,0.15,5357.55,4238.25,5357.55,1119.3,No
EG-2024-1445,2024-04-08,2024-04-10,2,Second Class,Eyad Nassar,Home Office,Egypt,Qalyubia,Banha,Amr Salah,SPO-CA-844,Sports & Outdoors,Camping Gear,5,1484.11,0.15,7568.96,5383.58,7568.96,2185.38,No
EG-2024-1446,2024-04-09,2024-04-12,3,Second Class,Zainab Soliman,Home Office,Egypt,Port Said,Al Arab,Karim Salah,TEC-MA-232,Technology,Machines,1,5525.63,0.05,6299.22,4442.02,6299.22,1857.2,No
EG-2024-1447,2024-04-09,2024-04-12,3,Second Class,Nour El-Sherif,Corporate,Egypt,Sohag,Akhmim,Sara Amin,HOM-MI-623,Home Appliances,Microwaves,2,3248.93,0.0,7797.43,5954.03,7797.43,1843.4,No
EG-2024-1447,2024-04-10,2024-04-15,5,Standard Class,Tara Emad,Home Office,Egypt,Fayoum,Tamiya,Amr Salah,HOM-BL-734,Home Appliances,Blenders,2,791.85,0.0,1900.44,1392.18,1900.44,508.26,No
EG-2024-1448,2024-04-10,2024-04-12,2,Second Class,Ahmed Helmy,Consumer,Egypt,Cairo,Maadi,Karim Salah,OFF-AR-456,Office Supplies,Art,5,59.88,0.0,359.28,286.92,359.28,72.36,No
EG-2024-1448,2024-04-11,2024-04-13,2,Second Class,Tamer Hosny,Corporate,Egypt,Aswan,Kom Ombo,Mina Youssef,HOM-AI-417,Home Appliances,Air Conditioners,7,14864.56,0.0,124862.3,83175.85,124862.3,41686.45,No
EG-2024-1449,2024-04-12,2024-04-14,2,Second Class,Eyad Nassar,Corporate,Egypt,Qena,Qena City,Amr Salah,OFF-AR-237,Office Supplies,Art,2,57.88,0.0,138.91,108.95,138.91,29.96,No
EG-2024-1450,2024-04-12,2024-04-17,5,Standard Class,Fatma Ibrahim,Consumer,Egypt,Beni Suef,Beni Suef City,Noha Mahmoud,CLO-JA-887,Clothing & Apparel,Jackets,6,1759.7,0.05,12036.35,8556.3,12036.35,3480.05,No
EG-2024-1451,2024-04-12,2024-04-14,2,Second Class,Asmaa Galal,Home Office,Egypt,Suez,Suez City,Noha Mahmoud,SPO-SP-933,Sports & Outdoors,Sportswear,1,497.82,0.0,597.38,471.72,597.38,125.66,No
EG-2024-1450,2024-04-13,2024-04-16,3,Second Class,Hazem Emam,Home Office,Egypt,Fayoum,Tamiya,Ahmed Ragab,CLO-SH-946,Clothing & Apparel,Shoes,10,1307.95,0.0,15695.4,10270.29,15695.4,5425.11,No
EG-2024-1451,2024-04-13,2024-04-18,5,Standard Class,Mona Zaki,Consumer,Egypt,Sohag,Akhmim,Mina Youssef,OFF-PA-793,Office Supplies,Paper,1,46.3,0.0,55.56,38.05,55.56,17.51,No
EG-2024-1452,2024-04-13,2024-04-18,5,Standard Class,Sahar El-Sayegh,Consumer,Egypt,South Sinai,Dahab,Amr Salah,FUR-CH-662,Furniture,Chairs,8,831.79,0.0,7985.18,6324.77,7985.18,1660.41,No
EG-2024-1451,2024-04-14,2024-04-15,1,First Class,Hany Ramzy,Consumer,Egypt,Beni Suef,Beni Suef City,Noha Mahmoud,HOM-MI-796,Home Appliances,Microwaves,9,3365.32,0.0,36345.46,25203.5,36345.46,11141.96,No
EG-2024-1452,2024-04-14,2024-04-14,0,Same Day,Aya Mahmoud,Consumer,Egypt,Luxor,Armant,Youssef Khaled,HOM-MI-148,Home Appliances,Microwaves,2,3380.48,0.0,8113.15,6374.68,8113.15,1738.47,No
EG-2024-1453,2024-04-14,2024-04-17,3,Second Class,Wael Jassar,Corporate,Egypt,Kafr El-Sheikh,Desouk,Karim Salah,TEC-AC-283,Technology,Accessories,7,319.83,0.0,2686.57,1982.76,2686.57,703.81,No
EG-2024-1452,2024-04-15,2024-04-17,2,Second Class,Fatma Ibrahim,Consumer,Egypt,Qena,Qena City,Amr Salah,CLO-JA-736,Clothing & Apparel,Jackets,10,1655.34,0.0,19864.08,15235.54,19864.08,4628.54,No
EG-2024-1453,2024-04-15,2024-04-15,0,Same Day,Mohamed Ali,Consumer,Egypt,Damietta,Ras El Bar,Ahmed Ragab,TEC-CO-858,Technology,Copiers,3,5162.51,0.0,18585.04,13303.31,18585.04,5281.73,No
EG-2024-1453,2024-04-16,2024-04-20,4,Standard Class,Mohamed Ramadan,Corporate,Egypt,Qena,Abu Tesht,Ahmed Ragab,OFF-ST-819,Office Supplies,Storage,3,294.48,0.0,1060.13,732.17,1060.13,327.96,No
EG-2024-1454,2024-04-16,2024-04-22,6,Standard Class,Nour El-Sherif,Corporate,Egypt,Dakahlia,Mit Ghamr,Noha Mahmoud,OFF-ST-726,Office Supplies,Storage,8,276.45,0.05,2521.22,1791.9,2521.22,729.32,No
EG-2024-1455,2024-04-16,2024-04-18,2,Second Class,Amir Karara,Consumer,Egypt,Suez,Suez City,Sara Amin,TEC-MA-221,Technology,Machines,6,5380.16,0.0,38737.15,25589.19,38737.15,13147.96,No
EG-2024-1454,2024-04-17,2024-04-19,2,Second Class,Omar Sherif,Corporate,Egypt,Beni Suef,Beni Suef City,Sara Amin,CLO-PA-843,Clothing & Apparel,Pants,6,581.05,0.0,4183.56,2969.24,4183.56,1214.32,No
EG-2024-1455,2024-04-17,2024-04-22,5,Standard Class,Hany Ramzy,Home Office,Egypt,Beheira,Kafr El Dawar,Mina Youssef,CLO-JA-910,Clothing & Apparel,Jackets,9,1911.14,0.0,20640.31,15296.8,20640.31,5343.51,No
EG-2024-1455,2024-04-18,2024-04-20,2,Second Class,Mona Abdelrahman,Home Office,Egypt,Minya,Minya City,Karim Salah,HOM-AI-728,Home Appliances,Air Conditioners,7,14534.46,0.0,122089.46,85359.34,122089.46,36730.12,No
EG-2024-1456,2024-04-18,2024-04-20,2,Second Class,Ghada Abdelrazek,Consumer,Egypt,Fayoum,Sinnuris,Mina Youssef,SPO-CA-138,Sports & Outdoors,Camping Gear,3,1489.79,0.0,5363.24,3588.44,5363.24,1774.8,No
EG-2024-1457,2024-04-18,2024-04-21,3,Second Class,Mohamed Henedy,Home Office,Egypt,Qalyubia,Banha,Ahmed Ragab,SPO-SP-173,Sports & Outdoors,Sportswear,3,503.99,0.05,1723.64,1185.88,1723.64,537.76,No
EG-2024-1456,2024-04-19,2024-04-22,3,Second Class,Wael Jassar,Home Office,Egypt,Giza,6th of October,Sara Amin,OFF-ST-813,Office Supplies,Storage,8,263.37,0.0,2528.35,2004.02,2528.35,524.33,No
EG-2024-1457,2024-04-19,2024-04-23,4,Standard Class,Maged El-Kedwany,Consumer,Egypt,Dakahlia,Mit Ghamr,Sara Amin,OFF-PA-946,Office Supplies,Paper,1,52.65,0.0,63.18,45.38,63.18,17.8,Yes
EG-2024-1457,2024-04-20,2024-04-26,6,Standard Class,Mohamed Ali,Corporate,Egypt,Alexandria,Stanly,Mina Youssef,TEC-PH-922,Technology,Phones,6,1363.79,0.1,8837.36,6408.29,8837.36,2429.07,No
EG-2024-1458,2024-04-20,2024-04-20,0,Same Day,Asser Yassin,Corporate,Egypt,Minya,Mallawi,Ahmed Ragab,CLO-JA-191,Clothing & Apparel,Jackets,2,1631.97,0.05,3720.89,2939.08,3720.89,781.81,Yes
EG-2024-1459,2024-04-20,2024-04-23,3,Second Class,Asser Yassin,Consumer,Egypt,Minya,Minya City,Ahmed Ragab,OFF-BI-217,Office Supplies,Binders,7,74.04,0.0,621.94,489.69,621.94,132.25,No
EG-2024-1458,2024-04-22,2024-04-28,6,Standard Class,Omar Sherif,Corporate,Egypt,Minya,Samalut,Sara Amin,HOM-RE-799,Home Appliances,Refrigerators,1,10862.48,0.0,13034.98,9968.38,13034.98,3066.6,No
EG-2024-1459,2024-04-22,2024-04-22,0,Same Day,Asmaa Galal,Corporate,Egypt,Giza,Sheikh Zayed,Noha Mahmoud,OFF-AR-649,Office Supplies,Art,7,65.91,0.0,553.64,439.73,553.64,113.91,No
EG-2024-1460,2024-04-22,2024-04-27,5,Standard Class,Amir Karara,Corporate,Egypt,Beheira,Kafr El Dawar,Ahmed Ragab,SPO-BI-732,Sports & Outdoors,Bicycles,8,4162.75,0.1,35966.16,24275.42,35966.16,11690.74,No
EG-2024-1459,2024-04-23,2024-04-29,6,Standard Class,Sahar El-Sayegh,Home Office,Egypt,Damietta,New Damietta,Ahmed Ragab,SPO-BI-441,Sports & Outdoors,Bicycles,8,4432.8,0.0,42554.88,32074.6,42554.88,10480.28,No
EG-2024-1460,2024-04-24,2024-04-30,6,Standard Class,Mohamed Ramadan,Home Office,Egypt,Asyut,Fateh,Noha Mahmoud,CLO-PA-519,Clothing & Apparel,Pants,7,604.28,0.0,5075.95,3563.46,5075.95,1512.49,No
EG-2024-1461,2024-04-25,2024-05-01,6,Standard Class,Rania Moustafa,Home Office,Egypt,Monufia,Sadat City,Sara Amin,HOM-BL-839,Home Appliances,Blenders,7,724.54,0.0,6086.14,4858.93,6086.14,1227.21,No
EG-2024-1462,2024-04-25,2024-04-25,0,Same Day,Youssef Hussein,Consumer,Egypt,Beni Suef,Beni Suef City,Noha Mahmoud,SPO-CA-231,Sports & Outdoors,Camping Gear,3,1515.68,0.0,5456.45,3671.32,5456.45,1785.13,No
EG-2024-1463,2024-04-25,2024-04-26,1,First Class,Mona Abdelrahman,Corporate,Egypt,Giza,Dokki,Sara Amin,HOM-BL-176,Home Appliances,Blenders,6,841.9,0.0,6061.68,4718.96,6061.68,1342.72,No
EG-2024-1462,2024-04-26,2024-04-30,4,Standard Class,Mayan El-Sayed,Corporate,Egypt,Cairo,New Cairo,Mina Youssef,HOM-MI-168,Home Appliances,Microwaves,2,3521.45,0.0,8451.48,6035.58,8451.48,2415.9,No
EG-2024-1463,2024-04-26,2024-04-30,4,Standard Class,Tarek Sayed,Consumer,Egypt,Suez,Attaka,Mina Youssef,FUR-TA-532,Furniture,Tables,2,4690.55,0.05,10694.45,7926.31,10694.45,2768.14,No
EG-2024-1464,2024-04-26,2024-05-01,5,Standard Class,Ahmed Mansour,Home Office,Egypt,Gharbia,Zifta,Karim Salah,HOM-MI-193,Home Appliances,Microwaves,1,3196.65,0.0,3835.98,2697.7,3835.98,1138.28,No
EG-2024-1463,2024-04-27,2024-04-30,3,Second Class,Rania Moustafa,Corporate,Egypt,Red Sea,Hurghada,Karim Salah,CLO-JA-544,Clothing & Apparel,Jackets,2,1707.39,0.0,4097.74,3106.02,4097.74,991.72,No
EG-2024-1464,2024-04-28,2024-05-03,5,Standard Class,Hany Ramzy,Home Office,Egypt,Red Sea,Marsa Alam,Karim Salah,SPO-CA-785,Sports & Outdoors,Camping Gear,8,1409.89,0.1,12181.45,7987.5,12181.45,4193.95,No
EG-2024-1465,2024-04-28,2024-05-04,6,Standard Class,Fatma Ibrahim,Home Office,Egypt,Qena,Nag Hammadi,Sara Amin,HOM-MI-926,Home Appliances,Microwaves,7,3216.65,0.0,27019.86,18331.26,27019.86,8688.6,No
EG-2024-1465,2024-04-29,2024-05-05,6,Standard Class,Omar Sherif,Home Office,Egypt,Cairo,Maadi,Sara Amin,HOM-BL-486,Home Appliances,Blenders,8,769.78,0.0,7389.89,5843.16,7389.89,1546.73,No
EG-2024-1466,2024-04-30,2024-05-01,1,First Class,Asma Abulyazeid,Consumer,Egypt,Dakahlia,Talkha,Mina Youssef,FUR-CH-761,Furniture,Chairs,10,841.76,0.05,9596.06,7613.87,9596.06,1982.19,Yes
EG-2024-1467,2024-04-30,2024-05-02,2,Second Class,Asma Abulyazeid,Corporate,Egypt,New Valley,Farafra,Youssef Khaled,SPO-SP-372,Sports & Outdoors,Sportswear,4,545.8,0.0,2619.84,1957.23,2619.84,662.61,No
EG-2024-1468,2024-04-30,2024-05-03,3,Second Class,Mohamed Ramadan,Home Office,Egypt,Cairo,Maadi,Noha Mahmoud,CLO-SH-527,Clothing & Apparel,Shirts,1,371.47,0.05,423.47,304.09,423.47,119.38,No
EG-2024-1467,2024-05-01,2024-05-02,1,First Class,Hassan El-Raddad,Home Office,Egypt,Matrouh,Siwa,Ahmed Ragab,OFF-BI-797,Office Supplies,Binders,8,85.34,0.0,819.26,607.05,819.26,212.21,No
EG-2024-1468,2024-05-01,2024-05-04,3,Second Class,Wael Jassar,Consumer,Egypt,Giza,Dokki,Mina Youssef,HOM-BL-410,Home Appliances,Blenders,5,775.6,0.0,4653.6,3222.99,4653.6,1430.61,No
EG-2024-1468,2024-05-02,2024-05-05,3,Second Class,Youssef Hussein,Consumer,Egypt,Giza,Sheikh Zayed,Youssef Khaled,TEC-MA-128,Technology,Machines,7,5416.04,0.0,45494.74,35563.38,45494.74,9931.36,No
EG-2024-1469,2024-05-02,2024-05-06,4,Standard Class,Hassan El-Raddad,Consumer,Egypt,Alexandria,Miami,Amr Salah,CLO-SH-589,Clothing & Apparel,Shoes,7,1159.47,0.15,8278.62,5654.97,8278.62,2623.65,No
EG-2024-1470,2024-05-02,2024-05-08,6,Standard Class,Yasmine Sabri,Home Office,Egypt,Sharqia,Zagazig,Mina Youssef,FUR-FU-978,Furniture,Furnishings,3,154.55,0.05,528.56,384.51,528.56,144.05,No
EG-2024-1469,2024-05-03,2024-05-08,5,Standard Class,Ahmed Helmy,Corporate,Egypt,Dakahlia,Mit Ghamr,Noha Mahmoud,FUR-CH-743,Furniture,Chairs,8,879.74,0.0,8445.5,6626.24,8445.5,1819.26,No
EG-2024-1470,2024-05-03,2024-05-07,4,Standard Class,Hussein Fahmy,Consumer,Egypt,Matrouh,Alamein,Sara Amin,HOM-BL-755,Home Appliances,Blenders,8,764.77,0.15,6240.52,4484.86,6240.52,1755.66,No
EG-2024-1470,2024-05-05,2024-05-09,4,Standard Class,Khaled El-Nabawy,Corporate,Egypt,Red Sea,Gouna,Karim Salah,CLO-PA-458,Clothing & Apparel,Pants,3,596.55,0.15,1825.44,1380.54,1825.44,444.9,Yes
EG-2024-1471,2024-05-05,2024-05-05,0,Same Day,Karim Mahmoud,Consumer,Egypt,Aswan,Kom Ombo,Karim Salah,HOM-MI-879,Home Appliances,Microwaves,8,3336.87,0.0,32033.95,22947.37,32033.95,9086.58,No
EG-2024-1471,2024-05-06,2024-05-10,4,Standard Class,Mena Shalaby,Consumer,Egypt,Suez,Arbaeen,Youssef Khaled,FUR-BO-112,Furniture,Bookcases,3,2119.64,0.0,7630.7,5549.91,7630.7,2080.79,No
EG-2024-1472,2024-05-06,2024-05-09,3,Second Class,Mustafa Kamal,Consumer,Egypt,Ismailia,Al Qantara,Amr Salah,CLO-PA-309,Clothing & Apparel,Pants,1,629.56,0.0,755.47,512.85,755.47,242.62,No
EG-2024-1472,2024-05-07,2024-05-07,0,Same Day,Nelly Karim,Home Office,Egypt,Minya,Samalut,Youssef Khaled,OFF-PA-292,Office Supplies,Paper,1,52.98,0.05,60.4,44.99,60.4,15.41,No
EG-2024-1473,2024-05-07,2024-05-13,6,Standard Class,Asmaa Galal,Consumer,Egypt,South Sinai,Dahab,Ahmed Ragab,FUR-TA-874,Furniture,Tables,5,4073.26,0.0,24439.56,16021.01,24439.56,8418.55,No
EG-2024-1474,2024-05-07,2024-05-07,0,Same Day,Asser Yassin,Corporate,Egypt,New Valley,Farafra,Youssef Khaled,HOM-RE-663,Home Appliances,Refrigerators,7,11261.25,0.0,94594.5,70602.2,94594.5,23992.3,No
EG-2024-1473,2024-05-08,2024-05-14,6,Standard Class,Zainab Soliman,Consumer,Egypt,Gharbia,El Mahalla El Kubra,Karim Salah,HOM-RE-338,Home Appliances,Refrigerators,2,12046.49,0.15,24574.84,17160.08,24574.84,7414.76,No
EG-2024-1474,2024-05-08,2024-05-09,1,First Class,Zainab Soliman,Consumer,Egypt,Alexandria,Smouha,Mina Youssef,SPO-SP-137,Sports & Outdoors,Sportswear,3,461.3,0.0,1660.68,1170.75,1660.68,489.93,No
EG-2024-1474,2024-05-09,2024-05-11,2,Second Class,Reem Moustafa,Consumer,Egypt,Gharbia,Zifta,Noha Mahmoud,OFF-PA-387,Office Supplies,Paper,8,49.24,0.05,449.06,309.75,449.06,139.31,No
EG-2024-1475,2024-05-09,2024-05-14,5,Standard Class,Asmaa Galal,Consumer,Egypt,Qalyubia,Khanka,Youssef Khaled,TEC-MA-501,Technology,Machines,8,5329.12,0.0,51159.55,39142.3,51159.55,12017.25,No
EG-2024-1476,2024-05-09,2024-05-14,5,Standard Class,Hend Sabry,Corporate,Egypt,Sohag,Tahta,Amr Salah,TEC-PH-584,Technology,Phones,8,1499.59,0.0,14396.06,10638.49,14396.06,3757.57,No
EG-2024-1475,2024-05-10,2024-05-12,2,Second Class,Khaled El-Nabawy,Home Office,Egypt,Minya,Minya City,Karim Salah,TEC-AC-569,Technology,Accessories,5,374.75,0.0,2248.5,1474.14,2248.5,774.36,No
EG-2024-1476,2024-05-10,2024-05-11,1,First Class,Karim Abdelaziz,Consumer,Egypt,Red Sea,Hurghada,Youssef Khaled,HOM-MI-660,Home Appliances,Microwaves,5,3648.48,0.0,21890.88,15429.44,21890.88,6461.44,No
EG-2024-1477,2024-05-10,2024-05-10,0,Same Day,Hany Ramzy,Corporate,Egypt,Gharbia,Zifta,Noha Mahmoud,SPO-CA-289,Sports & Outdoors,Camping Gear,2,1451.16,0.15,2960.36,2299.64,2960.36,660.72,No
EG-2024-1476,2024-05-11,2024-05-15,4,Standard Class,Mohamed Henedy,Corporate,Egypt,Matrouh,Siwa,Sara Amin,OFF-AR-386,Office Supplies,Art,6,59.77,0.05,408.82,297.64,408.82,111.18,No
EG-2024-1477,2024-05-11,2024-05-11,0,Same Day,Tarek Sayed,Home Office,Egypt,Red Sea,Gouna,Mina Youssef,HOM-BL-681,Home Appliances,Blenders,6,873.49,0.0,6289.13,4516.33,6289.13,1772.8,No
EG-2024-1478,2024-05-11,2024-05-16,5,Standard Class,Zainab Soliman,Corporate,Egypt,Kafr El-Sheikh,Desouk,Youssef Khaled,FUR-FU-248,Furniture,Furnishings,2,164.93,0.15,336.46,253.7,336.46,82.76,No
EG-2024-1477,2024-05-12,2024-05-14,2,Second Class,Tamer Hosny,Corporate,Egypt,Aswan,Kom Ombo,Amr Salah,FUR-TA-532,Furniture,Tables,5,4325.86,0.0,25955.16,17766.64,25955.16,8188.52,No
EG-2024-1478,2024-05-12,2024-05-12,0,Same Day,Amina Khalil,Corporate,Egypt,Gharbia,Tanta,Amr Salah,SPO-FI-366,Sports & Outdoors,Fitness Equipment,9,2807.01,0.05,28799.92,19566.19,28799.92,9233.73,No
EG-2024-1478,2024-05-13,2024-05-17,4,Standard Class,Zainab Soliman,Home Office,Egypt,Gharbia,Zifta,Sara Amin,FUR-FU-652,Furniture,Furnishings,2,147.78,0.0,354.67,255.95,354.67,98.72,No
EG-2024-1479,2024-05-14,2024-05-15,1,First Class,Karim Mahmoud,Corporate,Egypt,Red Sea,Hurghada,Sara Amin,CLO-SH-961,Clothing & Apparel,Shoes,3,1190.86,0.15,3644.04,2845.16,3644.04,798.88,No
EG-2024-1480,2024-05-14,2024-05-14,0,Same Day,Reem Moustafa,Corporate,Egypt,Gharbia,Tanta,Sara Amin,SPO-BI-584,Sports & Outdoors,Bicycles,1,4765.19,0.0,5718.23,4200.71,5718.23,1517.52,No
EG-2024-1480,2024-05-15,2024-05-20,5,Standard Class,Huda El-Mufti,Home Office,Egypt,Monufia,Menouf,Karim Salah,FUR-TA-739,Furniture,Tables,5,4525.68,0.0,27154.08,20149.66,27154.08,7004.42,No
EG-2024-1481,2024-05-16,2024-05-21,5,Standard Class,Ahmed Ezz,Home Office,Egypt,Fayoum,Fayoum City,Sara Amin,FUR-BO-887,Furniture,Bookcases,10,2164.43,0.05,24674.5,16145.23,24674.5,8529.27,No
EG-2024-1482,2024-05-16,2024-05-19,3,Second Class,Omar Sherif,Corporate,Egypt,Luxor,Esna,Sara Amin,FUR-FU-505,Furniture,Furnishings,3,142.63,0.05,487.8,386.76,487.8,101.04,No
EG-2024-1483,2024-05-16,2024-05-16,0,Same Day,Omar Sherif,Home Office,Egypt,Beheira,Kom Hamada,Youssef Khaled,TEC-MA-818,Technology,Machines,6,5455.63,0.1,35352.49,26512.84,35352.49,8839.65,No
EG-2024-1482,2024-05-17,2024-05-17,0,Same Day,Aya Mahmoud,Home Office,Egypt,Asyut,Fateh,Mina Youssef,OFF-AR-572,Office Supplies,Art,3,64.74,0.0,233.06,164.35,233.06,68.71,No
EG-2024-1483,2024-05-17,2024-05-23,6,Standard Class,Omar Sherif,Home Office,Egypt,Suez,Arbaeen,Youssef Khaled,SPO-SP-907,Sports & Outdoors,Sportswear,5,473.6,0.0,2841.6,2161.96,2841.6,679.64,No
EG-2024-1483,2024-05-18,2024-05-22,4,Standard Class,Mona Abdelrahman,Consumer,Egypt,Sharqia,10th of Ramadan,Youssef Khaled,OFF-ST-674,Office Supplies,Storage,9,268.37,0.05,2753.48,1855.04,2753.48,898.44,No
EG-2024-1484,2024-05-19,2024-05-23,4,Standard Class,Zainab Soliman,Consumer,Egypt,Sohag,Akhmim,Ahmed Ragab,TEC-CO-203,Technology,Copiers,5,5119.37,0.0,30716.22,22792.62,30716.22,7923.6,No
EG-2024-1485,2024-05-19,2024-05-22,3,Second Class,Hany Ramzy,Home Office,Egypt,Cairo,Maadi,Mina Youssef,HOM-BL-787,Home Appliances,Blenders,10,827.97,0.0,9935.64,6792.95,9935.64,3142.69,No
EG-2024-1486,2024-05-19,2024-05-24,5,Standard Class,Yasmine Sabri,Home Office,Egypt,North Sinai,Rafah,Noha Mahmoud,FUR-TA-587,Furniture,Tables,5,4063.75,0.0,24382.5,17536.56,24382.5,6845.94,No
EG-2024-1485,2024-05-20,2024-05-20,0,Same Day,Asma Abulyazeid,Home Office,Egypt,Dakahlia,Mansoura,Amr Salah,OFF-PA-698,Office Supplies,Paper,3,46.15,0.05,157.83,102.93,157.83,54.9,No
EG-2024-1486,2024-05-23,2024-05-28,5,Standard Class,Ahmed Mekky,Home Office,Egypt,Minya,Minya City,Karim Salah,CLO-SH-948,Clothing & Apparel,Shoes,3,1311.88,0.0,4722.77,3694.35,4722.77,1028.42,No
EG-2024-1487,2024-05-23,2024-05-23,0,Same Day,Mona Zaki,Corporate,Egypt,Asyut,Asyut City,Amr Salah,OFF-AR-830,Office Supplies,Art,8,60.74,0.15,495.63,387.51,495.63,108.12,No
EG-2024-1487,2024-05-24,2024-05-30,6,Standard Class,Mohamed Ali,Consumer,Egypt,North Sinai,Rafah,Karim Salah,TEC-AC-659,Technology,Accessories,3,378.12,0.0,1361.23,987.38,1361.23,373.85,No
EG-2024-1488,2024-05-24,2024-05-30,6,Standard Class,Jamila Awad,Consumer,Egypt,Port Said,Al Arab,Sara Amin,SPO-SP-764,Sports & Outdoors,Sportswear,2,450.44,0.15,918.9,675.64,918.9,243.26,No
EG-2024-1488,2024-05-25,2024-05-28,3,Second Class,Zainab Soliman,Home Office,Egypt,Port Said,Al Sharq,Noha Mahmoud,TEC-CO-419,Technology,Copiers,9,5143.01,0.0,55544.51,39516.87,55544.51,16027.64,No
EG-2024-1489,2024-05-26,2024-05-29,3,Second Class,Asser Yassin,Home Office,Egypt,Aswan,Aswan City,Noha Mahmoud,CLO-SH-735,Clothing & Apparel,Shirts,5,367.15,0.0,2202.9,1436.53,2202.9,766.37,No
EG-2024-1490,2024-05-28,2024-06-03,6,Standard Class,Fatma Ibrahim,Corporate,Egypt,Dakahlia,Mansoura,Ahmed Ragab,FUR-CH-787,Furniture,Chairs,8,890.63,0.05,8122.55,5484.49,8122.55,2638.06,No
EG-2024-1491,2024-05-28,2024-06-03,6,Standard Class,Asser Yassin,Consumer,Egypt,South Sinai,Nuweiha,Ahmed Ragab,OFF-BI-913,Office Supplies,Binders,10,72.12,0.15,735.62,532.62,735.62,203.0,No
EG-2024-1491,2024-05-29,2024-05-30,1,First Class,Reem Moustafa,Corporate,Egypt,Alexandria,Smouha,Ahmed Ragab,FUR-CH-401,Furniture,Chairs,9,767.23,0.05,7871.78,6088.32,7871.78,1783.46,No
EG-2024-1492,2024-05-29,2024-05-30,1,First Class,Fatma Ibrahim,Corporate,Egypt,North Sinai,Sheikh Zuweid,Noha Mahmoud,OFF-ST-101,Office Supplies,Storage,5,265.46,0.05,1513.12,1046.65,1513.12,466.47,No
EG-2024-1492,2024-05-30,2024-06-05,6,Standard Class,Amina Khalil,Corporate,Egypt,Monufia,Sadat City,Sara Amin,CLO-PA-655,Clothing & Apparel,Pants,5,553.64,0.0,3321.84,2618.21,3321.84,703.63,No
EG-2024-1493,2024-05-30,2024-06-04,5,Standard Class,Huda El-Mufti,Home Office,Egypt,Monufia,Shibin El Kom,Noha Mahmoud,TEC-AC-894,Technology,Accessories,7,348.91,0.0,2930.84,2040.23,2930.84,890.61,No
EG-2024-1493,2024-05-31,2024-05-31,0,Same Day,Hussein Fahmy,Home Office,Egypt,Giza,6th of October,Mina Youssef,HOM-RE-397,Home Appliances,Refrigerators,8,12500.22,0.1,108001.9,80528.15,108001.9,27473.75,No
EG-2024-1494,2024-05-31,2024-06-05,5,Standard Class,Eyad Nassar,Corporate,Egypt,Dakahlia,Mansoura,Sara Amin,TEC-MA-372,Technology,Machines,4,5386.87,0.0,25856.98,16845.95,25856.98,9011.03,No
EG-2024-1494,2024-06-01,2024-06-01,0,Same Day,Huda El-Mufti,Home Office,Egypt,Suez,Suez City,Ahmed Ragab,SPO-FI-358,Sports & Outdoors,Fitness Equipment,1,2761.34,0.0,3313.61,2616.45,3313.61,697.16,No
EG-2024-1495,2024-06-02,2024-06-06,4,Standard Class,Sherif Anwar,Home Office,Egypt,New Valley,Kharga,Karim Salah,SPO-SP-222,Sports & Outdoors,Sportswear,5,506.08,0.05,2884.66,2280.74,2884.66,603.92,No
EG-2024-1496,2024-06-03,2024-06-05,2,Second Class,Hany Ramzy,Corporate,Egypt,Luxor,Armant,Ahmed Ragab,CLO-JA-770,Clothing & Apparel,Jackets,2,1885.37,0.05,4298.65,3303.99,4298.65,994.66,No
EG-2024-1497,2024-06-04,2024-06-07,3,Second Class,Mayan El-Sayed,Consumer,Egypt,Suez,Suez City,Karim Salah,TEC-MA-455,Technology,Machines,7,5378.92,0.15,38405.49,27190.74,38405.49,11214.75,No
EG-2024-1498,2024-06-04,2024-06-09,5,Standard Class,Ahmed Mekky,Consumer,Egypt,Luxor,Esna,Ahmed Ragab,SPO-BI-941,Sports & Outdoors,Bicycles,10,4627.44,0.15,47199.89,32239.13,47199.89,14960.76,No
EG-2024-1498,2024-06-05,2024-06-05,0,Same Day,Jamila Awad,Consumer,Egypt,Qalyubia,Shubra El-Kheima,Noha Mahmoud,CLO-JA-462,Clothing & Apparel,Jackets,5,1937.05,0.0,11622.3,7976.75,11622.3,3645.55,No
EG-2024-1499,2024-06-05,2024-06-10,5,Standard Class,Mohamed Ramadan,Corporate,Egypt,Monufia,Shibin El Kom,Sara Amin,TEC-CO-843,Technology,Copiers,7,5247.44,0.05,41874.58,30237.9,41874.58,11636.68,No
EG-2024-1499,2024-06-06,2024-06-07,1,First Class,Mayan El-Sayed,Corporate,Egypt,Red Sea,Hurghada,Karim Salah,CLO-PA-910,Clothing & Apparel,Pants,10,594.66,0.1,6422.33,4600.55,6422.33,1821.78,No
EG-2024-1500,2024-06-07,2024-06-09,2,Second Class,Fatma Ibrahim,Home Office,Egypt,Minya,Mallawi,Karim Salah,CLO-SH-616,Clothing & Apparel,Shirts,5,423.76,0.0,2542.56,1994.89,2542.56,547.67,No
EG-2024-1501,2024-06-08,2024-06-13,5,Standard Class,Hussein Fahmy,Home Office,Egypt,Damietta,Ras El Bar,Amr Salah,CLO-SH-506,Clothing & Apparel,Shirts,6,428.17,0.1,2774.54,2108.39,2774.54,666.15,No
EG-2024-1502,2024-06-09,2024-06-14,5,Standard Class,Amr Diab,Consumer,Egypt,Dakahlia,Talkha,Youssef Khaled,SPO-SP-143,Sports & Outdoors,Sportswear,1,521.22,0.0,625.46,466.39,625.46,159.07,No
EG-2024-1503,2024-06-09,2024-06-10,1,First Class,Hany Ramzy,Corporate,Egypt,Luxor,Esna,Noha Mahmoud,HOM-AI-575,Home Appliances,Air Conditioners,9,14747.91,0.15,135385.82,106525.45,135385.82,28860.37,No
EG-2024-1504,2024-06-09,2024-06-12,3,Second Class,Yasmine Sabri,Corporate,Egypt,Red Sea,Gouna,Ahmed Ragab,HOM-MI-385,Home Appliances,Microwaves,9,3554.93,0.15,32634.25,26106.48,32634.25,6527.77,No
EG-2024-1503,2024-06-10,2024-06-12,2,Second Class,Amr Hassan,Consumer,Egypt,South Sinai,Nuweiha,Ahmed Ragab,TEC-PH-704,Technology,Phones,9,1563.68,0.0,16887.74,11334.07,16887.74,5553.67,No
EG-2024-1504,2024-06-11,2024-06-12,1,First Class,Amina Khalil,Corporate,Egypt,Sharqia,Belbeis,Ahmed Ragab,FUR-CH-529,Furniture,Chairs,7,851.83,0.1,6439.83,4378.59,6439.83,2061.24,No
EG-2024-1505,2024-06-11,2024-06-14,3,Second Class,Mahmoud Saad,Corporate,Egypt,Dakahlia,Talkha,Sara Amin,OFF-BI-782,Office Supplies,Binders,8,80.93,0.0,776.93,593.73,776.93,183.2,No
EG-2024-1506,2024-06-11,2024-06-16,5,Standard Class,Tamer Hosny,Consumer,Egypt,Sharqia,Zagazig,Mina Youssef,CLO-PA-144,Clothing & Apparel,Pants,10,542.78,0.0,6513.36,4801.07,6513.36,1712.29,No
EG-2024-1505,2024-06-12,2024-06-18,6,Standard Class,Sherif Anwar,Consumer,Egypt,Beheira,Kafr El Dawar,Youssef Khaled,TEC-CO-531,Technology,Copiers,7,5189.66,0.0,43593.14,30615.49,43593.14,12977.65,No
EG-2024-1506,2024-06-12,2024-06-16,4,Standard Class,Amr Hassan,Corporate,Egypt,North Sinai,Rafah,Sara Amin,FUR-CH-364,Furniture,Chairs,1,920.63,0.15,939.05,636.66,939.05,302.39,No
EG-2024-1506,2024-06-13,2024-06-15,2,Second Class,Khaled El-Nabawy,Corporate,Egypt,Fayoum,Tamiya,Youssef Khaled,FUR-FU-840,Furniture,Furnishings,3,142.72,0.0,513.79,336.02,513.79,177.77,No
EG-2024-1507,2024-06-13,2024-06-17,4,Standard Class,Youssef Hussein,Consumer,Egypt,Alexandria,Miami,Amr Salah,SPO-SP-400,Sports & Outdoors,Sportswear,5,464.26,0.0,2785.56,2219.94,2785.56,565.62,No
EG-2024-1508,2024-06-13,2024-06-14,1,First Class,Hassan El-Raddad,Home Office,Egypt,Fayoum,Tamiya,Ahmed Ragab,OFF-PA-435,Office Supplies,Paper,5,51.25,0.15,261.38,183.64,261.38,77.74,No
EG-2024-1507,2024-06-14,2024-06-16,2,Second Class,Dina El-Sherbiny,Consumer,Egypt,Red Sea,Marsa Alam,Karim Salah,CLO-PA-935,Clothing & Apparel,Pants,2,656.96,0.0,1576.7,1093.03,1576.7,483.67,No
EG-2024-1508,2024-06-15,2024-06-20,5,Standard Class,Sahar El-Sayegh,Consumer,Egypt,Suez,Suez City,Ahmed Ragab,TEC-AC-154,Technology,Accessories,9,384.12,0.05,3941.08,2977.29,3941.08,963.79,No
EG-2024-1509,2024-06-16,2024-06-20,4,Standard Class,Huda El-Mufti,Home Office,Egypt,New Valley,Kharga,Noha Mahmoud,CLO-JA-450,Clothing & Apparel,Jackets,2,1893.03,0.1,4088.94,3228.82,4088.94,860.12,No
EG-2024-1510,2024-06-16,2024-06-19,3,Second Class,Tamer Hosny,Consumer,Egypt,North Sinai,Rafah,Mina Youssef,HOM-MI-520,Home Appliances,Microwaves,8,3832.62,0.0,36793.15,25236.12,36793.15,11557.03,No
EG-2024-1510,2024-06-17,2024-06-22,5,Standard Class,Mona Abdelrahman,Consumer,Egypt,North Sinai,Rafah,Amr Salah,SPO-BI-694,Sports & Outdoors,Bicycles,1,4686.34,0.05,5342.43,4085.64,5342.43,1256.79,Yes
EG-2024-1511,2024-06-17,2024-06-23,6,Standard Class,Mona Abdelrahman,Home Office,Egypt,Beni Suef,Beni Suef City,Ahmed Ragab,HOM-BL-900,Home Appliances,Blenders,1,763.16,0.0,915.79,660.51,915.79,255.28,No
EG-2024-1512,2024-06-17,2024-06-23,6,Standard Class,Ahmed Mansour,Corporate,Egypt,Gharbia,Tanta,Karim Salah,TEC-CO-676,Technology,Copiers,4,5022.38,0.05,22902.05,16101.38,22902.05,6800.67,No
EG-2024-1511,2024-06-18,2024-06-20,2,Second Class,Reem Moustafa,Consumer,Egypt,Sharqia,Belbeis,Ahmed Ragab,TEC-CO-925,Technology,Copiers,3,4736.64,0.0,17051.9,11094.01,17051.9,5957.89,No
EG-2024-1512,2024-06-18,2024-06-21,3,Second Class,Jamila Awad,Home Office,Egypt,Kafr El-Sheikh,Desouk,Ahmed Ragab,OFF-PA-954,Office Supplies,Paper,1,47.8,0.0,57.36,40.64,57.36,16.72,No
EG-2024-1512,2024-06-20,2024-06-26,6,Standard Class,Amir Karara,Corporate,Egypt,Port Said,Al Sharq,Ahmed Ragab,HOM-RE-355,Home Appliances,Refrigerators,9,12161.85,0.1,118213.18,87714.19,118213.18,30498.99,No
EG-2024-1513,2024-06-20,2024-06-25,5,Standard Class,Mona Zaki,Consumer,Egypt,Alexandria,Smouha,Amr Salah,SPO-BI-322,Sports & Outdoors,Bicycles,4,4609.0,0.0,22123.2,17448.46,22123.2,4674.74,No
EG-2024-1514,2024-06-20,2024-06-25,5,Standard Class,Nour El-Din,Home Office,Egypt,Damietta,Ras El Bar,Mina Youssef,CLO-SH-273,Clothing & Apparel,Shirts,9,398.97,0.0,4308.88,3369.25,4308.88,939.63,No
EG-2024-1513,2024-06-21,2024-06-27,6,Standard Class,Huda El-Mufti,Consumer,Egypt,South Sinai,Sharm El-Sheikh,Mina Youssef,TEC-PH-935,Technology,Phones,9,1420.81,0.0,15344.75,11525.92,15344.75,3818.83,Yes
EG-2024-1514,2024-06-22,2024-06-22,0,Same Day,Amr Diab,Home Office,Egypt,Kafr El-Sheikh,Baltim,Mina Youssef,OFF-ST-113,Office Supplies,Storage,1,290.86,0.0,349.03,243.46,349.03,105.57,No
EG-2024-1515,2024-06-23,2024-06-24,1,First Class,Mohamed Henedy,Corporate,Egypt,North Sinai,Sheikh Zuweid,Ahmed Ragab,CLO-PA-229,Clothing & Apparel,Pants,5,605.95,0.05,3453.92,2637.27,3453.92,816.65,No
EG-2024-1516,2024-06-23,2024-06-25,2,Second Class,Reem Moustafa,Home Office,Egypt,Kafr El-Sheikh,Kafr El-Sheikh City,Mina Youssef,HOM-MI-602,Home Appliances,Microwaves,9,3183.77,0.1,30946.25,23378.94,30946.25,7567.31,No
EG-2024-1517,2024-06-23,2024-06-26,3,Second Class,Mona Zaki,Consumer,Egypt,Kafr El-Sheikh,Desouk,Youssef Khaled,SPO-BI-165,Sports & Outdoors,Bicycles,7,4569.27,0.0,38381.87,29504.76,38381.87,8877.11,No
EG-2024-1516,2024-06-24,2024-06-26,2,Second Class,Tarek Sayed,Home Office,Egypt,Asyut,Dairut,Noha Mahmoud,TEC-AC-187,Technology,Accessories,6,323.48,0.0,2329.06,1671.42,2329.06,657.64,No
EG-2024-1517,2024-06-24,2024-06-27,3,Second Class,Tamer Hosny,Consumer,Egypt,Gharbia,Tanta,Amr Salah,TEC-AC-224,Technology,Accessories,3,349.27,0.05,1194.5,904.24,1194.5,290.26,No
EG-2024-1518,2024-06-24,2024-06-26,2,Second Class,Karim Mahmoud,Home Office,Egypt,Matrouh,Marsa Matrouh,Mina Youssef,SPO-FI-235,Sports & Outdoors,Fitness Equipment,5,2720.92,0.0,16325.52,11699.01,16325.52,4626.51,No
EG-2024-1517,2024-06-25,2024-06-28,3,Second Class,Ahmed Helmy,Corporate,Egypt,Fayoum,Sinnuris,Sara Amin,OFF-BI-262,Office Supplies,Binders,1,87.2,0.0,104.64,74.05,104.64,30.59,No
EG-2024-1518,2024-06-25,2024-06-27,2,Second Class,Mai Ezz Eldin,Home Office,Egypt,Matrouh,Siwa,Noha Mahmoud,SPO-BI-205,Sports & Outdoors,Bicycles,4,4141.75,0.0,19880.4,13621.55,19880.4,6258.85,No
EG-2024-1518,2024-06-26,2024-06-27,1,First Class,Eyad Nassar,Corporate,Egypt,Fayoum,Sinnuris,Amr Salah,OFF-BI-705,Office Supplies,Binders,8,79.63,0.0,764.45,516.24,764.45,248.21,No
EG-2024-1519,2024-06-26,2024-06-26,0,Same Day,Hassan El-Raddad,Consumer,Egypt,Monufia,Menouf,Karim Salah,TEC-AC-930,Technology,Accessories,5,383.28,0.0,2299.68,1674.13,2299.68,625.55,No
EG-2024-1519,2024-06-27,2024-06-28,1,First Class,Tarek Sayed,Corporate,Egypt,North Sinai,Rafah,Ahmed Ragab,TEC-MA-575,Technology,Machines,8,5087.13,0.05,46394.63,32835.47,46394.63,13559.16,No
EG-2024-1520,2024-06-28,2024-07-01,3,Second Class,Zainab Soliman,Home Office,Egypt,Minya,Samalut,Amr Salah,FUR-CH-241,Furniture,Chairs,5,837.21,0.05,4772.1,3184.86,4772.1,1587.24,No
EG-2024-1521,2024-06-29,2024-07-02,3,Second Class,Eyad Nassar,Corporate,Egypt,Luxor,Luxor City,Sara Amin,TEC-AC-345,Technology,Accessories,5,334.14,0.15,1704.11,1189.61,1704.11,514.5,No
EG-2024-1522,2024-06-29,2024-07-01,2,Second Class,Zainab Soliman,Corporate,Egypt,Damietta,New Damietta,Sara Amin,CLO-JA-438,Clothing & Apparel,Jackets,2,1922.31,0.0,4613.54,3606.63,4613.54,1006.91,No
EG-2024-1522,2024-06-30,2024-07-03,3,Second Class,Amir Karara,Home Office,Egypt,South Sinai,Dahab,Noha Mahmoud,CLO-PA-944,Clothing & Apparel,Pants,2,545.33,0.0,1308.79,991.69,1308.79,317.1,No
EG-2024-1523,2024-06-30,2024-07-01,1,First Class,Nour El-Sherif,Consumer,Egypt,New Valley,Kharga,Ahmed Ragab,OFF-PA-754,Office Supplies,Paper,4,49.1,0.0,235.68,157.83,235.68,77.85,No
EG-2024-1524,2024-06-30,2024-07-02,2,Second Class,Asmaa Galal,Home Office,Egypt,Suez,Attaka,Mina Youssef,FUR-FU-656,Furniture,Furnishings,7,160.35,0.05,1279.59,902.79,1279.59,376.8,No
EG-2024-1523,2024-07-01,2024-07-05,4,Standard Class,Mohamed Ali,Home Office,Egypt,Gharbia,El Mahalla El Kubra,Youssef Khaled,SPO-CA-543,Sports & Outdoors,Camping Gear,10,1600.57,0.05,18246.5,14243.81,18246.5,4002.69,No
EG-2024-1524,2024-07-01,2024-07-05,4,Standard Class,Zainab Soliman,Consumer,Egypt,Beheira,Kom Hamada,Amr Salah,OFF-ST-279,Office Supplies,Storage,5,274.13,0.15,1398.06,1040.47,1398.06,357.59,No
EG-2024-1525,2024-07-01,2024-07-03,2,Second Class,Omar Sherif,Corporate,Egypt,Dakahlia,Mansoura,Sara Amin,CLO-JA-389,Clothing & Apparel,Jackets,4,1910.01,0.0,9168.05,7320.33,9168.05,1847.72,No
EG-2024-1524,2024-07-02,2024-07-02,0,Same Day,Maged El-Kedwany,Corporate,Egypt,Luxor,Armant,Karim Salah,CLO-SH-440,Clothing & Apparel,Shoes,7,1087.91,0.05,8681.52,6181.3,8681.52,2500.22,No
EG-2024-1525,2024-07-03,2024-07-04,1,First Class,Wael Jassar,Consumer,Egypt,Aswan,Aswan City,Mina Youssef,CLO-SH-320,Clothing & Apparel,Shoes,2,1253.67,0.1,2707.93,1788.2,2707.93,919.73,No
EG-2024-1526,2024-07-03,2024-07-04,1,First Class,Hany Ramzy,Consumer,Egypt,Sohag,Sohag City,Noha Mahmoud,FUR-TA-713,Furniture,Tables,7,4591.77,0.0,38570.87,25966.05,38570.87,12604.82,No
EG-2024-1527,2024-07-03,2024-07-07,4,Standard Class,Dina El-Sherbiny,Consumer,Egypt,New Valley,Dakhla,Karim Salah,FUR-CH-973,Furniture,Chairs,2,878.66,0.0,2108.78,1530.4,2108.78,578.38,No
EG-2024-1526,2024-07-04,2024-07-04,0,Same Day,Ahmed Helmy,Consumer,Egypt,Alexandria,Stanly,Ahmed Ragab,SPO-FI-811,Sports & Outdoors,Fitness Equipment,9,2998.39,0.0,32382.61,24293.41,32382.61,8089.2,No
EG-2024-1527,2024-07-06,2024-07-09,3,Second Class,Sahar El-Sayegh,Consumer,Egypt,Qalyubia,Shubra El-Kheima,Noha Mahmoud,OFF-PA-105,Office Supplies,Paper,3,49.47,0.0,178.09,125.09,178.09,53.0,No
EG-2024-1528,2024-07-06,2024-07-07,1,First Class,Nour El-Din,Consumer,Egypt,Sharqia,Zagazig,Karim Salah,HOM-BL-814,Home Appliances,Blenders,4,776.7,0.0,3728.16,2843.38,3728.16,884.78,No
EG-2024-1529,2024-07-06,2024-07-08,2,Second Class,Ahmed Ezz,Consumer,Egypt,Matrouh,Alamein,Youssef Khaled,OFF-BI-908,Office Supplies,Binders,6,86.12,0.15,527.05,391.96,527.05,135.09,No
EG-2024-1528,2024-07-07,2024-07-11,4,Standard Class,Eyad Nassar,Corporate,Egypt,Minya,Minya City,Ahmed Ragab,CLO-JA-694,Clothing & Apparel,Jackets,2,1747.07,0.05,3983.32,3155.39,3983.32,827.93,No
EG-2024-1529,2024-07-08,2024-07-13,5,Standard Class,Tarek Sayed,Consumer,Egypt,Sohag,Akhmim,Mina Youssef,SPO-BI-798,Sports & Outdoors,Bicycles,9,4371.6,0.0,47213.28,32449.13,47213.28,14764.15,No
EG-2024-1530,2024-07-08,2024-07-08,0,Same Day,Hassan El-Raddad,Consumer,Egypt,Giza,Sheikh Zayed,Sara Amin,TEC-AC-184,Technology,Accessories,2,382.13,0.0,917.11,617.81,917.11,299.3,No
EG-2024-1530,2024-07-09,2024-07-09,0,Same Day,Karim Abdelaziz,Consumer,Egypt,Ismailia,Fayed,Mina Youssef,FUR-BO-116,Furniture,Bookcases,6,1824.71,0.0,13137.91,8984.87,13137.91,4153.04,No
EG-2024-1531,2024-07-10,2024-07-16,6,Standard Class,Zainab Soliman,Consumer,Egypt,South Sinai,Dahab,Youssef Khaled,FUR-BO-704,Furniture,Bookcases,6,2080.0,0.0,14976.0,10499.51,14976.0,4476.49,No
EG-2024-1532,2024-07-11,2024-07-12,1,First Class,Asma Abulyazeid,Consumer,Egypt,Monufia,Shibin El Kom,Ahmed Ragab,OFF-ST-857,Office Supplies,Storage,2,292.87,0.05,667.75,453.65,667.75,214.1,No
EG-2024-1533,2024-07-12,2024-07-14,2,Second Class,Aya Mahmoud,Home Office,Egypt,South Sinai,Nuweiha,Karim Salah,HOM-RE-944,Home Appliances,Refrigerators,7,12133.31,0.05,96823.81,70462.36,96823.81,26361.45,No
EG-2024-1534,2024-07-12,2024-07-15,3,Second Class,Farouk El-Fishawy,Home Office,Egypt,Sohag,Tahta,Sara Amin,SPO-FI-885,Sports & Outdoors,Fitness Equipment,5,2929.31,0.0,17575.86,12719.13,17575.86,4856.73,No
EG-2024-1535,2024-07-12,2024-07-16,4,Standard Class,Khaled El-Nabawy,Home Office,Egypt,Gharbia,Zifta,Mina Youssef,SPO-SP-667,Sports & Outdoors,Sportswear,10,478.65,0.1,5169.42,3364.44,5169.42,1804.98,No
EG-2024-1534,2024-07-13,2024-07-19,6,Standard Class,Reem Moustafa,Consumer,Egypt,Sohag,Akhmim,Mina Youssef,CLO-PA-954,Clothing & Apparel,Pants,10,558.15,0.0,6697.8,4811.75,6697.8,1886.05,No
EG-2024-1535,2024-07-13,2024-07-16,3,Second Class,Huda El-Mufti,Corporate,Egypt,Sharqia,Zagazig,Youssef Khaled,OFF-PA-979,Office Supplies,Paper,3,45.29,0.0,163.04,116.13,163.04,46.91,No
EG-2024-1535,2024-07-14,2024-07-15,1,First Class,Asmaa Galal,Consumer,Egypt,Kafr El-Sheikh,Baltim,Amr Salah,HOM-MI-251,Home Appliances,Microwaves,8,3475.82,0.0,33367.87,22288.36,33367.87,11079.51,No
EG-2024-1536,2024-07-14,2024-07-14,0,Same Day,Farouk El-Fishawy,Home Office,Egypt,Alexandria,Stanly,Noha Mahmoud,FUR-TA-676,Furniture,Tables,10,4831.96,0.1,52185.17,34645.31,52185.17,17539.86,No
EG-2024-1537,2024-07-14,2024-07-14,0,Same Day,Asma Abulyazeid,Consumer,Egypt,Kafr El-Sheikh,Desouk,Noha Mahmoud,HOM-AI-364,Home Appliances,Air Conditioners,4,16399.14,0.05,74780.08,48859.8,74780.08,25920.28,No
EG-2024-1536,2024-07-15,2024-07-21,6,Standard Class,Dina El-Sherbiny,Corporate,Egypt,Port Said,Al Sharq,Amr Salah,FUR-CH-400,Furniture,Chairs,1,797.63,0.05,909.3,712.01,909.3,197.29,No
EG-2024-1537,2024-07-15,2024-07-17,2,Second Class,Hany Ramzy,Home Office,Egypt,Giza,Sheikh Zayed,Amr Salah,CLO-SH-808,Clothing & Apparel,Shirts,2,403.58,0.0,968.59,685.14,968.59,283.45,No
EG-2024-1538,2024-07-15,2024-07-18,3,Second Class,Eyad Nassar,Consumer,Egypt,Damietta,Damietta City,Amr Salah,TEC-CO-523,Technology,Copiers,8,5410.9,0.0,51944.64,35257.88,51944.64,16686.76,No
EG-2024-1537,2024-07-16,2024-07-22,6,Standard Class,Ahmed Ezz,Corporate,Egypt,Sohag,Tahta,Amr Salah,FUR-FU-111,Furniture,Furnishings,8,155.44,0.1,1343.0,1061.29,1343.0,281.71,No
EG-2024-1538,2024-07-16,2024-07-17,1,First Class,Farouk El-Fishawy,Home Office,Egypt,Asyut,Asyut City,Sara Amin,OFF-BI-558,Office Supplies,Binders,9,79.46,0.05,815.26,559.43,815.26,255.83,No
EG-2024-1539,2024-07-16,2024-07-20,4,Standard Class,Hussein Fahmy,Consumer,Egypt,Minya,Samalut,Mina Youssef,OFF-AR-591,Office Supplies,Art,9,63.17,0.0,682.24,453.17,682.24,229.07,No
EG-2024-1538,2024-07-17,2024-07-18,1,First Class,Zainab Soliman,Home Office,Egypt,North Sinai,Sheikh Zuweid,Ahmed Ragab,OFF-AR-960,Office Supplies,Art,4,56.79,0.15,231.7,174.47,231.7,57.23,No
EG-2024-1539,2024-07-17,2024-07-22,5,Standard Class,Nelly Karim,Home Office,Egypt,Sohag,Akhmim,Amr Salah,CLO-SH-386,Clothing & Apparel,Shirts,3,370.9,0.0,1335.24,904.87,1335.24,430.37,No
EG-2024-1539,2024-07-18,2024-07-21,3,Second Class,Hend Sabry,Corporate,Egypt,Minya,Samalut,Ahmed Ragab,TEC-MA-822,Technology,Machines,8,5476.68,0.05,49947.32,37472.39,49947.32,12474.93,No
EG-2024-1540,2024-07-19,2024-07-25,6,Standard Class,Karim Mahmoud,Corporate,Egypt,Qalyubia,Banha,Karim Salah,TEC-AC-136,Technology,Accessories,4,328.27,0.0,1575.7,1133.89,1575.7,441.81,No
EG-2024-1541,2024-07-19,2024-07-23,4,Standard Class,Nour El-Din,Consumer,Egypt,Luxor,Armant,Ahmed Ragab,OFF-BI-221,Office Supplies,Binders,6,80.29,0.0,578.09,413.32,578.09,164.77,No
EG-2024-1541,2024-07-20,2024-07-26,6,Standard Class,Amr Diab,Home Office,Egypt,Beni Suef,Biba,Youssef Khaled,SPO-CA-153,Sports & Outdoors,Camping Gear,8,1559.93,0.0,14975.33,11011.35,14975.33,3963.98,No
EG-2024-1542,2024-07-20,2024-07-25,5,Standard Class,Nelly Karim,Consumer,Egypt,Giza,Sheikh Zayed,Youssef Khaled,SPO-FI-368,Sports & Outdoors,Fitness Equipment,1,3216.0,0.15,3280.32,2194.2,3280.32,1086.12,No
EG-2024-1542,2024-07-21,2024-07-23,2,Second Class,Asser Yassin,Home Office,Egypt,Cairo,New Cairo,Sara Amin,FUR-FU-893,Furniture,Furnishings,4,148.56,0.0,713.09,481.81,713.09,231.28,No
EG-2024-1543,2024-07-22,2024-07-26,4,Standard Class,Adel Emam,Corporate,Egypt,Aswan,Kom Ombo,Noha Mahmoud,OFF-PA-482,Office Supplies,Paper,5,49.42,0.1,266.87,188.99,266.87,77.88,No
EG-2024-1544,2024-07-23,2024-07-24,1,First Class,Mohamed Henedy,Home Office,Egypt,Alexandria,Miami,Ahmed Ragab,SPO-BI-489,Sports & Outdoors,Bicycles,10,4418.48,0.0,53021.76,42065.42,53021.76,10956.34,No
EG-2024-1545,2024-07-23,2024-07-27,4,Standard Class,Youssef Hussein,Home Office,Egypt,Luxor,Esna,Noha Mahmoud,SPO-SP-654,Sports & Outdoors,Sportswear,7,491.36,0.0,4127.42,2957.79,4127.42,1169.63,No
EG-2024-1545,2024-07-24,2024-07-27,3,Second Class,Omar Sherif,Corporate,Egypt,South Sinai,Sharm El-Sheikh,Youssef Khaled,SPO-BI-340,Sports & Outdoors,Bicycles,1,4604.31,0.0,5525.17,3943.53,5525.17,1581.64,No
EG-2024-1546,2024-07-24,2024-07-28,4,Standard Class,Nour El-Sherif,Consumer,Egypt,Matrouh,Marsa Matrouh,Noha Mahmoud,SPO-CA-630,Sports & Outdoors,Camping Gear,2,1457.02,0.0,3496.85,2520.04,3496.85,976.81,No
EG-2024-1547,2024-07-24,2024-07-25,1,First Class,Asma Abulyazeid,Consumer,Egypt,North Sinai,Sheikh Zuweid,Karim Salah,OFF-AR-192,Office Supplies,Art,9,58.79,0.0,634.93,483.67,634.93,151.26,No
EG-2024-1546,2024-07-25,2024-07-25,0,Same Day,Dina El-Sherbiny,Consumer,Egypt,Sharqia,Zagazig,Sara Amin,HOM-AI-531,Home Appliances,Air Conditioners,1,17311.21,0.1,18696.1,12691.55,18696.1,6004.55,No
EG-2024-1547,2024-07-26,2024-07-30,4,Standard Class,Mohamed Ali,Consumer,Egypt,Matrouh,Alamein,Ahmed Ragab,CLO-JA-741,Clothing & Apparel,Jackets,5,1784.64,0.0,10707.84,8098.93,10707.84,2608.91,No
EG-2024-1548,2024-07-26,2024-07-30,4,Standard Class,Mayan El-Sayed,Home Office,Egypt,Alexandria,Smouha,Mina Youssef,TEC-PH-924,Technology,Phones,7,1413.19,0.1,10683.72,8198.61,10683.72,2485.11,No
EG-2024-1549,2024-07-26,2024-07-31,5,Standard Class,Mona Abdelrahman,Home Office,Egypt,Matrouh,Alamein,Sara Amin,FUR-BO-185,Furniture,Bookcases,2,2106.79,0.05,4803.49,3815.69,4803.49,987.8,No
EG-2024-1548,2024-07-27,2024-08-01,5,Standard Class,Mahmoud Yassin,Consumer,Egypt,Alexandria,Smouha,Youssef Khaled,FUR-BO-127,Furniture,Bookcases,9,2117.66,0.0,22870.73,18105.63,22870.73,4765.1,No
EG-2024-1549,2024-07-27,2024-07-27,0,Same Day,Mohamed Ramadan,Consumer,Egypt,Suez,Attaka,Mina Youssef,FUR-TA-144,Furniture,Tables,1,4377.0,0.0,5252.4,3470.44,5252.4,1781.96,No
EG-2024-1550,2024-07-27,2024-07-27,0,Same Day,Mena Shalaby,Consumer,Egypt,Luxor,Luxor City,Sara Amin,SPO-BI-700,Sports & Outdoors,Bicycles,10,4219.73,0.0,50636.76,36912.14,50636.76,13724.62,No
EG-2024-1549,2024-07-28,2024-07-28,0,Same Day,Adel Emam,Home Office,Egypt,Aswan,Kom Ombo,Noha Mahmoud,SPO-CA-414,Sports & Outdoors,Camping Gear,6,1537.7,0.15,9410.72,6682.86,9410.72,2727.86,No
EG-2024-1550,2024-07-29,2024-08-04,6,Standard Class,Jamila Awad,Home Office,Egypt,Aswan,Kom Ombo,Ahmed Ragab,HOM-BL-393,Home Appliances,Blenders,8,761.72,0.0,7312.51,4803.16,7312.51,2509.35,No
EG-2024-1551,2024-07-29,2024-08-02,4,Standard Class,Tamer Hosny,Home Office,Egypt,Fayoum,Tamiya,Karim Salah,TEC-AC-109,Technology,Accessories,9,321.95,0.0,3477.06,2270.12,3477.06,1206.94,No
EG-2024-1552,2024-07-29,2024-07-30,1,First Class,Asser Yassin,Corporate,Egypt,Dakahlia,Talkha,Mina Youssef,HOM-AI-264,Home Appliances,Air Conditioners,4,14996.05,0.0,71981.04,49316.17,71981.04,22664.87,No
EG-2024-1551,2024-07-30,2024-08-01,2,Second Class,Dina El-Sherbiny,Consumer,Egypt,Monufia,Sadat City,Sara Amin,FUR-TA-429,Furniture,Tables,7,4227.81,0.15,30186.56,20158.93,30186.56,10027.63,No
EG-2024-1552,2024-07-30,2024-07-31,1,First Class,Tamer Hosny,Consumer,Egypt,Damietta,Ras El Bar,Mina Youssef,TEC-AC-380,Technology,Accessories,2,355.81,0.05,811.24,617.08,811.24,194.16,No
EG-2024-1552,2024-08-01,2024-08-01,0,Same Day,Nour El-Din,Consumer,Egypt,Qalyubia,Shubra El-Kheima,Sara Amin,SPO-FI-572,Sports & Outdoors,Fitness Equipment,4,2999.9,0.1,12959.57,9348.09,12959.57,3611.48,No
EG-2024-1553,2024-08-01,2024-08-07,6,Standard Class,Mohamed Ali,Consumer,Egypt,Luxor,Luxor City,Youssef Khaled,CLO-JA-294,Clothing & Apparel,Jackets,1,1930.41,0.05,2200.67,1601.68,2200.67,598.99,No
EG-2024-1554,2024-08-01,2024-08-01,0,Same Day,Hussein Fahmy,Corporate,Egypt,Sohag,Tahta,Noha Mahmoud,SPO-BI-836,Sports & Outdoors,Bicycles,1,4681.98,0.0,5618.38,4289.36,5618.38,1329.02,No
EG-2024-1553,2024-08-02,2024-08-07,5,Standard Class,Huda El-Mufti,Consumer,Egypt,Suez,Arbaeen,Sara Amin,SPO-BI-377,Sports & Outdoors,Bicycles,9,4071.54,0.05,41774.0,31109.08,41774.0,10664.92,No
EG-2024-1554,2024-08-02,2024-08-04,2,Second Class,Dina El-Sherbiny,Corporate,Egypt,Monufia,Shibin El Kom,Noha Mahmoud,FUR-CH-827,Furniture,Chairs,2,847.14,0.0,2033.14,1328.19,2033.14,704.95,No
EG-2024-1555,2024-08-02,2024-08-05,3,Second Class,Asser Yassin,Corporate,Egypt,Giza,Dokki,Ahmed Ragab,TEC-CO-532,Technology,Copiers,7,5376.67,0.0,45164.03,30278.84,45164.03,14885.19,No
EG-2024-1554,2024-08-03,2024-08-03,0,Same Day,Wael Jassar,Consumer,Egypt,Monufia,Menouf,Ahmed Ragab,OFF-BI-760,Office Supplies,Binders,10,87.41,0.0,1048.92,714.82,1048.92,334.1,No
EG-2024-1555,2024-08-04,2024-08-04,0,Same Day,Hend Sabry,Home Office,Egypt,Monufia,Menouf,Ahmed Ragab,TEC-PH-168,Technology,Phones,5,1445.31,0.0,8671.86,6137.04,8671.86,2534.82,No
EG-2024-1556,2024-08-04,2024-08-09,5,Standard Class,Amr Diab,Consumer,Egypt,Qalyubia,Shubra El-Kheima,Mina Youssef,SPO-BI-598,Sports & Outdoors,Bicycles,7,4690.22,0.05,37427.96,26821.56,37427.96,10606.4,No
EG-2024-1557,2024-08-04,2024-08-10,6,Standard Class,Mayan El-Sayed,Home Office,Egypt,Gharbia,Tanta,Sara Amin,OFF-BI-584,Office Supplies,Binders,6,86.62,0.1,561.29,382.08,561.29,179.21,No
EG-2024-1556,2024-08-05,2024-08-07,2,Second Class,Amir Karara,Home Office,Egypt,Sohag,Sohag City,Ahmed Ragab,OFF-AR-523,Office Supplies,Art,10,61.88,0.0,742.56,538.17,742.56,204.39,No
EG-2024-1557,2024-08-05,2024-08-06,1,First Class,Sherif Anwar,Corporate,Egypt,Fayoum,Sinnuris,Sara Amin,TEC-AC-866,Technology,Accessories,9,380.4,0.15,3492.07,2332.51,3492.07,1159.56,No
EG-2024-1558,2024-08-05,2024-08-11,6,Standard Class,Eyad Nassar,Corporate,Egypt,Qena,Qena City,Youssef Khaled,CLO-SH-405,Clothing & Apparel,Shoes,9,1218.89,0.15,11189.41,8683.36,11189.41,2506.05,No
EG-2024-1557,2024-08-06,2024-08-09,3,Second Class,Tamer Hosny,Corporate,Egypt,Suez,Arbaeen,Amr Salah,SPO-FI-154,Sports & Outdoors,Fitness Equipment,6,3166.6,0.0,22799.52,15975.74,22799.52,6823.78,No
EG-2024-1558,2024-08-06,2024-08-06,0,Same Day,Zainab Soliman,Corporate,Egypt,Beheira,Kafr El Dawar,Noha Mahmoud,CLO-SH-446,Clothing & Apparel,Shirts,4,381.36,0.0,1830.53,1310.02,1830.53,520.51,No
EG-2024-1558,2024-08-07,2024-08-08,1,First Class,Yasmine Sabri,Corporate,Egypt,Damietta,Ras El Bar,Youssef Khaled,OFF-BI-566,Office Supplies,Binders,10,77.59,0.0,931.08,660.62,931.08,270.46,No
EG-2024-1559,2024-08-07,2024-08-08,1,First Class,Hend Sabry,Home Office,Egypt,Port Said,Port Fouad,Sara Amin,CLO-SH-812,Clothing & Apparel,Shoes,8,1095.81,0.0,10519.78,7174.61,10519.78,3345.17,No
EG-2024-1560,2024-08-07,2024-08-08,1,First Class,Mahmoud Saad,Corporate,Egypt,Matrouh,Siwa,Noha Mahmoud,SPO-CA-668,Sports & Outdoors,Camping Gear,6,1560.42,0.1,10111.52,6718.86,10111.52,3392.66,No
EG-2024-1559,2024-08-08,2024-08-09,1,First Class,Ghada Abdelrazek,Home Office,Egypt,Ismailia,Al Qantara,Noha Mahmoud,SPO-FI-103,Sports & Outdoors,Fitness Equipment,2,2927.19,0.0,7025.26,4653.34,7025.26,2371.92,No
EG-2024-1560,2024-08-09,2024-08-11,2,Second Class,Khaled El-Nabawy,Consumer,Egypt,Matrouh,Marsa Matrouh,Mina Youssef,TEC-CO-379,Technology,Copiers,4,4515.48,0.1,19506.87,14811.71,19506.87,4695.16,No
EG-2024-1561,2024-08-10,2024-08-14,4,Standard Class,Fatma Ibrahim,Home Office,Egypt,Qena,Abu Tesht,Amr Salah,SPO-BI-716,Sports & Outdoors,Bicycles,7,4510.37,0.0,37887.11,29671.3,37887.11,8215.81,No
EG-2024-1562,2024-08-10,2024-08-13,3,Second Class,Ahmed Helmy,Home Office,Egypt,Asyut,Fateh,Mina Youssef,HOM-AI-618,Home Appliances,Air Conditioners,9,15631.68,0.0,168822.14,122157.48,168822.14,46664.66,No
EG-2024-1562,2024-08-11,2024-08-17,6,Standard Class,Mena Shalaby,Consumer,Egypt,Beheira,Damanhour,Karim Salah,FUR-FU-269,Furniture,Furnishings,4,138.87,0.1,599.92,419.03,599.92,180.89,No
EG-2024-1563,2024-08-12,2024-08-12,0,Same Day,Yasmine Sabri,Home Office,Egypt,Qalyubia,Khanka,Youssef Khaled,HOM-RE-688,Home Appliances,Refrigerators,6,12091.34,0.0,87057.65,63007.87,87057.65,24049.78,No
EG-2024-1564,2024-08-12,2024-08-18,6,Standard Class,Ahmed Ezz,Consumer,Egypt,Damietta,New Damietta,Noha Mahmoud,SPO-FI-538,Sports & Outdoors,Fitness Equipment,1,2833.22,0.0,3399.86,2348.88,3399.86,1050.98,No
EG-2024-1565,2024-08-12,2024-08-17,5,Standard Class,Rania Moustafa,Corporate,Egypt,Cairo,New Cairo,Sara Amin,FUR-BO-524,Furniture,Bookcases,6,1812.03,0.0,13046.62,8955.7,13046.62,4090.92,No
EG-2024-1564,2024-08-13,2024-08-18,5,Standard Class,Hany Ramzy,Home Office,Egypt,Luxor,Esna,Karim Salah,FUR-FU-229,Furniture,Furnishings,5,142.3,0.0,853.8,651.6,853.8,202.2,No
EG-2024-1565,2024-08-14,2024-08-18,4,Standard Class,Asser Yassin,Corporate,Egypt,Kafr El-Sheikh,Baltim,Karim Salah,HOM-AI-238,Home Appliances,Air Conditioners,3,16182.03,0.0,58255.31,38574.43,58255.31,19680.88,No
EG-2024-1566,2024-08-14,2024-08-17,3,Second Class,Hend Sabry,Consumer,Egypt,Qena,Nag Hammadi,Ahmed Ragab,CLO-SH-811,Clothing & Apparel,Shirts,2,432.73,0.05,986.62,702.53,986.62,284.09,No
EG-2024-1566,2024-08-15,2024-08-16,1,First Class,Asma Abulyazeid,Consumer,Egypt,Dakahlia,Talkha,Amr Salah,TEC-AC-596,Technology,Accessories,10,339.04,0.0,4068.48,2875.81,4068.48,1192.67,No
EG-2024-1567,2024-08-15,2024-08-18,3,Second Class,Mahmoud Saad,Corporate,Egypt,Alexandria,Stanly,Sara Amin,OFF-ST-202,Office Supplies,Storage,4,267.25,0.0,1282.8,836.36,1282.8,446.44,No
EG-2024-1568,2024-08-15,2024-08-17,2,Second Class,Amr Diab,Home Office,Egypt,Aswan,Kom Ombo,Sara Amin,OFF-ST-931,Office Supplies,Storage,2,298.8,0.0,717.12,563.01,717.12,154.11,No
EG-2024-1567,2024-08-16,2024-08-16,0,Same Day,Mayan El-Sayed,Corporate,Egypt,Port Said,Al Arab,Noha Mahmoud,SPO-SP-625,Sports & Outdoors,Sportswear,1,486.02,0.05,554.06,416.42,554.06,137.64,No
EG-2024-1568,2024-08-17,2024-08-20,3,Second Class,Amr Hassan,Consumer,Egypt,Kafr El-Sheikh,Kafr El-Sheikh City,Ahmed Ragab,SPO-SP-242,Sports & Outdoors,Sportswear,6,463.93,0.0,3340.3,2320.51,3340.3,1019.79,No
EG-2024-1569,2024-08-18,2024-08-22,4,Standard Class,Amir Karara,Home Office,Egypt,Minya,Samalut,Amr Salah,OFF-AR-517,Office Supplies,Art,4,56.65,0.05,258.32,181.81,258.32,76.51,No
EG-2024-1570,2024-08-18,2024-08-22,4,Standard Class,Hany Ramzy,Corporate,Egypt,Sohag,Tahta,Karim Salah,TEC-PH-647,Technology,Phones,7,1574.51,0.0,13225.88,10573.97,13225.88,2651.91,No
EG-2024-1571,2024-08-18,2024-08-18,0,Same Day,Mohamed Ali,Corporate,Egypt,Monufia,Menouf,Noha Mahmoud,CLO-SH-642,Clothing & Apparel,Shirts,6,420.94,0.0,3030.77,2107.21,3030.77,923.56,No
EG-2024-1570,2024-08-19,2024-08-22,3,Second Class,Ahmed Ezz,Home Office,Egypt,Monufia,Shibin El Kom,Amr Salah,TEC-MA-279,Technology,Machines,10,5043.73,0.0,60524.76,41738.31,60524.76,18786.45,No
EG-2024-1571,2024-08-20,2024-08-22,2,Second Class,Sahar El-Sayegh,Corporate,Egypt,Asyut,Dairut,Amr Salah,CLO-JA-303,Clothing & Apparel,Jackets,7,1861.08,0.15,13288.11,10102.83,13288.11,3185.28,No
EG-2024-1572,2024-08-21,2024-08-22,1,First Class,Mona Abdelrahman,Consumer,Egypt,South Sinai,Nuweiha,Ahmed Ragab,FUR-CH-578,Furniture,Chairs,10,851.84,0.0,10222.08,7135.63,10222.08,3086.45,No
EG-2024-1573,2024-08-21,2024-08-23,2,Second Class,Amr Hassan,Consumer,Egypt,Cairo,Nasr City,Ahmed Ragab,CLO-JA-820,Clothing & Apparel,Jackets,5,1951.23,0.0,11707.38,8973.3,11707.38,2734.08,No
EG-2024-1573,2024-08-22,2024-08-28,6,Standard Class,Jamila Awad,Corporate,Egypt,Dakahlia,Mit Ghamr,Youssef Khaled,HOM-RE-843,Home Appliances,Refrigerators,7,11735.11,0.05,93646.17,67849.87,93646.17,25796.3,No
EG-2024-1574,2024-08-22,2024-08-22,0,Same Day,Reem Moustafa,Corporate,Egypt,Qalyubia,Khanka,Karim Salah,HOM-RE-559,Home Appliances,Refrigerators,9,11656.82,0.1,113304.29,75774.38,113304.29,37529.91,No
EG-2024-1574,2024-08-23,2024-08-26,3,Second Class,Ahmed Mekky,Corporate,Egypt,Damietta,Damietta City,Ahmed Ragab,FUR-CH-409,Furniture,Chairs,5,875.94,0.0,5255.64,3853.82,5255.64,1401.82,No
EG-2024-1575,2024-08-23,2024-08-28,5,Standard Class,Yasmine Sabri,Corporate,Egypt,Sohag,Akhmim,Noha Mahmoud,CLO-PA-956,Clothing & Apparel,Pants,3,581.79,0.15,1780.27,1417.17,1780.27,363.1,No
EG-2024-1576,2024-08-23,2024-08-23,0,Same Day,Ahmed Mansour,Consumer,Egypt,Qena,Abu Tesht,Mina Youssef,TEC-PH-844,Technology,Phones,3,1512.82,0.05,5173.84,3412.62,5173.84,1761.22,No
EG-2024-1575,2024-08-24,2024-08-24,0,Same Day,Mohamed Ramadan,Consumer,Egypt,Aswan,Kom Ombo,Mina Youssef,HOM-BL-696,Home Appliances,Blenders,1,764.89,0.0,917.87,624.85,917.87,293.02,No
EG-2024-1576,2024-08-24,2024-08-27,3,Second Class,Sahar El-Sayegh,Corporate,Egypt,Aswan,Edfu,Noha Mahmoud,TEC-MA-621,Technology,Machines,2,5023.46,0.0,12056.3,8858.31,12056.3,3197.99,Yes
EG-2024-1576,2024-08-25,2024-08-31,6,Standard Class,Amr Hassan,Consumer,Egypt,Port Said,Port Fouad,Mina Youssef,SPO-CA-985,Sports & Outdoors,Camping Gear,4,1585.13,0.0,7608.62,5135.98,7608.62,2472.64,No
EG-2024-1577,2024-08-25,2024-08-25,0,Same Day,Ahmed Mekky,Corporate,Egypt,Beni Suef,Beni Suef City,Mina Youssef,OFF-PA-736,Office Supplies,Paper,5,49.26,0.0,295.56,226.43,295.56,69.13,No
EG-2024-1577,2024-08-26,2024-08-27,1,First Class,Tamer Hosny,Consumer,Egypt,New Valley,Farafra,Youssef Khaled,TEC-AC-834,Technology,Accessories,3,335.78,0.0,1208.81,878.75,1208.81,330.06,No
EG-2024-1578,2024-08-26,2024-08-26,0,Same Day,Sherif Anwar,Home Office,Egypt,New Valley,Dakhla,Mina Youssef,TEC-PH-702,Technology,Phones,4,1524.91,0.1,6587.61,5228.68,6587.61,1358.93,No
EG-2024-1578,2024-08-27,2024-09-02,6,Standard Class,Ahmed Mansour,Corporate,Egypt,Gharbia,Zifta,Karim Salah,FUR-BO-476,Furniture,Bookcases,10,2192.9,0.0,26314.8,19531.01,26314.8,6783.79,No
EG-2024-1579,2024-08-28,2024-09-03,6,Standard Class,Reem Moustafa,Consumer,Egypt,Qena,Abu Tesht,Mina Youssef,CLO-PA-344,Clothing & Apparel,Pants,8,545.02,0.15,4447.36,3429.33,4447.36,1018.03,No
EG-2024-1580,2024-08-29,2024-08-29,0,Same Day,Maged El-Kedwany,Consumer,Egypt,Aswan,Kom Ombo,Karim Salah,TEC-MA-231,Technology,Machines,6,5898.25,0.15,36097.29,26813.79,36097.29,9283.5,No
EG-2024-1581,2024-08-29,2024-08-29,0,Same Day,Ahmed Helmy,Corporate,Egypt,North Sinai,Sheikh Zuweid,Karim Salah,HOM-MI-441,Home Appliances,Microwaves,3,3202.41,0.1,10375.81,6870.69,10375.81,3505.12,No
EG-2024-1582,2024-08-29,2024-08-30,1,First Class,Yasmine Sabri,Consumer,Egypt,Gharbia,Tanta,Mina Youssef,HOM-AI-190,Home Appliances,Air Conditioners,1,17376.75,0.05,19809.5,13423.34,19809.5,6386.16,No
EG-2024-1581,2024-08-31,2024-08-31,0,Same Day,Tamer Hosny,Corporate,Egypt,Qalyubia,Banha,Karim Salah,SPO-FI-724,Sports & Outdoors,Fitness Equipment,4,2818.06,0.05,12850.36,8840.02,12850.36,4010.34,No
EG-2024-1582,2024-09-01,2024-09-02,1,First Class,Mayan El-Sayed,Home Office,Egypt,Beni Suef,Biba,Karim Salah,HOM-BL-342,Home Appliances,Blenders,4,839.27,0.05,3827.08,2917.05,3827.08,910.03,No
EG-2024-1583,2024-09-02,2024-09-03,1,First Class,Dina El-Sherbiny,Corporate,Egypt,Alexandria,Miami,Karim Salah,CLO-JA-821,Clothing & Apparel,Jackets,3,1627.47,0.0,5858.89,4431.23,5858.89,1427.66,No
EG-2024-1584,2024-09-03,2024-09-08,5,Standard Class,Adel Emam,Consumer,Egypt,New Valley,Dakhla,Amr Salah,SPO-FI-167,Sports & Outdoors,Fitness Equipment,6,3164.01,0.1,20502.78,15536.99,20502.78,4965.79,No
EG-2024-1585,2024-09-04,2024-09-09,5,Standard Class,Hazem Emam,Consumer,Egypt,Damietta,Damietta City,Youssef Khaled,FUR-CH-571,Furniture,Chairs,3,769.48,0.0,2770.13,1988.03,2770.13,782.1,No
EG-2024-1586,2024-09-04,2024-09-07,3,Second Class,Ghada Abdelrazek,Corporate,Egypt,Monufia,Shibin El Kom,Youssef Khaled,HOM-AI-834,Home Appliances,Air Conditioners,1,16544.89,0.0,19853.87,13378.75,19853.87,6475.12,No
EG-2024-1587,2024-09-04,2024-09-04,0,Same Day,Amina Khalil,Home Office,Egypt,Damietta,Ras El Bar,Ahmed Ragab,FUR-TA-972,Furniture,Tables,4,4270.53,0.0,20498.54,15803.59,20498.54,4694.95,No
EG-2024-1586,2024-09-05,2024-09-08,3,Second Class,Adel Emam,Consumer,Egypt,Giza,Sheikh Zayed,Youssef Khaled,HOM-AI-783,Home Appliances,Air Conditioners,7,17094.16,0.15,122052.3,83591.29,122052.3,38461.01,No
EG-2024-1587,2024-09-05,2024-09-10,5,Standard Class,Ahmed Ezz,Corporate,Egypt,Fayoum,Fayoum City,Sara Amin,CLO-JA-690,Clothing & Apparel,Jackets,4,1770.96,0.15,7225.52,5572.43,7225.52,1653.09,No
EG-2024-1588,2024-09-05,2024-09-06,1,First Class,Amir Karara,Corporate,Egypt,Ismailia,Ismailia City,Ahmed Ragab,HOM-AI-418,Home Appliances,Air Conditioners,9,16839.11,0.0,181862.39,141273.52,181862.39,40588.87,No
EG-2024-1587,2024-09-06,2024-09-11,5,Standard Class,Hussein Fahmy,Corporate,Egypt,Red Sea,Marsa Alam,Youssef Khaled,HOM-AI-378,Home Appliances,Air Conditioners,9,16369.06,0.0,176785.85,139510.85,176785.85,37275.0,No
EG-2024-1588,2024-09-07,2024-09-09,2,Second Class,Tarek Sayed,Consumer,Egypt,Cairo,Nasr City,Amr Salah,TEC-CO-466,Technology,Copiers,7,4988.38,0.0,41902.39,29011.89,41902.39,12890.5,No
EG-2024-1589,2024-09-08,2024-09-10,2,Second Class,Mohamed Henedy,Consumer,Egypt,Matrouh,Alamein,Karim Salah,FUR-TA-747,Furniture,Tables,6,4103.27,0.05,28066.36,20562.72,28066.36,7503.64,No
EG-2024-1590,2024-09-08,2024-09-09,1,First Class,Sherif Anwar,Corporate,Egypt,Matrouh,Marsa Matrouh,Youssef Khaled,TEC-MA-626,Technology,Machines,5,5358.18,0.0,32149.08,24782.0,32149.08,7367.08,No
EG-2024-1590,2024-09-09,2024-09-09,0,Same Day,Hussein Fahmy,Corporate,Egypt,Beheira,Damanhour,Karim Salah,OFF-PA-535,Office Supplies,Paper,3,45.94,0.1,148.84,116.09,148.84,32.75,No
EG-2024-1591,2024-09-09,2024-09-09,0,Same Day,Sherif Anwar,Home Office,Egypt,North Sinai,Rafah,Mina Youssef,HOM-MI-333,Home Appliances,Microwaves,8,3274.06,0.0,31430.98,24765.67,31430.98,6665.31,No
EG-2024-1591,2024-09-10,2024-09-14,4,Standard Class,Huda El-Mufti,Corporate,Egypt,Damietta,New Damietta,Ahmed Ragab,CLO-PA-624,Clothing & Apparel,Pants,3,563.8,0.05,1928.2,1395.8,1928.2,532.4,No
EG-2024-1592,2024-09-11,2024-09-11,0,Same Day,Mahmoud Yassin,Corporate,Egypt,Gharbia,Tanta,Mina Youssef,OFF-PA-644,Office Supplies,Paper,9,48.96,0.0,528.77,374.79,528.77,153.98,Yes
EG-2024-1593,2024-09-13,2024-09-17,4,Standard Class,Asmaa Galal,Corporate,Egypt,Cairo,New Cairo,Mina Youssef,TEC-MA-556,Technology,Machines,6,5432.95,0.0,39117.24,29643.7,39117.24,9473.54,No
EG-2024-1594,2024-09-13,2024-09-14,1,First Class,Asma Abulyazeid,Corporate,Egypt,Asyut,Asyut City,Karim Salah,FUR-FU-246,Furniture,Furnishings,4,135.79,0.0,651.79,433.97,651.79,217.82,No
EG-2024-1594,2024-09-14,2024-09-16,2,Second Class,Amr Diab,Home Office,Egypt,North Sinai,Arish,Noha Mahmoud,SPO-CA-435,Sports & Outdoors,Camping Gear,1,1506.03,0.15,1536.15,1050.62,1536.15,485.53,No
EG-2024-1595,2024-09-15,2024-09-18,3,Second Class,Mai Ezz Eldin,Consumer,Egypt,Gharbia,Tanta,Mina Youssef,FUR-BO-120,Furniture,Bookcases,8,1954.37,0.15,15947.66,12224.65,15947.66,3723.01,No
EG-2024-1596,2024-09-16,2024-09-19,3,Second Class,Aya Mahmoud,Consumer,Egypt,Asyut,Fateh,Noha Mahmoud,OFF-PA-564,Office Supplies,Paper,2,54.8,0.0,131.52,97.58,131.52,33.94,No
EG-2024-1597,2024-09-16,2024-09-17,1,First Class,Mohamed Henedy,Corporate,Egypt,Sohag,Tahta,Sara Amin,FUR-TA-115,Furniture,Tables,5,4918.08,0.15,25082.21,18887.7,25082.21,6194.51,No
EG-2024-1598,2024-09-16,2024-09-21,5,Standard Class,Youssef Hussein,Home Office,Egypt,Sohag,Akhmim,Mina Youssef,CLO-SH-619,Clothing & Apparel,Shoes,8,1133.53,0.0,10881.89,8372.24,10881.89,2509.65,No
EG-2024-1597,2024-09-17,2024-09-23,6,Standard Class,Mohamed Henedy,Corporate,Egypt,Ismailia,Al Qantara,Karim Salah,CLO-SH-267,Clothing & Apparel,Shirts,6,416.46,0.05,2848.58,1865.75,2848.58,982.83,No
EG-2024-1598,2024-09-17,2024-09-20,3,Second Class,Mohamed Ali,Home Office,Egypt,Qena,Abu Tesht,Karim Salah,SPO-BI-348,Sports & Outdoors,Bicycles,8,4725.76,0.0,45367.3,35805.75,45367.3,9561.55,No
EG-2024-1599,2024-09-17,2024-09-21,4,Standard Class,Nour El-Sherif,Home Office,Egypt,Matrouh,Siwa,Ahmed Ragab,SPO-FI-901,Sports & Outdoors,Fitness Equipment,4,2957.17,0.0,14194.42,10305.72,14194.42,3888.7,No
EG-2024-1598,2024-09-18,2024-09-24,6,Standard Class,Ghada Abdelrazek,Home Office,Egypt,Sharqia,10th of Ramadan,Ahmed Ragab,CLO-JA-211,Clothing & Apparel,Jackets,4,1804.54,0.0,8661.79,6162.58,8661.79,2499.21,No
EG-2024-1599,2024-09-18,2024-09-19,1,First Class,Mahmoud Saad,Corporate,Egypt,Ismailia,Ismailia City,Ahmed Ragab,OFF-BI-668,Office Supplies,Binders,6,76.13,0.05,520.73,367.39,520.73,153.34,No
EG-2024-1599,2024-09-19,2024-09-24,5,Standard Class,Mohamed Henedy,Consumer,Egypt,Asyut,Dairut,Noha Mahmoud,TEC-PH-447,Technology,Phones,6,1624.75,0.0,11698.2,8485.5,11698.2,3212.7,No
EG-2024-1600,2024-09-19,2024-09-25,6,Standard Class,Amir Karara,Home Office,Egypt,Sharqia,Belbeis,Youssef Khaled,OFF-AR-736,Office Supplies,Art,3,60.49,0.0,217.76,160.36,217.76,57.4,No
EG-2024-1601,2024-09-19,2024-09-23,4,Standard Class,Mohamed Henedy,Corporate,Egypt,Aswan,Aswan City,Karim Salah,FUR-BO-144,Furniture,Bookcases,8,2090.92,0.15,17061.91,11337.98,17061.91,5723.93,No
EG-2024-1600,2024-09-20,2024-09-23,3,Second Class,Karim Abdelaziz,Corporate,Egypt,Suez,Suez City,Noha Mahmoud,TEC-AC-855,Technology,Accessories,3,367.07,0.0,1321.45,1041.72,1321.45,279.73,No
EG-2024-1601,2024-09-20,2024-09-26,6,Standard Class,Karim Abdelaziz,Corporate,Egypt,Qena,Abu Tesht,Ahmed Ragab,SPO-FI-805,Sports & Outdoors,Fitness Equipment,9,2883.44,0.05,29584.09,20596.92,29584.09,8987.17,No
EG-2024-1601,2024-09-21,2024-09-23,2,Second Class,Mahmoud Saad,Corporate,Egypt,Asyut,Dairut,Sara Amin,TEC-CO-531,Technology,Copiers,5,5146.0,0.0,30876.0,20304.12,30876.0,10571.88,No
EG-2024-1602,2024-09-22,2024-09-24,2,Second Class,Wael Jassar,Corporate,Egypt,South Sinai,Nuweiha,Ahmed Ragab,TEC-CO-703,Technology,Copiers,7,4701.42,0.1,35542.74,25873.75,35542.74,9668.99,No
EG-2024-1603,2024-09-22,2024-09-26,4,Standard Class,Asser Yassin,Home Office,Egypt,Damietta,New Damietta,Noha Mahmoud,TEC-MA-373,Technology,Machines,3,5110.32,0.0,18397.15,14163.34,18397.15,4233.81,No
EG-2024-1603,2024-09-23,2024-09-27,4,Standard Class,Tamer Hosny,Corporate,Egypt,Asyut,Asyut City,Youssef Khaled,CLO-PA-960,Clothing & Apparel,Pants,5,577.71,0.0,3466.26,2381.33,3466.26,1084.93,No
EG-2024-1604,2024-09-23,2024-09-29,6,Standard Class,Hazem Emam,Home Office,Egypt,Cairo,Maadi,Ahmed Ragab,HOM-RE-463,Home Appliances,Refrigerators,2,12063.11,0.05,27503.89,21717.54,27503.89,5786.35,No
EG-2024-1604,2024-09-24,2024-09-24,0,Same Day,Tara Emad,Corporate,Egypt,Aswan,Edfu,Sara Amin,CLO-SH-848,Clothing & Apparel,Shoes,3,1261.12,0.05,4313.03,2806.65,4313.03,1506.38,No
EG-2024-1605,2024-09-24,2024-09-27,3,Second Class,Wael Jassar,Consumer,Egypt,Beheira,Kom Hamada,Sara Amin,CLO-SH-182,Clothing & Apparel,Shoes,1,1125.66,0.0,1350.79,918.95,1350.79,431.84,No
EG-2024-1605,2024-09-25,2024-09-27,2,Second Class,Hassan El-Raddad,Consumer,Egypt,Monufia,Menouf,Ahmed Ragab,FUR-CH-814,Furniture,Chairs,10,902.51,0.0,10830.12,8113.84,10830.12,2716.28,No
EG-2024-1606,2024-09-25,2024-09-29,4,Standard Class,Adel Emam,Consumer,Egypt,Kafr El-Sheikh,Baltim,Ahmed Ragab,OFF-BI-651,Office Supplies,Binders,2,82.13,0.0,197.11,140.93,197.11,56.18,No
EG-2024-1607,2024-09-25,2024-09-28,3,Second Class,Hussein Fahmy,Corporate,Egypt,Sohag,Sohag City,Noha Mahmoud,FUR-CH-396,Furniture,Chairs,5,850.25,0.1,4591.35,3129.86,4591.35,1461.49,No
EG-2024-1606,2024-09-26,2024-09-28,2,Second Class,Yasmine Sabri,Home Office,Egypt,South Sinai,Sharm El-Sheikh,Ahmed Ragab,HOM-BL-698,Home Appliances,Blenders,6,853.0,0.0,6141.6,4069.1,6141.6,2072.5,No
EG-2024-1607,2024-09-26,2024-09-27,1,First Class,Asma Abulyazeid,Consumer,Egypt,Cairo,New Cairo,Mina Youssef,SPO-CA-983,Sports & Outdoors,Camping Gear,7,1576.14,0.1,11915.62,8366.53,11915.62,3549.09,No
EG-2024-1607,2024-09-27,2024-10-02,5,Standard Class,Hassan El-Raddad,Consumer,Egypt,Beni Suef,Nasser,Sara Amin,HOM-MI-717,Home Appliances,Microwaves,4,3495.81,0.15,14262.91,11288.75,14262.91,2974.16,No
EG-2024-1608,2024-09-27,2024-10-01,4,Standard Class,Yasmine Sabri,Consumer,Egypt,North Sinai,Arish,Noha Mahmoud,OFF-PA-482,Office Supplies,Paper,10,52.79,0.15,538.46,370.13,538.46,168.33,No
EG-2024-1609,2024-09-27,2024-10-03,6,Standard Class,Karim Abdelaziz,Consumer,Egypt,Monufia,Shibin El Kom,Sara Amin,FUR-FU-848,Furniture,Furnishings,4,146.63,0.0,703.82,499.27,703.82,204.55,No
EG-2024-1608,2024-09-28,2024-10-01,3,Second Class,Tamer Hosny,Consumer,Egypt,Cairo,Nasr City,Amr Salah,HOM-RE-492,Home Appliances,Refrigerators,10,12981.75,0.0,155781.0,112180.57,155781.0,43600.43,No
EG-2024-1609,2024-09-28,2024-10-02,4,Standard Class,Ahmed Mekky,Home Office,Egypt,Beheira,Damanhour,Sara Amin,FUR-FU-105,Furniture,Furnishings,3,154.5,0.0,556.2,427.65,556.2,128.55,No
EG-2024-1609,2024-09-29,2024-09-29,0,Same Day,Sahar El-Sayegh,Consumer,Egypt,North Sinai,Sheikh Zuweid,Ahmed Ragab,CLO-SH-579,Clothing & Apparel,Shirts,9,439.55,0.0,4747.14,3397.38,4747.14,1349.76,No
EG-2024-1610,2024-09-30,2024-10-04,4,Standard Class,Mai Ezz Eldin,Corporate,Egypt,Monufia,Sadat City,Sara Amin,HOM-BL-100,Home Appliances,Blenders,9,817.65,0.0,8830.62,5939.29,8830.62,2891.33,No
EG-2024-1611,2024-10-01,2024-10-05,4,Standard Class,Mohamed Henedy,Corporate,Egypt,Qena,Abu Tesht,Noha Mahmoud,HOM-AI-830,Home Appliances,Air Conditioners,9,17464.51,0.1,169755.04,123182.09,169755.04,46572.95,No
EG-2024-1612,2024-10-01,2024-10-03,2,Second Class,Rania Moustafa,Consumer,Egypt,Beheira,Damanhour,Ahmed Ragab,HOM-RE-794,Home Appliances,Refrigerators,9,12398.92,0.15,113822.09,75382.29,113822.09,38439.8,No
EG-2024-1613,2024-10-01,2024-10-07,6,Standard Class,Ahmed Helmy,Consumer,Egypt,Dakahlia,Mit Ghamr,Karim Salah,HOM-BL-228,Home Appliances,Blenders,10,759.38,0.1,8201.3,5871.81,8201.3,2329.49,No
EG-2024-1612,2024-10-02,2024-10-08,6,Standard Class,Khaled El-Nabawy,Home Office,Egypt,Beheira,Kafr El Dawar,Karim Salah,TEC-CO-332,Technology,Copiers,1,5365.84,0.0,6439.01,4514.09,6439.01,1924.92,No
EG-2024-1613,2024-10-02,2024-10-03,1,First Class,Ahmed Ezz,Home Office,Egypt,Matrouh,Marsa Matrouh,Amr Salah,FUR-TA-321,Furniture,Tables,5,4395.81,0.0,26374.86,20149.17,26374.86,6225.69,No
EG-2024-1614,2024-10-02,2024-10-04,2,Second Class,Omar Sherif,Home Office,Egypt,Gharbia,Zifta,Youssef Khaled,CLO-JA-943,Clothing & Apparel,Jackets,6,1747.42,0.0,12581.42,9171.32,12581.42,3410.1,No
EG-2024-1613,2024-10-03,2024-10-06,3,Second Class,Tara Emad,Consumer,Egypt,Luxor,Armant,Sara Amin,OFF-BI-805,Office Supplies,Binders,4,80.63,0.0,387.02,252.04,387.02,134.98,No
EG-2024-1614,2024-10-04,2024-10-05,1,First Class,Asser Yassin,Consumer,Egypt,Monufia,Menouf,Youssef Khaled,OFF-BI-730,Office Supplies,Binders,8,74.34,0.05,677.98,465.4,677.98,212.58,No
EG-2024-1615,2024-10-04,2024-10-09,5,Standard Class,Karim Mahmoud,Home Office,Egypt,Beheira,Damanhour,Mina Youssef,TEC-AC-549,Technology,Accessories,10,361.48,0.0,4337.76,3367.11,4337.76,970.65,No
EG-2024-1615,2024-10-05,2024-10-08,3,Second Class,Hend Sabry,Consumer,Egypt,Alexandria,Smouha,Amr Salah,CLO-PA-351,Clothing & Apparel,Pants,10,603.87,0.0,7246.44,5249.92,7246.44,1996.52,Yes
EG-2024-1616,2024-10-05,2024-10-11,6,Standard Class,Amr Diab,Consumer,Egypt,Gharbia,Zifta,Youssef Khaled,OFF-ST-759,Office Supplies,Storage,5,301.21,0.05,1716.9,1180.14,1716.9,536.76,No
EG-2024-1617,2024-10-05,2024-10-11,6,Standard Class,Hend Sabry,Corporate,Egypt,Asyut,Fateh,Karim Salah,SPO-CA-520,Sports & Outdoors,Camping Gear,5,1619.59,0.0,9717.54,7305.06,9717.54,2412.48,No
EG-2024-1616,2024-10-06,2024-10-08,2,Second Class,Khaled El-Nabawy,Consumer,Egypt,Sharqia,10th of Ramadan,Noha Mahmoud,FUR-CH-249,Furniture,Chairs,8,800.21,0.0,7682.02,5994.16,7682.02,1687.86,No
EG-2024-1617,2024-10-06,2024-10-10,4,Standard Class,Asser Yassin,Corporate,Egypt,Kafr El-Sheikh,Baltim,Sara Amin,OFF-PA-322,Office Supplies,Paper,7,52.63,0.0,442.09,295.01,442.09,147.08,No
EG-2024-1618,2024-10-06,2024-10-06,0,Same Day,Amr Diab,Home Office,Egypt,Sohag,Tahta,Noha Mahmoud,CLO-SH-322,Clothing & Apparel,Shoes,6,1102.07,0.0,7934.9,6193.51,7934.9,1741.39,No
EG-2024-1617,2024-10-07,2024-10-11,4,Standard Class,Nour El-Din,Consumer,Egypt,Red Sea,Gouna,Youssef Khaled,TEC-AC-597,Technology,Accessories,1,326.96,0.05,372.73,272.35,372.73,100.38,No
EG-2024-1618,2024-10-07,2024-10-09,2,Second Class,Farouk El-Fishawy,Home Office,Egypt,Damietta,Damietta City,Sara Amin,SPO-CA-437,Sports & Outdoors,Camping Gear,3,1512.16,0.15,4627.21,3403.87,4627.21,1223.34,No
EG-2024-1618,2024-10-08,2024-10-12,4,Standard Class,Hussein Fahmy,Corporate,Egypt,Sharqia,Zagazig,Karim Salah,FUR-CH-827,Furniture,Chairs,10,916.09,0.15,9344.12,7382.65,9344.12,1961.47,No
EG-2024-1619,2024-10-09,2024-10-13,4,Standard Class,Jamila Awad,Home Office,Egypt,New Valley,Kharga,Sara Amin,SPO-BI-736,Sports & Outdoors,Bicycles,5,4775.79,0.0,28654.74,20226.95,28654.74,8427.79,No
EG-2024-1620,2024-10-09,2024-10-13,4,Standard Class,Nour El-Din,Consumer,Egypt,Suez,Attaka,Karim Salah,HOM-MI-861,Home Appliances,Microwaves,2,3586.13,0.15,7315.7,5401.25,7315.7,1914.45,No
EG-2024-1620,2024-10-10,2024-10-15,5,Standard Class,Karim Mahmoud,Corporate,Egypt,Fayoum,Tamiya,Karim Salah,CLO-JA-756,Clothing & Apparel,Jackets,1,1859.24,0.0,2231.09,1451.87,2231.09,779.22,No
EG-2024-1621,2024-10-11,2024-10-17,6,Standard Class,Sahar El-Sayegh,Home Office,Egypt,Matrouh,Siwa,Mina Youssef,OFF-AR-135,Office Supplies,Art,5,64.29,0.0,385.74,254.92,385.74,130.82,No
EG-2024-1622,2024-10-11,2024-10-15,4,Standard Class,Hazem Emam,Home Office,Egypt,Red Sea,Gouna,Noha Mahmoud,CLO-PA-843,Clothing & Apparel,Pants,3,551.67,0.0,1986.01,1471.92,1986.01,514.09,No
EG-2024-1623,2024-10-11,2024-10-13,2,Second Class,Yasmine Sabri,Consumer,Egypt,Luxor,Esna,Noha Mahmoud,FUR-TA-277,Furniture,Tables,5,4567.06,0.0,27402.36,21288.89,27402.36,6113.47,No
EG-2024-1622,2024-10-12,2024-10-12,0,Same Day,Amr Hassan,Consumer,Egypt,Asyut,Dairut,Noha Mahmoud,FUR-TA-567,Furniture,Tables,10,4244.96,0.1,45845.57,32566.28,45845.57,13279.29,No
EG-2024-1623,2024-10-12,2024-10-18,6,Standard Class,Amr Diab,Home Office,Egypt,Port Said,Al Arab,Ahmed Ragab,HOM-RE-222,Home Appliances,Refrigerators,7,11254.15,0.15,80354.63,62090.05,80354.63,18264.58,No
EG-2024-1623,2024-10-13,2024-10-13,0,Same Day,Mohamed Henedy,Home Office,Egypt,Monufia,Menouf,Ahmed Ragab,SPO-SP-372,Sports & Outdoors,Sportswear,9,491.56,0.0,5308.85,3774.05,5308.85,1534.8,No
EG-2024-1624,2024-10-13,2024-10-19,6,Standard Class,Mona Zaki,Home Office,Egypt,Minya,Minya City,Youssef Khaled,FUR-FU-309,Furniture,Furnishings,9,163.03,0.0,1760.72,1265.71,1760.72,495.01,No
EG-2024-1625,2024-10-13,2024-10-19,6,Standard Class,Wael Jassar,Home Office,Egypt,Port Said,Port Fouad,Mina Youssef,TEC-MA-255,Technology,Machines,1,5355.32,0.0,6426.38,5121.15,6426.38,1305.23,No
EG-2024-1624,2024-10-14,2024-10-19,5,Standard Class,Nour El-Din,Consumer,Egypt,Sohag,Akhmim,Sara Amin,FUR-TA-624,Furniture,Tables,4,4079.44,0.05,18602.24,13133.92,18602.24,5468.32,No
EG-2024-1625,2024-10-14,2024-10-17,3,Second Class,Maged El-Kedwany,Consumer,Egypt,Cairo,Maadi,Amr Salah,HOM-RE-708,Home Appliances,Refrigerators,5,11764.05,0.0,70584.3,49822.93,70584.3,20761.37,Yes
EG-2024-1625,2024-10-15,2024-10-18,3,Second Class,Asser Yassin,Home Office,Egypt,Qena,Nag Hammadi,Ahmed Ragab,TEC-AC-659,Technology,Accessories,7,323.8,0.05,2583.92,1960.23,2583.92,623.69,No
EG-2024-1626,2024-10-15,2024-10-19,4,Standard Class,Mahmoud Yassin,Consumer,Egypt,Asyut,Asyut City,Ahmed Ragab,CLO-PA-608,Clothing & Apparel,Pants,9,547.61,0.05,5618.48,3833.6,5618.48,1784.88,No
EG-2024-1626,2024-10-16,2024-10-17,1,First Class,Farouk El-Fishawy,Consumer,Egypt,Gharbia,Zifta,Youssef Khaled,CLO-PA-561,Clothing & Apparel,Pants,3,628.08,0.0,2261.09,1511.61,2261.09,749.48,No
EG-2024-1627,2024-10-16,2024-10-16,0,Same Day,Ghada Abdelrazek,Home Office,Egypt,Suez,Arbaeen,Noha Mahmoud,OFF-AR-873,Office Supplies,Art,8,63.8,0.05,581.86,409.88,581.86,171.98,No
EG-2024-1628,2024-10-16,2024-10-17,1,First Class,Amr Hassan,Corporate,Egypt,Aswan,Edfu,Noha Mahmoud,SPO-FI-117,Sports & Outdoors,Fitness Equipment,2,2967.03,0.0,7120.87,5599.73,7120.87,1521.14,No
EG-2024-1627,2024-10-17,2024-10-21,4,Standard Class,Yasmine Sabri,Corporate,Egypt,Red Sea,Marsa Alam,Mina Youssef,HOM-RE-122,Home Appliances,Refrigerators,6,12593.88,0.0,90675.94,62164.71,90675.94,28511.23,No
EG-2024-1628,2024-10-18,2024-10-20,2,Second Class,Nelly Karim,Home Office,Egypt,Alexandria,Smouha,Noha Mahmoud,FUR-FU-466,Furniture,Furnishings,7,157.61,0.0,1323.92,1043.58,1323.92,280.34,No
EG-2024-1629,2024-10-18,2024-10-23,5,Standard Class,Tarek Sayed,Home Office,Egypt,Cairo,Nasr City,Sara Amin,TEC-MA-225,Technology,Machines,5,5028.95,0.05,28665.02,20041.39,28665.02,8623.63,No
EG-2024-1630,2024-10-18,2024-10-24,6,Standard Class,Wael Jassar,Consumer,Egypt,Suez,Attaka,Youssef Khaled,CLO-JA-989,Clothing & Apparel,Jackets,9,1742.03,0.0,18813.92,14637.93,18813.92,4175.99,No
EG-2024-1629,2024-10-19,2024-10-19,0,Same Day,Sherif Anwar,Consumer,Egypt,Damietta,Ras El Bar,Karim Salah,OFF-BI-632,Office Supplies,Binders,7,79.56,0.05,634.88,428.95,634.88,205.93,Yes
EG-2024-1630,2024-10-20,2024-10-20,0,Same Day,Yasmine Sabri,Home Office,Egypt,New Valley,Dakhla,Karim Salah,CLO-JA-441,Clothing & Apparel,Jackets,5,1789.36,0.0,10736.16,7464.89,10736.16,3271.27,No
EG-2024-1631,2024-10-20,2024-10-21,1,First Class,Wael Jassar,Home Office,Egypt,Port Said,Al Sharq,Ahmed Ragab,SPO-FI-201,Sports & Outdoors,Fitness Equipment,3,2900.51,0.0,10441.84,7193.5,10441.84,3248.34,No
EG-2024-1631,2024-10-21,2024-10-26,5,Standard Class,Mohamed Ali,Home Office,Egypt,Qena,Qena City,Youssef Khaled,FUR-TA-774,Furniture,Tables,1,4939.28,0.0,5927.14,4155.61,5927.14,1771.53,No
EG-2024-1632,2024-10-21,2024-10-27,6,Standard Class,Tarek Sayed,Home Office,Egypt,Minya,Samalut,Ahmed Ragab,SPO-SP-646,Sports & Outdoors,Sportswear,10,497.14,0.0,5965.68,4384.91,5965.68,1580.77,No
EG-2024-1632,2024-10-22,2024-10-22,0,Same Day,Mohamed Ramadan,Home Office,Egypt,Qalyubia,Shubra El-Kheima,Youssef Khaled,FUR-CH-354,Furniture,Chairs,4,896.07,0.0,4301.14,3190.94,4301.14,1110.2,Yes
EG-2024-1633,2024-10-22,2024-10-26,4,Standard Class,Jamila Awad,Home Office,Egypt,Fayoum,Sinnuris,Karim Salah,SPO-SP-253,Sports & Outdoors,Sportswear,9,530.42,0.0,5728.54,4285.38,5728.54,1443.16,No
EG-2024-1633,2024-10-23,2024-10-26,3,Second Class,Sahar El-Sayegh,Corporate,Egypt,Qena,Qena City,Ahmed Ragab,SPO-SP-230,Sports & Outdoors,Sportswear,8,521.97,0.0,5010.91,3914.86,5010.91,1096.05,No
EG-2024-1634,2024-10-23,2024-10-25,2,Second Class,Asser Yassin,Consumer,Egypt,New Valley,Kharga,Ahmed Ragab,SPO-BI-404,Sports & Outdoors,Bicycles,10,4351.23,0.05,49604.02,34528.48,49604.02,15075.54,No
EG-2024-1634,2024-10-24,2024-10-24,0,Same Day,Karim Mahmoud,Corporate,Egypt,Fayoum,Sinnuris,Noha Mahmoud,FUR-BO-521,Furniture,Bookcases,4,2148.0,0.05,9794.88,7449.53,9794.88,2345.35,No
EG-2024-1635,2024-10-24,2024-10-28,4,Standard Class,Mayan El-Sayed,Corporate,Egypt,Beheira,Kafr El Dawar,Noha Mahmoud,TEC-MA-396,Technology,Machines,2,5197.03,0.0,12472.87,9053.88,12472.87,3418.99,No
EG-2024-1635,2024-10-25,2024-10-30,5,Standard Class,Mohamed Ramadan,Home Office,Egypt,Suez,Attaka,Mina Youssef,FUR-BO-654,Furniture,Bookcases,8,2116.04,0.0,20313.98,13252.76,20313.98,7061.22,No
EG-2024-1636,2024-10-25,2024-10-31,6,Standard Class,Mai Ezz Eldin,Home Office,Egypt,Matrouh,Siwa,Karim Salah,OFF-ST-538,Office Supplies,Storage,4,297.95,0.0,1430.16,1070.09,1430.16,360.07,No
EG-2024-1637,2024-10-25,2024-10-27,2,Second Class,Mohamed Henedy,Consumer,Egypt,Sohag,Akhmim,Karim Salah,FUR-TA-634,Furniture,Tables,5,4240.92,0.05,24173.24,18292.66,24173.24,5880.58,No
EG-2024-1636,2024-10-26,2024-10-30,4,Standard Class,Zainab Soliman,Corporate,Egypt,Red Sea,Hurghada,Youssef Khaled,HOM-BL-356,Home Appliances,Blenders,7,812.86,0.0,6828.02,4545.87,6828.02,2282.15,No
EG-2024-1637,2024-10-26,2024-10-28,2,Second Class,Khaled El-Nabawy,Corporate,Egypt,Sohag,Sohag City,Amr Salah,SPO-SP-887,Sports & Outdoors,Sportswear,6,494.9,0.05,3385.12,2423.52,3385.12,961.6,No
EG-2024-1638,2024-10-26,2024-10-28,2,Second Class,Eyad Nassar,Corporate,Egypt,Gharbia,Tanta,Noha Mahmoud,CLO-SH-564,Clothing & Apparel,Shoes,2,1185.65,0.05,2703.28,2116.45,2703.28,586.83,No
EG-2024-1637,2024-10-27,2024-11-02,6,Standard Class,Mustafa Kamal,Corporate,Egypt,Gharbia,Zifta,Youssef Khaled,OFF-PA-829,Office Supplies,Paper,8,52.21,0.0,501.22,359.01,501.22,142.21,No
EG-2024-1638,2024-10-27,2024-11-01,5,Standard Class,Fatma Ibrahim,Home Office,Egypt,North Sinai,Sheikh Zuweid,Karim Salah,OFF-PA-397,Office Supplies,Paper,10,52.12,0.1,562.9,448.93,562.9,113.97,No
EG-2024-1639,2024-10-27,2024-11-02,6,Standard Class,Mona Abdelrahman,Home Office,Egypt,Fayoum,Tamiya,Mina Youssef,HOM-RE-319,Home Appliances,Refrigerators,6,11076.51,0.1,71775.78,46906.24,71775.78,24869.54,No
EG-2024-1638,2024-10-28,2024-10-28,0,Same Day,Asma Abulyazeid,Home Office,Egypt,Damietta,Damietta City,Sara Amin,TEC-CO-773,Technology,Copiers,2,4641.62,0.1,10025.9,6654.93,10025.9,3370.97,No
EG-2024-1639,2024-10-28,2024-10-29,1,First Class,Khaled El-Nabawy,Home Office,Egypt,North Sinai,Rafah,Youssef Khaled,SPO-FI-863,Sports & Outdoors,Fitness Equipment,2,2797.23,0.0,6713.35,5288.64,6713.35,1424.71,No
EG-2024-1640,2024-10-28,2024-10-28,0,Same Day,Mena Shalaby,Corporate,Egypt,Asyut,Fateh,Youssef Khaled,CLO-PA-687,Clothing & Apparel,Pants,3,659.07,0.0,2372.65,1590.44,2372.65,782.21,No
EG-2024-1639,2024-10-30,2024-11-01,2,Second Class,Reem Moustafa,Consumer,Egypt,Sharqia,Zagazig,Sara Amin,TEC-MA-623,Technology,Machines,10,5451.55,0.15,55605.81,40549.03,55605.81,15056.78,No
EG-2024-1640,2024-10-30,2024-11-01,2,Second Class,Nour El-Sherif,Home Office,Egypt,South Sinai,Dahab,Karim Salah,OFF-AR-298,Office Supplies,Art,7,62.09,0.0,521.56,395.18,521.56,126.38,No
EG-2024-1640,2024-10-31,2024-11-06,6,Standard Class,Mona Abdelrahman,Consumer,Egypt,Beheira,Kom Hamada,Amr Salah,CLO-SH-528,Clothing & Apparel,Shoes,2,1090.97,0.0,2618.33,1710.93,2618.33,907.4,No
EG-2024-1641,2024-11-01,2024-11-07,6,Standard Class,Adel Emam,Home Office,Egypt,Beheira,Kafr El Dawar,Amr Salah,SPO-SP-352,Sports & Outdoors,Sportswear,8,468.42,0.0,4496.83,3034.3,4496.83,1462.53,No
EG-2024-1642,2024-11-01,2024-11-01,0,Same Day,Ahmed Ezz,Consumer,Egypt,North Sinai,Sheikh Zuweid,Ahmed Ragab,OFF-PA-663,Office Supplies,Paper,8,45.47,0.0,436.51,333.84,436.51,102.67,No
EG-2024-1642,2024-11-02,2024-11-03,1,First Class,Hussein Fahmy,Consumer,Egypt,Suez,Arbaeen,Amr Salah,SPO-CA-386,Sports & Outdoors,Camping Gear,7,1525.37,0.0,12813.11,9136.94,12813.11,3676.17,No
EG-2024-1643,2024-11-02,2024-11-07,5,Standard Class,Mahmoud Saad,Corporate,Egypt,Sharqia,10th of Ramadan,Amr Salah,HOM-RE-210,Home Appliances,Refrigerators,1,11602.22,0.0,13922.66,10327.62,13922.66,3595.04,No
EG-2024-1644,2024-11-02,2024-11-05,3,Second Class,Nour El-Din,Home Office,Egypt,Alexandria,Smouha,Youssef Khaled,HOM-AI-574,Home Appliances,Air Conditioners,1,16525.53,0.0,19830.64,14877.9,19830.64,4952.74,No
EG-2024-1643,2024-11-03,2024-11-06,3,Second Class,Dina El-Sherbiny,Corporate,Egypt,Qalyubia,Banha,Sara Amin,TEC-PH-352,Technology,Phones,10,1378.76,0.0,16545.12,12550.39,16545.12,3994.73,Yes
EG-2024-1644,2024-11-03,2024-11-05,2,Second Class,Jamila Awad,Home Office,Egypt,Luxor,Armant,Ahmed Ragab,FUR-TA-228,Furniture,Tables,6,4360.14,0.0,31393.01,22580.09,31393.01,8812.92,No
EG-2024-1644,2024-11-04,2024-11-08,4,Standard Class,Nour El-Sherif,Consumer,Egypt,Matrouh,Siwa,Sara Amin,FUR-TA-928,Furniture,Tables,6,4203.54,0.05,28752.22,19928.37,28752.22,8823.85,Yes
EG-2024-1645,2024-11-05,2024-11-05,0,Same Day,Youssef Hussein,Corporate,Egypt,Red Sea,Gouna,Sara Amin,FUR-CH-813,Furniture,Chairs,3,925.94,0.0,3333.38,2639.72,3333.38,693.66,No
EG-2024-1646,2024-11-05,2024-11-06,1,First Class,Ahmed Helmy,Home Office,Egypt,Dakahlia,Talkha,Mina Youssef,CLO-SH-431,Clothing & Apparel,Shoes,8,1305.25,0.0,12530.4,8879.22,12530.4,3651.18,No
EG-2024-1647,2024-11-05,2024-11-10,5,Standard Class,Ahmed Ezz,Home Office,Egypt,Suez,Arbaeen,Noha Mahmoud,FUR-TA-370,Furniture,Tables,6,4848.19,0.0,34906.97,26539.53,34906.97,8367.44,No
EG-2024-1646,2024-11-06,2024-11-11,5,Standard Class,Mustafa Kamal,Home Office,Egypt,Luxor,Esna,Youssef Khaled,TEC-MA-862,Technology,Machines,10,5170.31,0.0,62043.72,44891.75,62043.72,17151.97,No
EG-2024-1647,2024-11-06,2024-11-11,5,Standard Class,Eyad Nassar,Consumer,Egypt,Fayoum,Sinnuris,Ahmed Ragab,HOM-RE-213,Home Appliances,Refrigerators,5,10919.26,0.0,65515.56,47816.56,65515.56,17699.0,No
EG-2024-1648,2024-11-06,2024-11-12,6,Standard Class,Mona Abdelrahman,Home Office,Egypt,North Sinai,Sheikh Zuweid,Karim Salah,OFF-BI-965,Office Supplies,Binders,9,73.71,0.05,756.27,491.95,756.27,264.32,No
EG-2024-1647,2024-11-07,2024-11-09,2,Second Class,Tara Emad,Consumer,Egypt,North Sinai,Arish,Karim Salah,OFF-BI-200,Office Supplies,Binders,2,76.95,0.15,156.98,114.8,156.98,42.18,No
EG-2024-1648,2024-11-07,2024-11-08,1,First Class,Youssef Hussein,Home Office,Egypt,Asyut,Dairut,Karim Salah,HOM-MI-308,Home Appliances,Microwaves,9,3552.03,0.05,36443.82,24756.89,36443.82,11686.93,No
EG-2024-1649,2024-11-07,2024-11-10,3,Second Class,Nour El-Din,Home Office,Egypt,Monufia,Sadat City,Youssef Khaled,SPO-SP-250,Sports & Outdoors,Sportswear,7,523.73,0.0,4399.33,3072.28,4399.33,1327.05,No
EG-2024-1648,2024-11-08,2024-11-13,5,Standard Class,Omar Sherif,Consumer,Egypt,South Sinai,Dahab,Youssef Khaled,HOM-MI-508,Home Appliances,Microwaves,8,3283.06,0.0,31517.38,21104.48,31517.38,10412.9,No
EG-2024-1649,2024-11-09,2024-11-09,0,Same Day,Tarek Sayed,Corporate,Egypt,Giza,Dokki,Sara Amin,HOM-BL-517,Home Appliances,Blenders,9,856.52,0.0,9250.42,6488.27,9250.42,2762.15,No
EG-2024-1650,2024-11-10,2024-11-10,0,Same Day,Asser Yassin,Home Office,Egypt,Beheira,Damanhour,Ahmed Ragab,SPO-SP-623,Sports & Outdoors,Sportswear,1,455.26,0.0,546.31,397.53,546.31,148.78,No
EG-2024-1651,2024-11-10,2024-11-11,1,First Class,Omar Sherif,Home Office,Egypt,Aswan,Kom Ombo,Amr Salah,TEC-PH-589,Technology,Phones,8,1580.95,0.15,12900.55,8919.96,12900.55,3980.59,No
EG-2024-1651,2024-11-11,2024-11-17,6,Standard Class,Huda El-Mufti,Consumer,Egypt,Sharqia,10th of Ramadan,Youssef Khaled,HOM-AI-437,Home Appliances,Air Conditioners,3,16899.24,0.05,57795.4,39271.0,57795.4,18524.4,No
EG-2024-1652,2024-11-11,2024-11-11,0,Same Day,Sherif Anwar,Home Office,Egypt,Kafr El-Sheikh,Kafr El-Sheikh City,Mina Youssef,HOM-AI-306,Home Appliances,Air Conditioners,9,16955.28,0.1,164805.32,119026.67,164805.32,45778.65,No
EG-2024-1653,2024-11-11,2024-11-12,1,First Class,Dina El-Sherbiny,Corporate,Egypt,South Sinai,Sharm El-Sheikh,Amr Salah,CLO-JA-808,Clothing & Apparel,Jackets,10,1945.0,0.05,22173.0,14459.04,22173.0,7713.96,Yes
EG-2024-1652,2024-11-12,2024-11-15,3,Second Class,Mustafa Kamal,Consumer,Egypt,Beheira,Kom Hamada,Sara Amin,OFF-BI-162,Office Supplies,Binders,2,72.09,0.0,173.02,132.63,173.02,40.39,No
EG-2024-1653,2024-11-12,2024-11-17,5,Standard Class,Adel Emam,Home Office,Egypt,Qalyubia,Banha,Noha Mahmoud,HOM-AI-112,Home Appliances,Air Conditioners,3,16343.16,0.0,58835.38,41809.25,58835.38,17026.13,No
EG-2024-1654,2024-11-12,2024-11-18,6,Standard Class,Tamer Hosny,Consumer,Egypt,Giza,Dokki,Karim Salah,TEC-MA-805,Technology,Machines,3,5099.56,0.0,18358.42,12170.26,18358.42,6188.16,No
EG-2024-1653,2024-11-13,2024-11-18,5,Standard Class,Amr Diab,Corporate,Egypt,Cairo,Maadi,Mina Youssef,TEC-MA-492,Technology,Machines,5,5364.17,0.0,32185.02,22387.93,32185.02,9797.09,No
EG-2024-1654,2024-11-13,2024-11-19,6,Standard Class,Aya Mahmoud,Corporate,Egypt,Red Sea,Marsa Alam,Mina Youssef,FUR-BO-475,Furniture,Bookcases,10,2070.56,0.05,23604.38,18063.78,23604.38,5540.6,Yes
EG-2024-1655,2024-11-13,2024-11-18,5,Standard Class,Asser Yassin,Corporate,Egypt,Minya,Minya City,Sara Amin,OFF-ST-574,Office Supplies,Storage,3,303.19,0.1,982.33,750.17,982.33,232.16,No
EG-2024-1654,2024-11-14,2024-11-19,5,Standard Class,Nour El-Sherif,Corporate,Egypt,Matrouh,Marsa Matrouh,Karim Salah,TEC-CO-182,Technology,Copiers,7,4662.41,0.0,39164.24,30009.91,39164.24,9154.33,No
EG-2024-1655,2024-11-14,2024-11-17,3,Second Class,Mahmoud Yassin,Consumer,Egypt,Ismailia,Fayed,Youssef Khaled,SPO-SP-522,Sports & Outdoors,Sportswear,8,465.55,0.05,4245.82,2993.95,4245.82,1251.87,No
EG-2024-1655,2024-11-16,2024-11-16,0,Same Day,Hussein Fahmy,Corporate,Egypt,Minya,Minya City,Mina Youssef,SPO-BI-153,Sports & Outdoors,Bicycles,8,4475.01,0.05,40812.1,31138.54,40812.1,9673.56,No
EG-2024-1656,2024-11-16,2024-11-22,6,Standard Class,Sahar El-Sayegh,Consumer,Egypt,Ismailia,Ismailia City,Ahmed Ragab,SPO-FI-435,Sports & Outdoors,Fitness Equipment,4,3261.12,0.0,15653.38,10557.36,15653.38,5096.02,No
EG-2024-1656,2024-11-17,2024-11-22,5,Standard Class,Eyad Nassar,Consumer,Egypt,Dakahlia,Mit Ghamr,Ahmed Ragab,HOM-AI-535,Home Appliances,Air Conditioners,5,14402.68,0.0,86416.08,68162.83,86416.08,18253.25,No
EG-2024-1657,2024-11-18,2024-11-24,6,Standard Class,Amr Diab,Corporate,Egypt,Monufia,Shibin El Kom,Youssef Khaled,HOM-BL-109,Home Appliances,Blenders,5,738.71,0.0,4432.26,3155.75,4432.26,1276.51,No
EG-2024-1658,2024-11-18,2024-11-24,6,Standard Class,Khaled El-Nabawy,Consumer,Egypt,Luxor,Armant,Noha Mahmoud,HOM-AI-642,Home Appliances,Air Conditioners,10,17375.39,0.0,208504.68,140916.48,208504.68,67588.2,No
EG-2024-1658,2024-11-19,2024-11-22,3,Second Class,Wael Jassar,Consumer,Egypt,Monufia,Sadat City,Noha Mahmoud,CLO-SH-465,Clothing & Apparel,Shoes,7,1209.61,0.05,9652.68,6797.69,9652.68,2854.99,No
EG-2024-1659,2024-11-20,2024-11-20,0,Same Day,Nelly Karim,Home Office,Egypt,Qena,Abu Tesht,Amr Salah,HOM-MI-477,Home Appliances,Microwaves,2,3565.69,0.0,8557.66,6576.13,8557.66,1981.53,No
EG-2024-1660,2024-11-20,2024-11-21,1,First Class,Hazem Emam,Corporate,Egypt,Asyut,Fateh,Ahmed Ragab,HOM-AI-416,Home Appliances,Air Conditioners,6,16773.52,0.0,120769.34,89239.05,120769.34,31530.29,No
EG-2024-1661,2024-11-20,2024-11-20,0,Same Day,Asser Yassin,Consumer,Egypt,Minya,Samalut,Noha Mahmoud,SPO-BI-781,Sports & Outdoors,Bicycles,9,4430.2,0.0,47846.16,37781.25,47846.16,10064.91,No
EG-2024-1660,2024-11-21,2024-11-27,6,Standard Class,Aya Mahmoud,Consumer,Egypt,Minya,Minya City,Amr Salah,FUR-CH-135,Furniture,Chairs,1,795.49,0.0,954.59,682.46,954.59,272.13,No
EG-2024-1661,2024-11-21,2024-11-24,3,Second Class,Karim Mahmoud,Corporate,Egypt,North Sinai,Rafah,Mina Youssef,CLO-SH-592,Clothing & Apparel,Shoes,1,1285.98,0.15,1311.7,964.01,1311.7,347.69,No
EG-2024-1661,2024-11-22,2024-11-24,2,Second Class,Sherif Anwar,Consumer,Egypt,Dakahlia,Talkha,Sara Amin,FUR-TA-975,Furniture,Tables,1,4300.17,0.0,5160.2,3949.74,5160.2,1210.46,No
EG-2024-1662,2024-11-23,2024-11-29,6,Standard Class,Hend Sabry,Home Office,Egypt,North Sinai,Sheikh Zuweid,Amr Salah,FUR-TA-463,Furniture,Tables,1,4393.78,0.1,4745.29,3791.59,4745.29,953.7,No
EG-2024-1663,2024-11-23,2024-11-29,6,Standard Class,Huda El-Mufti,Corporate,Egypt,Minya,Minya City,Noha Mahmoud,CLO-JA-391,Clothing & Apparel,Jackets,8,1878.05,0.0,18029.28,12633.42,18029.28,5395.86,No
EG-2024-1664,2024-11-23,2024-11-23,0,Same Day,Farouk El-Fishawy,Corporate,Egypt,Ismailia,Ismailia City,Amr Salah,HOM-AI-138,Home Appliances,Air Conditioners,7,15884.11,0.0,133426.52,88059.33,133426.52,45367.19,No
EG-2024-1663,2024-11-24,2024-11-25,1,First Class,Ahmed Ezz,Corporate,Egypt,Qena,Nag Hammadi,Youssef Khaled,SPO-SP-881,Sports & Outdoors,Sportswear,3,457.45,0.1,1482.14,1129.94,1482.14,352.2,No
EG-2024-1664,2024-11-24,2024-11-24,0,Same Day,Amr Hassan,Corporate,Egypt,Suez,Arbaeen,Sara Amin,TEC-PH-745,Technology,Phones,7,1366.89,0.0,11481.88,8569.19,11481.88,2912.69,No
EG-2024-1664,2024-11-27,2024-11-27,0,Same Day,Sahar El-Sayegh,Home Office,Egypt,Monufia,Sadat City,Sara Amin,FUR-FU-571,Furniture,Furnishings,10,138.08,0.0,1656.96,1255.03,1656.96,401.93,No
EG-2024-1665,2024-11-27,2024-11-30,3,Second Class,Rania Moustafa,Home Office,Egypt,Sharqia,10th of Ramadan,Youssef Khaled,OFF-AR-943,Office Supplies,Art,2,65.42,0.0,157.01,124.23,157.01,32.78,No
EG-2024-1665,2024-11-28,2024-12-02,4,Standard Class,Ghada Abdelrazek,Home Office,Egypt,Beni Suef,Biba,Noha Mahmoud,TEC-AC-412,Technology,Accessories,8,317.12,0.15,2587.7,1700.48,2587.7,887.22,No
EG-2024-1666,2024-11-28,2024-12-01,3,Second Class,Mustafa Kamal,Consumer,Egypt,Luxor,Luxor City,Amr Salah,OFF-AR-257,Office Supplies,Art,2,57.64,0.05,131.42,98.36,131.42,33.06,No
EG-2024-1666,2024-11-29,2024-12-01,2,Second Class,Hussein Fahmy,Home Office,Egypt,New Valley,Dakhla,Amr Salah,TEC-PH-698,Technology,Phones,7,1405.31,0.05,11214.37,8114.91,11214.37,3099.46,No
EG-2024-1667,2024-11-29,2024-11-29,0,Same Day,Asser Yassin,Home Office,Egypt,Matrouh,Siwa,Amr Salah,TEC-MA-663,Technology,Machines,9,5440.44,0.0,58756.75,41013.56,58756.75,17743.19,No
EG-2024-1668,2024-11-29,2024-12-01,2,Second Class,Ahmed Mansour,Consumer,Egypt,Red Sea,Marsa Alam,Noha Mahmoud,CLO-PA-135,Clothing & Apparel,Pants,2,639.74,0.0,1535.38,1024.23,1535.38,511.15,No
EG-2024-1667,2024-11-30,2024-12-02,2,Second Class,Mayan El-Sayed,Corporate,Egypt,Minya,Minya City,Amr Salah,HOM-RE-685,Home Appliances,Refrigerators,6,12176.77,0.05,83289.1,66504.82,83289.1,16784.28,No
EG-2024-1668,2024-12-02,2024-12-06,4,Standard Class,Yasmine Sabri,Corporate,Egypt,Aswan,Aswan City,Noha Mahmoud,SPO-BI-817,Sports & Outdoors,Bicycles,7,4463.42,0.0,37492.73,24610.48,37492.73,12882.25,No
EG-2024-1669,2024-12-02,2024-12-04,2,Second Class,Ahmed Mansour,Consumer,Egypt,Giza,Sheikh Zayed,Sara Amin,HOM-RE-971,Home Appliances,Refrigerators,2,12692.16,0.0,30461.18,20873.46,30461.18,9587.72,No
EG-2024-1670,2024-12-02,2024-12-08,6,Standard Class,Hany Ramzy,Consumer,Egypt,Alexandria,Miami,Sara Amin,SPO-BI-836,Sports & Outdoors,Bicycles,10,4173.33,0.0,50079.96,36217.57,50079.96,13862.39,No
EG-2024-1669,2024-12-03,2024-12-05,2,Second Class,Mohamed Henedy,Consumer,Egypt,Luxor,Esna,Mina Youssef,CLO-PA-253,Clothing & Apparel,Pants,3,617.4,0.15,1889.24,1229.37,1889.24,659.87,No
EG-2024-1670,2024-12-03,2024-12-04,1,First Class,Reem Moustafa,Corporate,Egypt,Luxor,Luxor City,Youssef Khaled,HOM-RE-728,Home Appliances,Refrigerators,8,12280.09,0.0,117888.86,84615.82,117888.86,33273.04,No
EG-2024-1670,2024-12-04,2024-12-06,2,Second Class,Mai Ezz Eldin,Home Office,Egypt,Fayoum,Sinnuris,Youssef Khaled,OFF-ST-415,Office Supplies,Storage,4,295.26,0.0,1417.25,948.8,1417.25,468.45,No
EG-2024-1671,2024-12-05,2024-12-06,1,First Class,Yasmine Sabri,Consumer,Egypt,Suez,Attaka,Ahmed Ragab,SPO-SP-994,Sports & Outdoors,Sportswear,10,465.0,0.0,5580.0,4009.33,5580.0,1570.67,No
EG-2024-1672,2024-12-05,2024-12-10,5,Standard Class,Jamila Awad,Consumer,Egypt,Alexandria,Stanly,Ahmed Ragab,TEC-MA-722,Technology,Machines,4,5352.16,0.05,24405.85,16108.83,24405.85,8297.02,No
EG-2024-1672,2024-12-06,2024-12-10,4,Standard Class,Ahmed Helmy,Consumer,Egypt,Monufia,Shibin El Kom,Ahmed Ragab,FUR-FU-708,Furniture,Furnishings,6,150.16,0.05,1027.09,700.23,1027.09,326.86,No
EG-2024-1673,2024-12-07,2024-12-09,2,Second Class,Mona Abdelrahman,Consumer,Egypt,South Sinai,Nuweiha,Youssef Khaled,SPO-SP-501,Sports & Outdoors,Sportswear,5,458.76,0.0,2752.56,1937.86,2752.56,814.7,No
EG-2024-1674,2024-12-07,2024-12-11,4,Standard Class,Mai Ezz Eldin,Home Office,Egypt,North Sinai,Arish,Noha Mahmoud,HOM-BL-950,Home Appliances,Blenders,1,749.78,0.05,854.75,578.84,854.75,275.91,No
EG-2024-1675,2024-12-07,2024-12-11,4,Standard Class,Hassan El-Raddad,Home Office,Egypt,Qena,Qena City,Mina Youssef,OFF-ST-106,Office Supplies,Storage,3,263.82,0.0,949.75,697.55,949.75,252.2,No
EG-2024-1674,2024-12-08,2024-12-09,1,First Class,Dina El-Sherbiny,Consumer,Egypt,Sohag,Sohag City,Noha Mahmoud,HOM-AI-902,Home Appliances,Air Conditioners,6,16092.03,0.0,115862.62,75473.69,115862.62,40388.93,No
EG-2024-1675,2024-12-08,2024-12-08,0,Same Day,Reem Moustafa,Home Office,Egypt,Beni Suef,Nasser,Sara Amin,TEC-MA-441,Technology,Machines,8,5000.57,0.0,48005.47,31561.66,48005.47,16443.81,No
EG-2024-1675,2024-12-09,2024-12-13,4,Standard Class,Hassan El-Raddad,Corporate,Egypt,Giza,Sheikh Zayed,Amr Salah,HOM-AI-989,Home Appliances,Air Conditioners,10,17353.85,0.0,208246.2,146760.61,208246.2,61485.59,No
EG-2024-1676,2024-12-09,2024-12-10,1,First Class,Mona Zaki,Consumer,Egypt,Beni Suef,Beni Suef City,Noha Mahmoud,OFF-PA-827,Office Supplies,Paper,10,53.88,0.0,646.56,501.17,646.56,145.39,No
EG-2024-1676,2024-12-10,2024-12-13,3,Second Class,Youssef Hussein,Home Office,Egypt,Luxor,Esna,Noha Mahmoud,OFF-AR-292,Office Supplies,Art,4,64.17,0.05,292.62,199.43,292.62,93.19,No
EG-2024-1677,2024-12-11,2024-12-12,1,First Class,Amr Diab,Corporate,Egypt,North Sinai,Sheikh Zuweid,Youssef Khaled,CLO-PA-893,Clothing & Apparel,Pants,2,594.87,0.0,1427.69,995.75,1427.69,431.94,No
EG-2024-1678,2024-12-12,2024-12-12,0,Same Day,Wael Jassar,Home Office,Egypt,Sohag,Akhmim,Sara Amin,SPO-BI-258,Sports & Outdoors,Bicycles,7,4832.84,0.0,40595.86,29919.19,40595.86,10676.67,No
EG-2024-1679,2024-12-13,2024-12-13,0,Same Day,Zainab Soliman,Home Office,Egypt,Cairo,Nasr City,Sara Amin,CLO-SH-188,Clothing & Apparel,Shoes,3,1264.24,0.0,4551.26,3335.16,4551.26,1216.1,No
EG-2024-1680,2024-12-14,2024-12-18,4,Standard Class,Wael Jassar,Corporate,Egypt,North Sinai,Rafah,Ahmed Ragab,TEC-MA-979,Technology,Machines,9,5302.76,0.0,57269.81,44124.67,57269.81,13145.14,No
EG-2024-1681,2024-12-16,2024-12-17,1,First Class,Youssef Hussein,Corporate,Egypt,Damietta,New Damietta,Karim Salah,OFF-ST-697,Office Supplies,Storage,6,296.15,0.0,2132.28,1392.43,2132.28,739.85,No
EG-2024-1682,2024-12-16,2024-12-20,4,Standard Class,Eyad Nassar,Corporate,Egypt,Cairo,Maadi,Noha Mahmoud,TEC-MA-244,Technology,Machines,1,5954.76,0.0,7145.71,5447.19,7145.71,1698.52,No
EG-2024-1683,2024-12-16,2024-12-19,3,Second Class,Karim Abdelaziz,Corporate,Egypt,Matrouh,Siwa,Amr Salah,SPO-FI-813,Sports & Outdoors,Fitness Equipment,7,3121.44,0.1,23598.09,18024.92,23598.09,5573.17,No
EG-2024-1682,2024-12-17,2024-12-20,3,Second Class,Tarek Sayed,Corporate,Egypt,Sohag,Sohag City,Ahmed Ragab,OFF-AR-804,Office Supplies,Art,9,57.07,0.0,616.36,466.23,616.36,150.13,No
EG-2024-1683,2024-12-18,2024-12-18,0,Same Day,Huda El-Mufti,Corporate,Egypt,Suez,Arbaeen,Noha Mahmoud,TEC-PH-993,Technology,Phones,8,1513.43,0.05,13802.48,10300.57,13802.48,3501.91,No
EG-2024-1684,2024-12-19,2024-12-20,1,First Class,Wael Jassar,Consumer,Egypt,Beheira,Damanhour,Karim Salah,OFF-PA-528,Office Supplies,Paper,1,54.0,0.0,64.8,44.72,64.8,20.08,No
EG-2024-1685,2024-12-20,2024-12-26,6,Standard Class,Tara Emad,Corporate,Egypt,Sohag,Akhmim,Youssef Khaled,FUR-TA-616,Furniture,Tables,5,4423.19,0.15,22558.27,17986.87,22558.27,4571.4,No
EG-2024-1686,2024-12-20,2024-12-25,5,Standard Class,Asma Abulyazeid,Corporate,Egypt,Qalyubia,Khanka,Karim Salah,HOM-RE-654,Home Appliances,Refrigerators,9,10859.45,0.05,111417.96,75769.19,111417.96,35648.77,No
EG-2024-1686,2024-12-21,2024-12-23,2,Second Class,Adel Emam,Consumer,Egypt,Gharbia,Zifta,Karim Salah,CLO-SH-151,Clothing & Apparel,Shoes,3,1285.58,0.15,3933.88,3062.23,3933.88,871.65,No
EG-2024-1687,2024-12-22,2024-12-27,5,Standard Class,Adel Emam,Consumer,Egypt,Gharbia,El Mahalla El Kubra,Amr Salah,SPO-SP-854,Sports & Outdoors,Sportswear,3,470.18,0.05,1608.02,1073.99,1608.02,534.03,No
EG-2024-1688,2024-12-22,2024-12-25,3,Second Class,Hussein Fahmy,Home Office,Egypt,Dakahlia,Mit Ghamr,Youssef Khaled,HOM-AI-221,Home Appliances,Air Conditioners,5,16155.11,0.0,96930.66,73949.4,96930.66,22981.26,No
EG-2024-1688,2024-12-23,2024-12-23,0,Same Day,Ahmed Mekky,Home Office,Egypt,Minya,Samalut,Ahmed Ragab,OFF-PA-570,Office Supplies,Paper,7,47.93,0.1,362.35,284.99,362.35,77.36,No
EG-2024-1689,2024-12-24,2024-12-25,1,First Class,Mohamed Ali,Corporate,Egypt,Damietta,New Damietta,Karim Salah,TEC-PH-192,Technology,Phones,7,1617.13,0.0,13583.89,10824.91,13583.89,2758.98,No
EG-2024-1690,2024-12-24,2024-12-29,5,Standard Class,Asser Yassin,Corporate,Egypt,Alexandria,Stanly,Ahmed Ragab,OFF-ST-613,Office Supplies,Storage,5,296.03,0.0,1776.18,1413.78,1776.18,362.4,No
EG-2024-1690,2024-12-25,2024-12-29,4,Standard Class,Hazem Emam,Corporate,Egypt,Qena,Abu Tesht,Sara Amin,FUR-TA-482,Furniture,Tables,9,4056.89,0.0,43814.41,32990.7,43814.41,10823.71,No
EG-2024-1691,2024-12-26,2024-12-26,0,Same Day,Maged El-Kedwany,Consumer,Egypt,Fayoum,Fayoum City,Sara Amin,CLO-JA-893,Clothing & Apparel,Jackets,1,1645.29,0.05,1875.63,1423.83,1875.63,451.8,No
EG-2024-1692,2024-12-26,2024-12-28,2,Second Class,Sahar El-Sayegh,Corporate,Egypt,North Sinai,Arish,Noha Mahmoud,FUR-CH-780,Furniture,Chairs,3,862.63,0.1,2794.92,2113.09,2794.92,681.83,No
EG-2024-1693,2024-12-26,2024-12-26,0,Same Day,Karim Mahmoud,Consumer,Egypt,Sharqia,Belbeis,Mina Youssef,OFF-PA-560,Office Supplies,Paper,2,52.03,0.1,112.38,75.7,112.38,36.68,No
EG-2024-1692,2024-12-27,2025-01-01,5,Standard Class,Dina El-Sherbiny,Corporate,Egypt,Monufia,Menouf,Ahmed Ragab,TEC-MA-787,Technology,Machines,3,5180.03,0.0,18648.11,13417.07,18648.11,5231.04,No
EG-2024-1693,2024-12-27,2025-01-01,5,Standard Class,Sherif Anwar,Corporate,Egypt,Dakahlia,Mit Ghamr,Mina Youssef,OFF-AR-655,Office Supplies,Art,3,59.89,0.05,204.82,148.64,204.82,56.18,No
EG-2024-1694,2024-12-27,2024-12-27,0,Same Day,Tara Emad,Consumer,Egypt,Port Said,Al Sharq,Noha Mahmoud,FUR-CH-810,Furniture,Chairs,3,910.59,0.0,3278.12,2568.0,3278.12,710.12,Yes
EG-2024-1693,2024-12-28,2024-12-28,0,Same Day,Amr Diab,Home Office,Egypt,Cairo,Nasr City,Youssef Khaled,CLO-SH-100,Clothing & Apparel,Shoes,10,1267.15,0.15,12924.93,9799.49,12924.93,3125.44,No
EG-2024-1694,2024-12-28,2024-12-30,2,Second Class,Mayan El-Sayed,Home Office,Egypt,Beni Suef,Nasser,Amr Salah,FUR-BO-588,Furniture,Bookcases,10,2000.58,0.0,24006.96,17203.25,24006.96,6803.71,No
EG-2024-1695,2024-12-28,2025-01-01,4,Standard Class,Ahmed Mekky,Corporate,Egypt,Qalyubia,Banha,Youssef Khaled,HOM-MI-384,Home Appliances,Microwaves,10,3368.17,0.05,38397.14,30434.25,38397.14,7962.89,No
EG-2024-1694,2024-12-29,2024-12-31,2,Second Class,Mayan El-Sayed,Home Office,Egypt,South Sinai,Nuweiha,Sara Amin,CLO-SH-300,Clothing & Apparel,Shoes,7,1166.39,0.0,9797.68,6494.52,9797.68,3303.16,No
EG-2024-1695,2024-12-29,2024-12-29,0,Same Day,Mahmoud Yassin,Home Office,Egypt,Gharbia,Tanta,Amr Salah,HOM-AI-432,Home Appliances,Air Conditioners,2,15891.29,0.0,38139.1,27862.21,38139.1,10276.89,No
EG-2024-1696,2024-12-29,2024-12-30,1,First Class,Nour El-Din,Consumer,Egypt,Ismailia,Ismailia City,Ahmed Ragab,OFF-BI-376,Office Supplies,Binders,7,87.47,0.0,734.75,548.66,734.75,186.09,No
EG-2024-1695,2024-12-30,2024-12-31,1,First Class,Mona Zaki,Home Office,Egypt,Alexandria,Miami,Sara Amin,HOM-RE-575,Home Appliances,Refrigerators,1,12216.61,0.0,14659.93,10960.75,14659.93,3699.18,No
EG-2024-1696,2024-12-30,2025-01-02,3,Second Class,Eyad Nassar,Home Office,Egypt,Cairo,Maadi,Ahmed Ragab,HOM-BL-274,Home Appliances,Blenders,8,735.88,0.1,6358.01,4295.35,6358.01,2062.66,No
EG-2024-1696,2024-12-31,2025-01-04,4,Standard Class,Mohamed Ali,Home Office,Egypt,New Valley,Farafra,Ahmed Ragab,OFF-ST-190,Office Supplies,Storage,5,269.52,0.0,1617.12,1102.63,1617.12,514.49,No
EG-2024-1697,2024-12-31,2025-01-03,3,Second Class,Yasmine Sabri,Consumer,Egypt,New Valley,Farafra,Karim Salah,TEC-MA-866,Technology,Machines,7,5269.5,0.0,44263.8,29756.64,44263.8,14507.16,No
EG-2024-1698,2024-12-31,2024-12-31,0,Same Day,Karim Mahmoud,Corporate,Egypt,Ismailia,Fayed,Karim Salah,TEC-PH-368,Technology,Phones,9,1518.59,0.0,16400.77,11899.24,16400.77,4501.53,Yes
EG-2025-1697,2025-01-01,2025-01-07,6,Standard Class,Mustafa Kamal,Corporate,Egypt,Alexandria,Smouha,Ahmed Ragab,SPO-FI-295,Sports & Outdoors,Fitness Equipment,8,3258.82,0.15,31023.96,20803.8,31023.96,10220.16,No
EG-2025-1698,2025-01-01,2025-01-05,4,Standard Class,Wael Jassar,Corporate,Egypt,Damietta,Damietta City,Noha Mahmoud,HOM-BL-415,Home Appliances,Blenders,1,836.19,0.1,1053.6,744.01,1053.6,309.59,No
EG-2025-1698,2025-01-02,2025-01-05,3,Second Class,Asma Abulyazeid,Consumer,Egypt,Damietta,New Damietta,Amr Salah,CLO-PA-685,Clothing & Apparel,Pants,8,579.78,0.15,5519.51,3965.81,5519.51,1553.7,No
EG-2025-1699,2025-01-02,2025-01-08,6,Standard Class,Hussein Fahmy,Corporate,Egypt,New Valley,Dakhla,Karim Salah,TEC-PH-972,Technology,Phones,9,1461.95,0.0,18420.57,13091.92,18420.57,5328.65,No
EG-2025-1700,2025-01-02,2025-01-08,6,Standard Class,Hussein Fahmy,Corporate,Egypt,Damietta,Damietta City,Mina Youssef,OFF-ST-355,Office Supplies,Storage,1,295.85,0.0,414.19,273.94,414.19,140.25,No
EG-2025-1699,2025-01-04,2025-01-04,0,Same Day,Dina El-Sherbiny,Corporate,Egypt,Luxor,Armant,Sara Amin,HOM-BL-205,Home Appliances,Blenders,9,798.27,0.0,10058.2,7120.31,10058.2,2937.89,No
EG-2025-1700,2025-01-04,2025-01-08,4,Standard Class,Farouk El-Fishawy,Home Office,Egypt,Sohag,Tahta,Karim Salah,HOM-BL-702,Home Appliances,Blenders,8,870.27,0.1,8772.32,6355.93,8772.32,2416.39,No
EG-2025-1701,2025-01-04,2025-01-07,3,Second Class,Ahmed Mansour,Home Office,Egypt,North Sinai,Rafah,Sara Amin,TEC-PH-257,Technology,Phones,7,1400.44,0.0,13724.31,10633.98,13724.31,3090.33,No
EG-2025-1700,2025-01-05,2025-01-06,1,First Class,Mai Ezz Eldin,Consumer,Egypt,Sharqia,10th of Ramadan,Amr Salah,HOM-AI-316,Home Appliances,Air Conditioners,8,16613.29,0.0,186068.85,147833.9,186068.85,38234.95,No
EG-2025-1701,2025-01-05,2025-01-08,3,Second Class,Mohamed Ali,Consumer,Egypt,Gharbia,Zifta,Amr Salah,TEC-PH-950,Technology,Phones,8,1476.18,0.05,15706.56,11796.9,15706.56,3909.66,No
EG-2025-1701,2025-01-06,2025-01-07,1,First Class,Tamer Hosny,Corporate,Egypt,Giza,Sheikh Zayed,Noha Mahmoud,FUR-BO-201,Furniture,Bookcases,2,1939.64,0.0,5430.99,4238.44,5430.99,1192.55,No
EG-2025-1702,2025-01-06,2025-01-07,1,First Class,Mohamed Ramadan,Corporate,Egypt,Minya,Minya City,Amr Salah,CLO-SH-816,Clothing & Apparel,Shirts,4,412.66,0.05,2195.36,1560.01,2195.36,635.35,No
EG-2025-1702,2025-01-07,2025-01-08,1,First Class,Nour El-Din,Consumer,Egypt,Qena,Qena City,Youssef Khaled,CLO-SH-718,Clothing & Apparel,Shoes,8,1111.53,0.0,12449.14,9355.76,12449.14,3093.38,No
EG-2025-1703,2025-01-07,2025-01-12,5,Standard Class,Rania Moustafa,Consumer,Egypt,Damietta,New Damietta,Sara Amin,FUR-CH-701,Furniture,Chairs,5,912.52,0.0,6387.64,4860.29,6387.64,1527.35,No
EG-2025-1703,2025-01-08,2025-01-10,2,Second Class,Hussein Fahmy,Consumer,Egypt,Cairo,Nasr City,Noha Mahmoud,CLO-JA-253,Clothing & Apparel,Jackets,6,1661.43,0.0,13956.01,10442.38,13956.01,3513.63,No
EG-2025-1704,2025-01-09,2025-01-11,2,Second Class,Hassan El-Raddad,Consumer,Egypt,North Sinai,Sheikh Zuweid,Noha Mahmoud,TEC-AC-195,Technology,Accessories,8,370.27,0.0,4147.02,2885.89,4147.02,1261.13,No
EG-2025-1705,2025-01-09,2025-01-14,5,Standard Class,Tamer Hosny,Consumer,Egypt,Beni Suef,Biba,Youssef Khaled,SPO-CA-401,Sports & Outdoors,Camping Gear,1,1473.33,0.0,2062.66,1495.8,2062.66,566.86,Yes
EG-2025-1705,2025-01-10,2025-01-16,6,Standard Class,Hazem Emam,Consumer,Egypt,Red Sea,Gouna,Sara Amin,CLO-SH-922,Clothing & Apparel,Shirts,1,411.98,0.0,576.77,402.04,576.77,174.73,No
EG-2025-1706,2025-01-10,2025-01-16,6,Standard Class,Wael Jassar,Consumer,Egypt,Beheira,Damanhour,Amr Salah,FUR-BO-613,Furniture,Bookcases,4,1967.25,0.0,11016.6,7651.15,11016.6,3365.45,No
EG-2025-1707,2025-01-10,2025-01-10,0,Same Day,Mustafa Kamal,Corporate,Egypt,Damietta,New Damietta,Mina Youssef,FUR-CH-616,Furniture,Chairs,1,857.8,0.15,1020.78,816.33,1020.78,204.45,No
EG-2025-1706,2025-01-11,2025-01-17,6,Standard Class,Asmaa Galal,Corporate,Egypt,Qalyubia,Khanka,Sara Amin,TEC-PH-359,Technology,Phones,7,1517.05,0.05,14123.74,11187.95,14123.74,2935.79,No
EG-2025-1707,2025-01-11,2025-01-14,3,Second Class,Khaled El-Nabawy,Home Office,Egypt,Sohag,Sohag City,Noha Mahmoud,SPO-BI-652,Sports & Outdoors,Bicycles,2,4542.39,0.05,12082.76,9462.64,12082.76,2620.12,No
EG-2025-1708,2025-01-11,2025-01-13,2,Second Class,Rania Moustafa,Home Office,Egypt,Red Sea,Hurghada,Noha Mahmoud,CLO-SH-661,Clothing & Apparel,Shoes,1,1136.86,0.0,1591.6,1133.59,1591.6,458.01,No
EG-2025-1707,2025-01-12,2025-01-15,3,Second Class,Nour El-Din,Home Office,Egypt,Luxor,Luxor City,Amr Salah,HOM-RE-894,Home Appliances,Refrigerators,6,12097.36,0.0,101617.82,72568.77,101617.82,29049.05,No
EG-2025-1708,2025-01-12,2025-01-16,4,Standard Class,Hassan El-Raddad,Consumer,Egypt,Gharbia,El Mahalla El Kubra,Mina Youssef,TEC-AC-407,Technology,Accessories,1,344.81,0.0,482.73,319.79,482.73,162.94,No
EG-2025-1708,2025-01-13,2025-01-15,2,Second Class,Reem Moustafa,Consumer,Egypt,Gharbia,Zifta,Noha Mahmoud,CLO-SH-438,Clothing & Apparel,Shirts,10,412.86,0.15,4913.03,3677.85,4913.03,1235.18,No
EG-2025-1709,2025-01-14,2025-01-17,3,Second Class,Yasmine Sabri,Consumer,Egypt,Qena,Abu Tesht,Ahmed Ragab,CLO-JA-142,Clothing & Apparel,Jackets,5,1829.0,0.0,12803.0,10138.76,12803.0,2664.24,No
EG-2025-1710,2025-01-14,2025-01-19,5,Standard Class,Tamer Hosny,Consumer,Egypt,Matrouh,Alamein,Noha Mahmoud,OFF-ST-496,Office Supplies,Storage,8,259.89,0.1,2619.69,2015.02,2619.69,604.67,No
EG-2025-1711,2025-01-14,2025-01-14,0,Same Day,Karim Mahmoud,Home Office,Egypt,Beheira,Kafr El Dawar,Sara Amin,SPO-CA-465,Sports & Outdoors,Camping Gear,4,1549.67,0.05,8244.24,5852.51,8244.24,2391.73,No
EG-2025-1710,2025-01-15,2025-01-17,2,Second Class,Ahmed Helmy,Consumer,Egypt,Luxor,Esna,Amr Salah,HOM-RE-851,Home Appliances,Refrigerators,1,11347.25,0.05,15091.84,9840.62,15091.84,5251.22,No
EG-2025-1711,2025-01-15,2025-01-18,3,Second Class,Jamila Awad,Consumer,Egypt,Kafr El-Sheikh,Desouk,Noha Mahmoud,HOM-BL-722,Home Appliances,Blenders,6,843.16,0.0,7082.54,5582.2,7082.54,1500.34,No
EG-2025-1711,2025-01-16,2025-01-17,1,First Class,Youssef Hussein,Corporate,Egypt,North Sinai,Sheikh Zuweid,Karim Salah,HOM-RE-964,Home Appliances,Refrigerators,9,11438.37,0.0,144123.46,98589.87,144123.46,45533.59,No
EG-2025-1712,2025-01-16,2025-01-16,0,Same Day,Sherif Anwar,Home Office,Egypt,Sharqia,Zagazig,Amr Salah,FUR-CH-809,Furniture,Chairs,2,798.14,0.1,2011.31,1469.33,2011.31,541.98,No
EG-2025-1713,2025-01-16,2025-01-19,3,Second Class,Amr Hassan,Consumer,Egypt,Aswan,Aswan City,Mina Youssef,FUR-CH-525,Furniture,Chairs,7,883.96,0.0,8662.81,5727.13,8662.81,2935.68,No
EG-2025-1712,2025-01-17,2025-01-17,0,Same Day,Tarek Sayed,Corporate,Egypt,Matrouh,Marsa Matrouh,Amr Salah,TEC-PH-345,Technology,Phones,6,1447.7,0.0,12160.68,8562.27,12160.68,3598.41,No
EG-2025-1713,2025-01-17,2025-01-18,1,First Class,Hany Ramzy,Corporate,Egypt,Gharbia,Zifta,Amr Salah,SPO-CA-610,Sports & Outdoors,Camping Gear,9,1381.62,0.0,17408.41,13879.25,17408.41,3529.16,No
EG-2025-1714,2025-01-17,2025-01-19,2,Second Class,Adel Emam,Home Office,Egypt,Monufia,Menouf,Mina Youssef,SPO-FI-481,Sports & Outdoors,Fitness Equipment,2,3146.26,0.0,8809.53,6959.42,8809.53,1850.11,No
EG-2025-1713,2025-01-18,2025-01-22,4,Standard Class,Zainab Soliman,Consumer,Egypt,Alexandria,Smouha,Ahmed Ragab,TEC-MA-436,Technology,Machines,7,5128.05,0.0,50254.89,37566.33,50254.89,12688.56,No
EG-2025-1714,2025-01-19,2025-01-21,2,Second Class,Zainab Soliman,Consumer,Egypt,Damietta,New Damietta,Ahmed Ragab,FUR-FU-391,Furniture,Furnishings,1,155.28,0.05,206.52,150.82,206.52,55.7,No
EG-2025-1715,2025-01-20,2025-01-25,5,Standard Class,Yasmine Sabri,Consumer,Egypt,Gharbia,Tanta,Mina Youssef,FUR-TA-802,Furniture,Tables,8,4408.22,0.0,49372.06,32343.27,49372.06,17028.79,No
EG-2025-1716,2025-01-20,2025-01-23,3,Second Class,Hussein Fahmy,Corporate,Egypt,Asyut,Asyut City,Noha Mahmoud,FUR-FU-640,Furniture,Furnishings,1,156.95,0.1,197.76,142.1,197.76,55.66,No
EG-2025-1716,2025-01-21,2025-01-22,1,First Class,Mai Ezz Eldin,Home Office,Egypt,Cairo,Maadi,Amr Salah,TEC-PH-487,Technology,Phones,8,1640.36,0.0,18372.03,12456.54,18372.03,5915.49,No
EG-2025-1717,2025-01-21,2025-01-23,2,Second Class,Jamila Awad,Corporate,Egypt,Ismailia,Al Qantara,Youssef Khaled,TEC-PH-289,Technology,Phones,9,1565.14,0.0,19720.76,13740.85,19720.76,5979.91,No
EG-2025-1717,2025-01-22,2025-01-25,3,Second Class,Reem Moustafa,Corporate,Egypt,Alexandria,Smouha,Sara Amin,OFF-ST-298,Office Supplies,Storage,9,283.48,0.0,3571.85,2742.49,3571.85,829.36,No
EG-2025-1718,2025-01-22,2025-01-22,0,Same Day,Aya Mahmoud,Consumer,Egypt,Qalyubia,Banha,Sara Amin,SPO-FI-437,Sports & Outdoors,Fitness Equipment,7,2905.11,0.0,28470.08,19513.94,28470.08,8956.14,No
EG-2025-1718,2025-01-23,2025-01-25,2,Second Class,Maged El-Kedwany,Home Office,Egypt,Monufia,Menouf,Noha Mahmoud,HOM-MI-991,Home Appliances,Microwaves,7,3342.9,0.0,32760.42,24336.92,32760.42,8423.5,No
EG-2025-1719,2025-01-24,2025-01-29,5,Standard Class,Ahmed Mekky,Home Office,Egypt,Sohag,Akhmim,Karim Salah,CLO-SH-547,Clothing & Apparel,Shirts,7,428.83,0.0,4202.53,3181.48,4202.53,1021.05,No
EG-2025-1720,2025-01-25,2025-01-31,6,Standard Class,Hussein Fahmy,Corporate,Egypt,Ismailia,Al Qantara,Karim Salah,SPO-CA-230,Sports & Outdoors,Camping Gear,8,1485.06,0.0,16632.67,11317.56,16632.67,5315.11,No
EG-2025-1721,2025-01-26,2025-01-28,2,Second Class,Mohamed Henedy,Corporate,Egypt,Beheira,Damanhour,Karim Salah,SPO-BI-629,Sports & Outdoors,Bicycles,5,4630.36,0.0,32412.52,21112.59,32412.52,11299.93,No
EG-2025-1722,2025-01-27,2025-01-31,4,Standard Class,Hassan El-Raddad,Corporate,Egypt,South Sinai,Nuweiha,Ahmed Ragab,FUR-TA-895,Furniture,Tables,10,4592.2,0.0,64290.8,47205.59,64290.8,17085.21,No
EG-2025-1723,2025-01-28,2025-01-31,3,Second Class,Ghada Abdelrazek,Corporate,Egypt,Monufia,Menouf,Sara Amin,HOM-MI-419,Home Appliances,Microwaves,2,3363.58,0.0,9418.02,6741.76,9418.02,2676.26,No
EG-2025-1724,2025-01-28,2025-01-29,1,First Class,Nour El-Din,Consumer,Egypt,Fayoum,Tamiya,Mina Youssef,OFF-PA-364,Office Supplies,Paper,10,50.22,0.05,667.93,470.92,667.93,197.01,No
EG-2025-1725,2025-01-28,2025-02-03,6,Standard Class,Hend Sabry,Corporate,Egypt,Aswan,Edfu,Youssef Khaled,SPO-BI-275,Sports & Outdoors,Bicycles,10,4460.18,0.05,59320.39,45774.13,59320.39,13546.26,No
EG-2025-1724,2025-01-29,2025-01-31,2,Second Class,Khaled El-Nabawy,Corporate,Egypt,Sharqia,10th of Ramadan,Amr Salah,TEC-PH-283,Technology,Phones,8,1413.26,0.15,13454.23,9879.75,13454.23,3574.48,No
EG-2025-1725,2025-01-29,2025-02-04,6,Standard Class,Mahmoud Saad,Consumer,Egypt,Monufia,Shibin El Kom,Ahmed Ragab,CLO-JA-660,Clothing & Apparel,Jackets,1,1891.1,0.1,2382.79,1847.89,2382.79,534.9,No
EG-2025-1725,2025-01-31,2025-02-05,5,Standard Class,Jamila Awad,Consumer,Egypt,Monufia,Shibin El Kom,Noha Mahmoud,SPO-CA-917,Sports & Outdoors,Camping Gear,10,1528.04,0.05,20322.93,13287.34,20322.93,7035.59,No
EG-2025-1726,2025-02-01,2025-02-04,3,Second Class,Hussein Fahmy,Consumer,Egypt,New Valley,Farafra,Noha Mahmoud,HOM-MI-273,Home Appliances,Microwaves,2,3183.03,0.0,8912.48,6172.98,8912.48,2739.5,No
EG-2025-1727,2025-02-01,2025-02-03,2,Second Class,Huda El-Mufti,Consumer,Egypt,Beheira,Damanhour,Youssef Khaled,TEC-PH-176,Technology,Phones,2,1372.53,0.0,3843.08,2818.39,3843.08,1024.69,No
EG-2025-1728,2025-02-01,2025-02-02,1,First Class,Maged El-Kedwany,Home Office,Egypt,Red Sea,Hurghada,Youssef Khaled,CLO-SH-844,Clothing & Apparel,Shoes,9,1200.51,0.0,15126.43,12001.4,15126.43,3125.03,No
EG-2025-1727,2025-02-02,2025-02-07,5,Standard Class,Amina Khalil,Home Office,Egypt,Sharqia,Zagazig,Ahmed Ragab,CLO-JA-991,Clothing & Apparel,Jackets,10,1843.56,0.05,24519.35,18082.56,24519.35,6436.79,No
EG-2025-1728,2025-02-02,2025-02-06,4,Standard Class,Hassan El-Raddad,Consumer,Egypt,Gharbia,El Mahalla El Kubra,Noha Mahmoud,OFF-AR-592,Office Supplies,Art,10,58.16,0.15,692.1,498.67,692.1,193.43,No
EG-2025-1728,2025-02-03,2025-02-08,5,Standard Class,Tamer Hosny,Home Office,Egypt,North Sinai,Sheikh Zuweid,Ahmed Ragab,FUR-TA-111,Furniture,Tables,2,4209.77,0.1,10608.62,6958.72,10608.62,3649.9,No
EG-2025-1729,2025-02-03,2025-02-07,4,Standard Class,Mona Zaki,Home Office,Egypt,Qalyubia,Khanka,Ahmed Ragab,SPO-CA-549,Sports & Outdoors,Camping Gear,2,1441.63,0.0,4036.56,2786.32,4036.56,1250.24,No
EG-2025-1729,2025-02-04,2025-02-09,5,Standard Class,Mohamed Ali,Corporate,Egypt,Gharbia,Tanta,Ahmed Ragab,FUR-CH-932,Furniture,Chairs,10,783.96,0.0,10975.44,8651.98,10975.44,2323.46,No
EG-2025-1730,2025-02-04,2025-02-04,0,Same Day,Rania Moustafa,Corporate,Egypt,Dakahlia,Mit Ghamr,Mina Youssef,HOM-RE-362,Home Appliances,Refrigerators,4,11443.72,0.05,60880.59,42456.93,60880.59,18423.66,No
EG-2025-1731,2025-02-04,2025-02-05,1,First Class,Mohamed Ali,Home Office,Egypt,Port Said,Al Arab,Noha Mahmoud,CLO-SH-793,Clothing & Apparel,Shirts,7,419.1,0.0,4107.18,3094.46,4107.18,1012.72,No
EG-2025-1730,2025-02-05,2025-02-09,4,Standard Class,Amir Karara,Consumer,Egypt,Cairo,Nasr City,Mina Youssef,SPO-BI-743,Sports & Outdoors,Bicycles,7,4193.6,0.0,41097.28,27930.28,41097.28,13167.0,No
EG-2025-1731,2025-02-05,2025-02-07,2,Second Class,Hassan El-Raddad,Consumer,Egypt,Kafr El-Sheikh,Kafr El-Sheikh City,Noha Mahmoud,HOM-RE-688,Home Appliances,Refrigerators,4,12766.83,0.05,67919.54,49739.64,67919.54,18179.9,No
EG-2025-1731,2025-02-06,2025-02-09,3,Second Class,Karim Mahmoud,Home Office,Egypt,Beni Suef,Beni Suef City,Sara Amin,SPO-SP-424,Sports & Outdoors,Sportswear,6,530.74,0.15,3789.49,2827.17,3789.49,962.32,No
EG-2025-1732,2025-02-07,2025-02-12,5,Standard Class,Karim Abdelaziz,Corporate,Egypt,Port Said,Al Arab,Amr Salah,HOM-MI-592,Home Appliances,Microwaves,9,3257.26,0.05,38989.41,30096.78,38989.41,8892.63,Yes
EG-2025-1733,2025-02-07,2025-02-12,5,Standard Class,Reem Moustafa,Corporate,Egypt,Cairo,Maadi,Sara Amin,TEC-AC-560,Technology,Accessories,7,350.87,0.15,2922.75,2045.18,2922.75,877.57,No
EG-2025-1733,2025-02-08,2025-02-10,2,Second Class,Asser Yassin,Corporate,Egypt,New Valley,Farafra,Amr Salah,OFF-ST-370,Office Supplies,Storage,10,268.05,0.0,3752.7,2514.98,3752.7,1237.72,No
EG-2025-1734,2025-02-08,2025-02-14,6,Standard Class,Mai Ezz Eldin,Consumer,Egypt,Alexandria,Smouha,Amr Salah,FUR-BO-200,Furniture,Bookcases,9,1828.1,0.0,23034.06,16929.42,23034.06,6104.64,No
EG-2025-1735,2025-02-08,2025-02-14,6,Standard Class,Tarek Sayed,Home Office,Egypt,Asyut,Asyut City,Youssef Khaled,CLO-PA-102,Clothing & Apparel,Pants,6,593.69,0.0,4987.0,3675.09,4987.0,1311.91,No
EG-2025-1734,2025-02-09,2025-02-14,5,Standard Class,Maged El-Kedwany,Consumer,Egypt,Fayoum,Tamiya,Youssef Khaled,OFF-PA-273,Office Supplies,Paper,9,49.13,0.05,588.09,425.78,588.09,162.31,No
EG-2025-1735,2025-02-10,2025-02-15,5,Standard Class,Adel Emam,Corporate,Egypt,Minya,Samalut,Karim Salah,CLO-SH-998,Clothing & Apparel,Shirts,1,371.92,0.0,520.69,350.54,520.69,170.15,No
EG-2025-1736,2025-02-11,2025-02-14,3,Second Class,Asma Abulyazeid,Consumer,Egypt,South Sinai,Dahab,Amr Salah,OFF-ST-837,Office Supplies,Storage,6,291.95,0.05,2329.76,1748.53,2329.76,581.23,No
EG-2025-1737,2025-02-11,2025-02-11,0,Same Day,Omar Sherif,Corporate,Egypt,Suez,Arbaeen,Mina Youssef,TEC-AC-375,Technology,Accessories,3,381.29,0.0,1601.42,1205.83,1601.42,395.59,No
EG-2025-1737,2025-02-12,2025-02-17,5,Standard Class,Mustafa Kamal,Consumer,Egypt,Beni Suef,Nasser,Youssef Khaled,CLO-PA-249,Clothing & Apparel,Pants,1,550.33,0.0,770.46,542.16,770.46,228.3,No
EG-2025-1738,2025-02-12,2025-02-14,2,Second Class,Maged El-Kedwany,Corporate,Egypt,South Sinai,Dahab,Karim Salah,SPO-FI-170,Sports & Outdoors,Fitness Equipment,4,2925.62,0.0,16383.47,13006.77,16383.47,3376.7,No
EG-2025-1739,2025-02-12,2025-02-17,5,Standard Class,Hussein Fahmy,Home Office,Egypt,South Sinai,Sharm El-Sheikh,Sara Amin,SPO-BI-811,Sports & Outdoors,Bicycles,9,4615.03,0.05,55241.91,43208.26,55241.91,12033.65,No
EG-2025-1738,2025-02-13,2025-02-16,3,Second Class,Adel Emam,Home Office,Egypt,Beheira,Kafr El Dawar,Noha Mahmoud,CLO-SH-415,Clothing & Apparel,Shirts,9,377.49,0.0,4756.37,3286.97,4756.37,1469.4,Yes
EG-2025-1739,2025-02-14,2025-02-15,1,First Class,Mahmoud Yassin,Corporate,Egypt,Damietta,New Damietta,Sara Amin,TEC-PH-511,Technology,Phones,5,1454.1,0.0,10178.7,7631.66,10178.7,2547.04,No
EG-2025-1740,2025-02-14,2025-02-20,6,Standard Class,Nour El-Sherif,Corporate,Egypt,Qena,Nag Hammadi,Amr Salah,SPO-CA-190,Sports & Outdoors,Camping Gear,10,1521.86,0.0,21306.04,14006.76,21306.04,7299.28,No
EG-2025-1741,2025-02-14,2025-02-19,5,Standard Class,Wael Jassar,Corporate,Egypt,Sohag,Tahta,Ahmed Ragab,TEC-MA-267,Technology,Machines,4,5755.08,0.0,32228.45,24000.53,32228.45,8227.92,No
EG-2025-1740,2025-02-15,2025-02-21,6,Standard Class,Reem Moustafa,Consumer,Egypt,North Sinai,Rafah,Mina Youssef,FUR-TA-177,Furniture,Tables,5,4420.97,0.05,29399.45,20653.2,29399.45,8746.25,No
EG-2025-1741,2025-02-15,2025-02-19,4,Standard Class,Hassan El-Raddad,Home Office,Egypt,Minya,Mallawi,Karim Salah,CLO-SH-799,Clothing & Apparel,Shoes,3,1235.73,0.05,4930.57,3469.17,4930.57,1461.4,No
EG-2025-1742,2025-02-15,2025-02-16,1,First Class,Huda El-Mufti,Home Office,Egypt,Red Sea,Hurghada,Amr Salah,CLO-SH-427,Clothing & Apparel,Shirts,6,363.62,0.15,2596.25,2011.16,2596.25,585.09,No
EG-2025-1741,2025-02-16,2025-02-20,4,Standard Class,Mustafa Kamal,Home Office,Egypt,Qena,Qena City,Noha Mahmoud,FUR-BO-188,Furniture,Bookcases,1,2046.02,0.0,2864.43,2113.08,2864.43,751.35,No
EG-2025-1742,2025-02-16,2025-02-20,4,Standard Class,Nour El-Din,Corporate,Egypt,Aswan,Kom Ombo,Noha Mahmoud,OFF-BI-973,Office Supplies,Binders,3,74.62,0.0,313.4,228.59,313.4,84.81,No
EG-2025-1742,2025-02-17,2025-02-19,2,Second Class,Amr Hassan,Corporate,Egypt,Giza,Dokki,Karim Salah,TEC-AC-379,Technology,Accessories,3,365.31,0.0,1534.3,1189.83,1534.3,344.47,No
EG-2025-1743,2025-02-18,2025-02-22,4,Standard Class,Mustafa Kamal,Consumer,Egypt,Beni Suef,Nasser,Karim Salah,FUR-TA-106,Furniture,Tables,5,4869.54,0.0,34086.78,24131.52,34086.78,9955.26,No
EG-2025-1744,2025-02-18,2025-02-19,1,First Class,Farouk El-Fishawy,Corporate,Egypt,Port Said,Al Arab,Youssef Khaled,TEC-MA-391,Technology,Machines,4,5503.04,0.0,30817.02,20408.06,30817.02,10408.96,No
EG-2025-1745,2025-02-18,2025-02-19,1,First Class,Sherif Anwar,Consumer,Egypt,Fayoum,Sinnuris,Karim Salah,HOM-MI-912,Home Appliances,Microwaves,4,3197.14,0.0,17903.98,13584.79,17903.98,4319.19,No
EG-2025-1744,2025-02-19,2025-02-25,6,Standard Class,Mena Shalaby,Corporate,Egypt,Kafr El-Sheikh,Desouk,Amr Salah,OFF-AR-139,Office Supplies,Art,5,62.15,0.05,413.3,271.48,413.3,141.82,No
EG-2025-1745,2025-02-19,2025-02-22,3,Second Class,Hazem Emam,Corporate,Egypt,Kafr El-Sheikh,Kafr El-Sheikh City,Youssef Khaled,OFF-BI-589,Office Supplies,Binders,7,79.85,0.0,782.53,619.52,782.53,163.01,No
EG-2025-1745,2025-02-20,2025-02-20,0,Same Day,Maged El-Kedwany,Corporate,Egypt,Alexandria,Smouha,Youssef Khaled,CLO-JA-269,Clothing & Apparel,Jackets,1,1668.69,0.05,2219.36,1574.85,2219.36,644.51,No
EG-2025-1746,2025-02-20,2025-02-20,0,Same Day,Tarek Sayed,Home Office,Egypt,New Valley,Kharga,Mina Youssef,CLO-JA-895,Clothing & Apparel,Jackets,2,1866.97,0.0,5227.52,3412.63,5227.52,1814.89,No
EG-2025-1747,2025-02-20,2025-02-23,3,Second Class,Mona Zaki,Corporate,Egypt,Beni Suef,Biba,Youssef Khaled,TEC-MA-215,Technology,Machines,1,5781.45,0.0,8094.03,5627.81,8094.03,2466.22,No
EG-2025-1746,2025-02-21,2025-02-26,5,Standard Class,Fatma Ibrahim,Corporate,Egypt,Luxor,Esna,Amr Salah,SPO-SP-970,Sports & Outdoors,Sportswear,9,527.55,0.1,5982.42,4739.21,5982.42,1243.21,No
EG-2025-1747,2025-02-21,2025-02-24,3,Second Class,Mai Ezz Eldin,Consumer,Egypt,Fayoum,Tamiya,Mina Youssef,TEC-CO-596,Technology,Copiers,4,4744.16,0.15,22582.21,17948.04,22582.21,4634.17,No
EG-2025-1748,2025-02-21,2025-02-22,1,First Class,Ghada Abdelrazek,Corporate,Egypt,Kafr El-Sheikh,Baltim,Noha Mahmoud,TEC-AC-992,Technology,Accessories,2,315.45,0.1,794.93,534.49,794.93,260.44,No
EG-2025-1747,2025-02-22,2025-02-25,3,Second Class,Karim Abdelaziz,Corporate,Egypt,Luxor,Luxor City,Karim Salah,FUR-TA-642,Furniture,Tables,2,4389.85,0.05,11677.0,8845.53,11677.0,2831.47,No
EG-2025-1748,2025-02-23,2025-03-01,6,Standard Class,Mena Shalaby,Corporate,Egypt,North Sinai,Rafah,Mina Youssef,CLO-PA-238,Clothing & Apparel,Pants,9,610.64,0.15,6539.95,4643.32,6539.95,1896.63,No
EG-2025-1749,2025-02-23,2025-02-27,4,Standard Class,Mayan El-Sayed,Corporate,Egypt,Alexandria,Stanly,Sara Amin,HOM-BL-406,Home Appliances,Blenders,5,844.01,0.0,5908.07,4581.19,5908.07,1326.88,No
EG-2025-1750,2025-02-23,2025-02-25,2,Second Class,Mona Zaki,Corporate,Egypt,Suez,Suez City,Karim Salah,SPO-FI-384,Sports & Outdoors,Fitness Equipment,7,3161.6,0.0,30983.68,21344.93,30983.68,9638.75,No
EG-2025-1749,2025-02-24,2025-02-24,0,Same Day,Asmaa Galal,Home Office,Egypt,Fayoum,Fayoum City,Youssef Khaled,OFF-ST-975,Office Supplies,Storage,8,263.9,0.1,2660.11,1951.24,2660.11,708.87,No
EG-2025-1750,2025-02-24,2025-03-01,5,Standard Class,Nour El-Din,Consumer,Egypt,Matrouh,Marsa Matrouh,Ahmed Ragab,OFF-ST-168,Office Supplies,Storage,1,268.81,0.05,357.51,269.51,357.51,88.0,No
EG-2025-1751,2025-02-24,2025-03-01,5,Standard Class,Hany Ramzy,Corporate,Egypt,North Sinai,Sheikh Zuweid,Noha Mahmoud,TEC-PH-547,Technology,Phones,9,1607.08,0.0,20249.21,13670.02,20249.21,6579.19,No
EG-2025-1750,2025-02-25,2025-02-28,3,Second Class,Sherif Anwar,Consumer,Egypt,Minya,Samalut,Karim Salah,HOM-BL-897,Home Appliances,Blenders,2,874.56,0.1,2203.89,1582.92,2203.89,620.97,No
EG-2025-1751,2025-02-26,2025-03-01,3,Second Class,Asma Abulyazeid,Home Office,Egypt,Sharqia,10th of Ramadan,Youssef Khaled,SPO-FI-921,Sports & Outdoors,Fitness Equipment,5,2850.91,0.0,19956.37,15167.29,19956.37,4789.08,No
EG-2025-1752,2025-02-26,2025-03-02,4,Standard Class,Mahmoud Saad,Consumer,Egypt,Luxor,Luxor City,Karim Salah,HOM-BL-799,Home Appliances,Blenders,8,854.13,0.15,8131.32,6230.6,8131.32,1900.72,No
EG-2025-1752,2025-02-27,2025-02-27,0,Same Day,Mai Ezz Eldin,Corporate,Egypt,Damietta,Ras El Bar,Sara Amin,FUR-FU-802,Furniture,Furnishings,6,154.97,0.0,1301.75,875.17,1301.75,426.58,No
EG-2025-1753,2025-02-27,2025-03-01,2,Second Class,Asmaa Galal,Corporate,Egypt,South Sinai,Nuweiha,Amr Salah,SPO-CA-156,Sports & Outdoors,Camping Gear,6,1431.15,0.0,12021.66,8284.41,12021.66,3737.25,No
EG-2025-1753,2025-02-28,2025-03-04,4,Standard Class,Amr Hassan,Corporate,Egypt,Ismailia,Fayed,Ahmed Ragab,CLO-SH-489,Clothing & Apparel,Shirts,4,399.11,0.05,2123.27,1550.86,2123.27,572.41,No
EG-2025-1754,2025-02-28,2025-02-28,0,Same Day,Karim Abdelaziz,Home Office,Egypt,Gharbia,Tanta,Amr Salah,OFF-BI-955,Office Supplies,Binders,2,84.68,0.0,237.1,171.02,237.1,66.08,No
EG-2025-1755,2025-02-28,2025-03-06,6,Standard Class,Nelly Karim,Consumer,Egypt,Alexandria,Miami,Noha Mahmoud,FUR-FU-715,Furniture,Furnishings,4,156.31,0.0,875.34,698.35,875.34,176.99,No
EG-2025-1754,2025-03-02,2025-03-04,2,Second Class,Mai Ezz Eldin,Home Office,Egypt,Damietta,New Damietta,Noha Mahmoud,CLO-SH-330,Clothing & Apparel,Shirts,8,416.21,0.0,4661.55,3171.86,4661.55,1489.69,No
EG-2025-1755,2025-03-02,2025-03-03,1,First Class,Sherif Anwar,Consumer,Egypt,Cairo,Maadi,Karim Salah,FUR-FU-111,Furniture,Furnishings,2,159.42,0.0,446.38,338.05,446.38,108.33,No
EG-2025-1756,2025-03-02,2025-03-07,5,Standard Class,Mohamed Ali,Corporate,Egypt,Matrouh,Siwa,Sara Amin,HOM-AI-614,Home Appliances,Air Conditioners,7,15707.7,0.0,153935.46,109818.02,153935.46,44117.44,No
EG-2025-1755,2025-03-03,2025-03-05,2,Second Class,Ahmed Mekky,Corporate,Egypt,Qena,Qena City,Noha Mahmoud,CLO-PA-755,Clothing & Apparel,Pants,10,568.39,0.0,7957.46,5735.36,7957.46,2222.1,No
EG-2025-1756,2025-03-03,2025-03-06,3,Second Class,Zainab Soliman,Home Office,Egypt,Matrouh,Marsa Matrouh,Mina Youssef,SPO-SP-410,Sports & Outdoors,Sportswear,2,473.28,0.0,1325.18,943.91,1325.18,381.27,No
EG-2025-1757,2025-03-03,2025-03-04,1,First Class,Hassan El-Raddad,Home Office,Egypt,Ismailia,Al Qantara,Amr Salah,HOM-BL-559,Home Appliances,Blenders,3,818.99,0.0,3439.76,2495.79,3439.76,943.97,No
EG-2025-1756,2025-03-04,2025-03-05,1,First Class,Hany Ramzy,Home Office,Egypt,Cairo,Nasr City,Noha Mahmoud,HOM-AI-451,Home Appliances,Air Conditioners,9,15984.09,0.0,201399.53,131914.6,201399.53,69484.93,No
EG-2025-1757,2025-03-05,2025-03-09,4,Standard Class,Sahar El-Sayegh,Home Office,Egypt,Gharbia,Zifta,Ahmed Ragab,SPO-BI-854,Sports & Outdoors,Bicycles,3,4083.81,0.05,16294.4,10603.4,16294.4,5691.0,No
EG-2025-1758,2025-03-06,2025-03-09,3,Second Class,Amr Hassan,Corporate,Egypt,Matrouh,Siwa,Ahmed Ragab,OFF-AR-508,Office Supplies,Art,3,61.99,0.05,247.34,175.15,247.34,72.19,No
EG-2025-1759,2025-03-06,2025-03-12,6,Standard Class,Amr Diab,Corporate,Egypt,Aswan,Aswan City,Sara Amin,TEC-AC-470,Technology,Accessories,9,377.13,0.0,4751.84,3581.36,4751.84,1170.48,No
EG-2025-1760,2025-03-06,2025-03-08,2,Second Class,Nour El-Sherif,Consumer,Egypt,Aswan,Aswan City,Noha Mahmoud,TEC-CO-379,Technology,Copiers,6,5187.41,0.0,43574.24,31436.23,43574.24,12138.01,No
EG-2025-1759,2025-03-07,2025-03-08,1,First Class,Reem Moustafa,Home Office,Egypt,Beheira,Kom Hamada,Amr Salah,TEC-CO-421,Technology,Copiers,5,5297.65,0.0,37083.55,26733.06,37083.55,10350.49,No
EG-2025-1760,2025-03-08,2025-03-11,3,Second Class,Asma Abulyazeid,Home Office,Egypt,Aswan,Edfu,Karim Salah,CLO-JA-677,Clothing & Apparel,Jackets,6,1817.34,0.0,15265.66,9988.1,15265.66,5277.56,No
EG-2025-1761,2025-03-08,2025-03-09,1,First Class,Mohamed Henedy,Corporate,Egypt,Damietta,Damietta City,Noha Mahmoud,FUR-TA-852,Furniture,Tables,5,4535.72,0.1,28575.04,22755.09,28575.04,5819.95,No
EG-2025-1761,2025-03-09,2025-03-09,0,Same Day,Ahmed Helmy,Corporate,Egypt,Beni Suef,Beni Suef City,Sara Amin,FUR-CH-210,Furniture,Chairs,7,886.25,0.0,8685.25,6563.52,8685.25,2121.73,No
EG-2025-1762,2025-03-09,2025-03-11,2,Second Class,Hazem Emam,Home Office,Egypt,Red Sea,Gouna,Ahmed Ragab,TEC-CO-717,Technology,Copiers,5,5131.45,0.05,34124.14,25292.89,34124.14,8831.25,No
EG-2025-1763,2025-03-09,2025-03-15,6,Standard Class,Youssef Hussein,Corporate,Egypt,Dakahlia,Mit Ghamr,Sara Amin,CLO-SH-193,Clothing & Apparel,Shirts,7,384.31,0.0,3766.24,2489.64,3766.24,1276.6,No
EG-2025-1762,2025-03-10,2025-03-14,4,Standard Class,Mayan El-Sayed,Consumer,Egypt,Port Said,Al Sharq,Karim Salah,SPO-FI-580,Sports & Outdoors,Fitness Equipment,10,3091.5,0.15,36788.85,24940.73,36788.85,11848.12,No
EG-2025-1763,2025-03-10,2025-03-11,1,First Class,Mai Ezz Eldin,Corporate,Egypt,South Sinai,Nuweiha,Amr Salah,FUR-TA-894,Furniture,Tables,1,4802.65,0.0,6723.71,4851.81,6723.71,1871.9,No
EG-2025-1763,2025-03-11,2025-03-16,5,Standard Class,Tamer Hosny,Corporate,Egypt,Suez,Arbaeen,Mina Youssef,TEC-AC-886,Technology,Accessories,1,327.23,0.05,435.21,300.35,435.21,134.86,No
EG-2025-1764,2025-03-11,2025-03-14,3,Second Class,Maged El-Kedwany,Corporate,Egypt,Asyut,Fateh,Mina Youssef,TEC-CO-783,Technology,Copiers,8,4564.8,0.0,51125.76,39930.68,51125.76,11195.08,No
EG-2025-1765,2025-03-11,2025-03-17,6,Standard Class,Khaled El-Nabawy,Consumer,Egypt,Red Sea,Hurghada,Mina Youssef,OFF-ST-270,Office Supplies,Storage,4,284.61,0.1,1434.44,987.19,1434.44,447.25,No
EG-2025-1764,2025-03-12,2025-03-14,2,Second Class,Ghada Abdelrazek,Home Office,Egypt,Minya,Minya City,Amr Salah,CLO-SH-436,Clothing & Apparel,Shirts,4,378.71,0.0,2120.78,1580.54,2120.78,540.24,Yes
EG-2025-1765,2025-03-12,2025-03-17,5,Standard Class,Maged El-Kedwany,Consumer,Egypt,South Sinai,Dahab,Sara Amin,TEC-PH-603,Technology,Phones,3,1567.64,0.05,6254.89,4115.52,6254.89,2139.37,No
EG-2025-1766,2025-03-12,2025-03-18,6,Standard Class,Reem Moustafa,Consumer,Egypt,Qalyubia,Shubra El-Kheima,Ahmed Ragab,SPO-CA-825,Sports & Outdoors,Camping Gear,10,1587.49,0.1,20002.37,13471.99,20002.37,6530.38,No
EG-2025-1765,2025-03-14,2025-03-16,2,Second Class,Jamila Awad,Corporate,Egypt,Sohag,Akhmim,Mina Youssef,SPO-FI-751,Sports & Outdoors,Fitness Equipment,10,3163.19,0.05,42070.43,31763.34,42070.43,10307.09,No
EG-2025-1766,2025-03-15,2025-03-19,4,Standard Class,Hussein Fahmy,Consumer,Egypt,Qena,Abu Tesht,Ahmed Ragab,TEC-CO-406,Technology,Copiers,1,4559.76,0.0,6383.66,4536.81,6383.66,1846.85,No
EG-2025-1767,2025-03-15,2025-03-17,2,Second Class,Hussein Fahmy,Corporate,Egypt,Luxor,Luxor City,Sara Amin,CLO-SH-743,Clothing & Apparel,Shoes,10,1259.26,0.05,16748.16,13324.32,16748.16,3423.84,No
EG-2025-1767,2025-03-16,2025-03-19,3,Second Class,Ahmed Ezz,Consumer,Egypt,Cairo,New Cairo,Noha Mahmoud,HOM-AI-119,Home Appliances,Air Conditioners,6,17574.77,0.1,132865.26,105384.6,132865.26,27480.66,No
EG-2025-1768,2025-03-16,2025-03-17,1,First Class,Amr Hassan,Home Office,Egypt,South Sinai,Nuweiha,Amr Salah,SPO-CA-939,Sports & Outdoors,Camping Gear,9,1480.3,0.0,18651.78,12187.66,18651.78,6464.12,Yes
EG-2025-1769,2025-03-16,2025-03-21,5,Standard Class,Amr Diab,Corporate,Egypt,Beheira,Kom Hamada,Mina Youssef,SPO-FI-955,Sports & Outdoors,Fitness Equipment,8,3174.46,0.0,35553.95,27921.04,35553.95,7632.91,No
EG-2025-1768,2025-03-17,2025-03-23,6,Standard Class,Rania Moustafa,Corporate,Egypt,Giza,6th of October,Youssef Khaled,TEC-CO-225,Technology,Copiers,3,5182.87,0.0,21768.05,16415.21,21768.05,5352.84,No
EG-2025-1769,2025-03-17,2025-03-22,5,Standard Class,Nour El-Sherif,Consumer,Egypt,Beni Suef,Beni Suef City,Youssef Khaled,FUR-FU-684,Furniture,Furnishings,9,148.73,0.1,1686.6,1221.05,1686.6,465.55,No
EG-2025-1769,2025-03-18,2025-03-24,6,Standard Class,Hazem Emam,Corporate,Egypt,Ismailia,Fayed,Amr Salah,OFF-BI-175,Office Supplies,Binders,1,85.93,0.05,114.28,77.32,114.28,36.96,No
EG-2025-1770,2025-03-18,2025-03-24,6,Standard Class,Mona Zaki,Home Office,Egypt,Red Sea,Marsa Alam,Sara Amin,SPO-CA-247,Sports & Outdoors,Camping Gear,7,1427.33,0.0,13987.83,9421.67,13987.83,4566.16,No
EG-2025-1771,2025-03-18,2025-03-24,6,Standard Class,Mohamed Henedy,Home Office,Egypt,Qena,Nag Hammadi,Noha Mahmoud,TEC-MA-828,Technology,Machines,5,5338.88,0.05,35503.55,25785.67,35503.55,9717.88,No
EG-2025-1770,2025-03-19,2025-03-21,2,Second Class,Nour El-Sherif,Consumer,Egypt,Luxor,Esna,Amr Salah,TEC-PH-422,Technology,Phones,8,1462.91,0.0,16384.59,11686.27,16384.59,4698.32,No
EG-2025-1771,2025-03-20,2025-03-23,3,Second Class,Mai Ezz Eldin,Corporate,Egypt,Qalyubia,Banha,Karim Salah,SPO-BI-732,Sports & Outdoors,Bicycles,1,4902.54,0.1,6177.2,4440.05,6177.2,1737.15,Yes
EG-2025-1772,2025-03-20,2025-03-23,3,Second Class,Mahmoud Yassin,Home Office,Egypt,Alexandria,Miami,Ahmed Ragab,TEC-AC-274,Technology,Accessories,6,357.03,0.0,2999.05,2087.74,2999.05,911.31,No
EG-2025-1773,2025-03-20,2025-03-25,5,Standard Class,Mona Abdelrahman,Corporate,Egypt,Qalyubia,Khanka,Karim Salah,HOM-AI-382,Home Appliances,Air Conditioners,3,14590.96,0.0,61282.03,40889.46,61282.03,20392.57,No
EG-2025-1772,2025-03-21,2025-03-21,0,Same Day,Nelly Karim,Home Office,Egypt,New Valley,Farafra,Karim Salah,OFF-ST-482,Office Supplies,Storage,10,290.7,0.05,3866.31,2692.31,3866.31,1174.0,No
EG-2025-1773,2025-03-21,2025-03-25,4,Standard Class,Ahmed Mansour,Consumer,Egypt,Suez,Suez City,Youssef Khaled,OFF-BI-596,Office Supplies,Binders,8,85.5,0.0,957.6,657.6,957.6,300.0,No
EG-2025-1774,2025-03-21,2025-03-24,3,Second Class,Youssef Hussein,Home Office,Egypt,New Valley,Dakhla,Noha Mahmoud,HOM-MI-132,Home Appliances,Microwaves,6,3434.43,0.0,28849.21,20043.93,28849.21,8805.28,No
EG-2025-1773,2025-03-22,2025-03-22,0,Same Day,Nelly Karim,Consumer,Egypt,Red Sea,Gouna,Karim Salah,CLO-SH-895,Clothing & Apparel,Shirts,4,412.64,0.05,2195.24,1583.9,2195.24,611.34,No
EG-2025-1774,2025-03-22,2025-03-24,2,Second Class,Tarek Sayed,Consumer,Egypt,Monufia,Menouf,Amr Salah,FUR-BO-584,Furniture,Bookcases,7,2168.2,0.05,20185.94,14637.74,20185.94,5548.2,No
EG-2025-1774,2025-03-23,2025-03-28,5,Standard Class,Zainab Soliman,Home Office,Egypt,Gharbia,Zifta,Amr Salah,TEC-MA-127,Technology,Machines,6,5194.14,0.05,41449.24,32129.96,41449.24,9319.28,No
EG-2025-1775,2025-03-24,2025-03-30,6,Standard Class,Hussein Fahmy,Home Office,Egypt,Alexandria,Miami,Noha Mahmoud,OFF-ST-321,Office Supplies,Storage,8,270.79,0.15,2577.92,1694.91,2577.92,883.01,No
EG-2025-1776,2025-03-24,2025-03-25,1,First Class,Nour El-Din,Corporate,Egypt,Ismailia,Al Qantara,Amr Salah,FUR-TA-948,Furniture,Tables,7,4301.31,0.0,42152.84,31620.4,42152.84,10532.44,No
EG-2025-1776,2025-03-25,2025-03-28,3,Second Class,Asma Abulyazeid,Home Office,Egypt,North Sinai,Arish,Mina Youssef,TEC-CO-801,Technology,Copiers,2,4510.64,0.0,12629.79,9316.98,12629.79,3312.81,No
EG-2025-1777,2025-03-25,2025-03-25,0,Same Day,Reem Moustafa,Consumer,Egypt,Fayoum,Sinnuris,Sara Amin,OFF-PA-272,Office Supplies,Paper,6,54.33,0.0,456.37,319.72,456.37,136.65,No
EG-2025-1778,2025-03-25,2025-03-26,1,First Class,Nour El-Sherif,Consumer,Egypt,Sharqia,Zagazig,Noha Mahmoud,SPO-CA-228,Sports & Outdoors,Camping Gear,9,1631.45,0.0,20556.27,15942.59,20556.27,4613.68,No
EG-2025-1777,2025-03-26,2025-04-01,6,Standard Class,Farouk El-Fishawy,Corporate,Egypt,Dakahlia,Mansoura,Karim Salah,TEC-MA-583,Technology,Machines,7,5774.2,0.0,56587.16,43303.78,56587.16,13283.38,No
EG-2025-1778,2025-03-27,2025-03-31,4,Standard Class,Fatma Ibrahim,Consumer,Egypt,Matrouh,Siwa,Amr Salah,CLO-PA-189,Clothing & Apparel,Pants,10,621.65,0.0,8703.1,5834.19,8703.1,2868.91,No
EG-2025-1779,2025-03-27,2025-03-30,3,Second Class,Asmaa Galal,Home Office,Egypt,Fayoum,Tamiya,Noha Mahmoud,FUR-TA-531,Furniture,Tables,6,4656.19,0.0,39112.0,30249.82,39112.0,8862.18,No
EG-2025-1780,2025-03-27,2025-03-30,3,Second Class,Adel Emam,Corporate,Egypt,Beheira,Kafr El Dawar,Mina Youssef,OFF-BI-260,Office Supplies,Binders,10,74.79,0.0,1047.06,685.1,1047.06,361.96,No
EG-2025-1779,2025-03-28,2025-03-29,1,First Class,Nelly Karim,Corporate,Egypt,Minya,Mallawi,Sara Amin,TEC-PH-888,Technology,Phones,3,1509.46,0.0,6339.73,4820.0,6339.73,1519.73,No
EG-2025-1780,2025-03-28,2025-03-30,2,Second Class,Amr Hassan,Consumer,Egypt,Beni Suef,Nasser,Noha Mahmoud,OFF-AR-294,Office Supplies,Art,4,65.59,0.05,348.93,244.07,348.93,104.86,No
EG-2025-1780,2025-03-29,2025-03-31,2,Second Class,Rania Moustafa,Corporate,Egypt,Asyut,Asyut City,Ahmed Ragab,FUR-CH-940,Furniture,Chairs,8,881.41,0.0,9871.79,6867.96,9871.79,3003.83,No
EG-2025-1781,2025-03-30,2025-03-30,0,Same Day,Mahmoud Saad,Home Office,Egypt,Gharbia,Zifta,Mina Youssef,SPO-CA-861,Sports & Outdoors,Camping Gear,2,1601.37,0.0,4483.84,3183.94,4483.84,1299.9,No
EG-2025-1782,2025-03-31,2025-04-05,5,Standard Class,Eyad Nassar,Corporate,Egypt,Alexandria,Stanly,Ahmed Ragab,HOM-BL-382,Home Appliances,Blenders,1,849.07,0.0,1188.7,888.52,1188.7,300.18,No
EG-2025-1783,2025-04-01,2025-04-07,6,Standard Class,Mohamed Ramadan,Home Office,Egypt,Matrouh,Marsa Matrouh,Ahmed Ragab,TEC-PH-174,Technology,Phones,9,1511.82,0.05,18096.48,14276.15,18096.48,3820.33,No
EG-2025-1784,2025-04-01,2025-04-03,2,Second Class,Adel Emam,Corporate,Egypt,Aswan,Kom Ombo,Sara Amin,HOM-MI-313,Home Appliances,Microwaves,10,3429.84,0.15,40815.1,30702.34,40815.1,10112.76,No
EG-2025-1784,2025-04-02,2025-04-06,4,Standard Class,Amr Diab,Home Office,Egypt,Suez,Attaka,Ahmed Ragab,OFF-ST-361,Office Supplies,Storage,4,289.11,0.1,1457.12,1033.81,1457.12,423.31,No
EG-2025-1785,2025-04-03,2025-04-08,5,Standard Class,Asma Abulyazeid,Consumer,Egypt,Luxor,Armant,Amr Salah,FUR-FU-399,Furniture,Furnishings,8,162.9,0.0,1824.48,1295.79,1824.48,528.69,No
EG-2025-1786,2025-04-03,2025-04-04,1,First Class,Mayan El-Sayed,Home Office,Egypt,Qena,Nag Hammadi,Mina Youssef,TEC-MA-757,Technology,Machines,7,5848.65,0.0,57316.77,41603.96,57316.77,15712.81,No
EG-2025-1787,2025-04-03,2025-04-04,1,First Class,Mona Abdelrahman,Consumer,Egypt,Aswan,Aswan City,Sara Amin,TEC-PH-787,Technology,Phones,10,1377.43,0.0,19284.02,14775.61,19284.02,4508.41,No
EG-2025-1786,2025-04-04,2025-04-09,5,Standard Class,Youssef Hussein,Consumer,Egypt,New Valley,Kharga,Sara Amin,FUR-TA-691,Furniture,Tables,10,4641.1,0.0,64975.4,50663.04,64975.4,14312.36,No
EG-2025-1787,2025-04-05,2025-04-06,1,First Class,Sahar El-Sayegh,Home Office,Egypt,Sharqia,Zagazig,Mina Youssef,OFF-PA-529,Office Supplies,Paper,7,52.67,0.0,516.17,412.62,516.17,103.55,No
EG-2025-1788,2025-04-05,2025-04-07,2,Second Class,Mayan El-Sayed,Home Office,Egypt,Beni Suef,Nasser,Ahmed Ragab,HOM-RE-993,Home Appliances,Refrigerators,8,12093.23,0.0,135444.18,88837.32,135444.18,46606.86,No
EG-2025-1788,2025-04-06,2025-04-08,2,Second Class,Ahmed Mekky,Consumer,Egypt,Cairo,New Cairo,Amr Salah,CLO-SH-655,Clothing & Apparel,Shoes,7,1239.9,0.0,12151.02,8541.71,12151.02,3609.31,No
EG-2025-1789,2025-04-07,2025-04-08,1,First Class,Karim Mahmoud,Consumer,Egypt,Ismailia,Ismailia City,Noha Mahmoud,FUR-TA-760,Furniture,Tables,3,4617.21,0.0,19392.28,15393.06,19392.28,3999.22,No
EG-2025-1790,2025-04-07,2025-04-07,0,Same Day,Tarek Sayed,Home Office,Egypt,Beheira,Kafr El Dawar,Karim Salah,TEC-AC-238,Technology,Accessories,9,331.11,0.0,4171.99,3193.64,4171.99,978.35,No
EG-2025-1790,2025-04-08,2025-04-09,1,First Class,Sahar El-Sayegh,Home Office,Egypt,Qena,Abu Tesht,Mina Youssef,OFF-PA-810,Office Supplies,Paper,6,45.91,0.05,366.36,273.84,366.36,92.52,No
EG-2025-1791,2025-04-09,2025-04-11,2,Second Class,Reem Moustafa,Home Office,Egypt,Dakahlia,Mit Ghamr,Karim Salah,TEC-CO-239,Technology,Copiers,10,4808.63,0.05,63954.78,50047.91,63954.78,13906.87,No
EG-2025-1792,2025-04-09,2025-04-14,5,Standard Class,Ghada Abdelrazek,Consumer,Egypt,Alexandria,Miami,Mina Youssef,CLO-SH-593,Clothing & Apparel,Shirts,10,420.07,0.0,5880.98,3828.83,5880.98,2052.15,No
EG-2025-1792,2025-04-11,2025-04-13,2,Second Class,Asser Yassin,Consumer,Egypt,Alexandria,Stanly,Amr Salah,HOM-BL-262,Home Appliances,Blenders,7,875.94,0.15,7296.58,5468.78,7296.58,1827.8,Yes
EG-2025-1793,2025-04-12,2025-04-12,0,Same Day,Maged El-Kedwany,Consumer,Egypt,Ismailia,Ismailia City,Noha Mahmoud,FUR-TA-764,Furniture,Tables,8,4753.6,0.1,47916.29,31502.62,47916.29,16413.67,No
EG-2025-1794,2025-04-13,2025-04-18,5,Standard Class,Ahmed Ezz,Consumer,Egypt,Red Sea,Marsa Alam,Ahmed Ragab,TEC-CO-198,Technology,Copiers,10,4970.15,0.0,69582.1,52075.93,69582.1,17506.17,No
EG-2025-1795,2025-04-13,2025-04-17,4,Standard Class,Tamer Hosny,Consumer,Egypt,Giza,6th of October,Amr Salah,CLO-SH-861,Clothing & Apparel,Shoes,8,1285.48,0.0,14397.38,9621.55,14397.38,4775.83,No
EG-2025-1795,2025-04-14,2025-04-20,6,Standard Class,Mona Zaki,Consumer,Egypt,New Valley,Farafra,Sara Amin,TEC-PH-242,Technology,Phones,9,1367.19,0.0,17226.59,13116.81,17226.59,4109.78,No
EG-2025-1796,2025-04-14,2025-04-17,3,Second Class,Farouk El-Fishawy,Corporate,Egypt,Aswan,Edfu,Noha Mahmoud,SPO-CA-342,Sports & Outdoors,Camping Gear,3,1382.28,0.0,5805.58,4396.5,5805.58,1409.08,No
EG-2025-1796,2025-04-15,2025-04-16,1,First Class,Ahmed Mansour,Consumer,Egypt,Ismailia,Al Qantara,Amr Salah,CLO-SH-544,Clothing & Apparel,Shirts,6,438.42,0.05,3498.59,2781.41,3498.59,717.18,Yes
EG-2025-1797,2025-04-15,2025-04-21,6,Standard Class,Mohamed Ali,Home Office,Egypt,Red Sea,Gouna,Ahmed Ragab,CLO-JA-554,Clothing & Apparel,Jackets,10,1758.31,0.0,24616.34,18979.53,24616.34,5636.81,No
EG-2025-1797,2025-04-16,2025-04-19,3,Second Class,Mahmoud Yassin,Home Office,Egypt,Suez,Suez City,Amr Salah,OFF-PA-441,Office Supplies,Paper,5,47.87,0.05,318.34,213.43,318.34,104.91,No
EG-2025-1798,2025-04-16,2025-04-16,0,Same Day,Ahmed Ezz,Corporate,Egypt,Alexandria,Stanly,Youssef Khaled,OFF-BI-794,Office Supplies,Binders,4,78.54,0.0,439.82,309.29,439.82,130.53,No
EG-2025-1799,2025-04-16,2025-04-17,1,First Class,Maged El-Kedwany,Consumer,Egypt,Luxor,Esna,Noha Mahmoud,HOM-BL-523,Home Appliances,Blenders,3,736.01,0.0,3091.24,2130.02,3091.24,961.22,No
EG-2025-1798,2025-04-17,2025-04-22,5,Standard Class,Zainab Soliman,Corporate,Egypt,New Valley,Dakhla,Karim Salah,SPO-CA-981,Sports & Outdoors,Camping Gear,3,1432.56,0.0,6016.75,4130.82,6016.75,1885.93,No
EG-2025-1799,2025-04-18,2025-04-19,1,First Class,Nelly Karim,Consumer,Egypt,Monufia,Menouf,Noha Mahmoud,SPO-FI-423,Sports & Outdoors,Fitness Equipment,10,3215.44,0.0,45016.16,29795.21,45016.16,15220.95,No
EG-2025-1800,2025-04-18,2025-04-21,3,Second Class,Ahmed Helmy,Home Office,Egypt,Kafr El-Sheikh,Kafr El-Sheikh City,Ahmed Ragab,HOM-MI-962,Home Appliances,Microwaves,8,3567.77,0.05,37961.07,27563.88,37961.07,10397.19,No
EG-2025-1801,2025-04-18,2025-04-24,6,Standard Class,Fatma Ibrahim,Corporate,Egypt,Giza,6th of October,Youssef Khaled,HOM-MI-464,Home Appliances,Microwaves,10,3788.96,0.05,50393.17,35429.46,50393.17,14963.71,Yes
EG-2025-1800,2025-04-19,2025-04-20,1,First Class,Nour El-Din,Corporate,Egypt,Gharbia,Zifta,Noha Mahmoud,HOM-BL-975,Home Appliances,Blenders,3,733.35,0.0,3080.07,2311.87,3080.07,768.2,No
EG-2025-1801,2025-04-20,2025-04-20,0,Same Day,Zainab Soliman,Home Office,Egypt,Damietta,Damietta City,Noha Mahmoud,CLO-PA-817,Clothing & Apparel,Pants,10,590.95,0.0,8273.3,6102.9,8273.3,2170.4,No
EG-2025-1802,2025-04-20,2025-04-25,5,Standard Class,Sahar El-Sayegh,Corporate,Egypt,Sharqia,Belbeis,Amr Salah,HOM-MI-417,Home Appliances,Microwaves,8,3401.83,0.1,34290.45,23421.2,34290.45,10869.25,No
EG-2025-1803,2025-04-20,2025-04-25,5,Standard Class,Reem Moustafa,Consumer,Egypt,Beni Suef,Beni Suef City,Noha Mahmoud,HOM-AI-108,Home Appliances,Air Conditioners,6,14882.97,0.0,125016.95,83907.83,125016.95,41109.12,No
EG-2025-1802,2025-04-21,2025-04-24,3,Second Class,Mona Zaki,Home Office,Egypt,Alexandria,Stanly,Youssef Khaled,OFF-AR-500,Office Supplies,Art,1,57.22,0.05,76.1,55.15,76.1,20.95,No
EG-2025-1803,2025-04-22,2025-04-27,5,Standard Class,Mohamed Henedy,Consumer,Egypt,Beni Suef,Biba,Ahmed Ragab,HOM-MI-537,Home Appliances,Microwaves,4,3818.73,0.1,19246.4,12786.69,19246.4,6459.71,No
EG-2025-1804,2025-04-22,2025-04-24,2,Second Class,Tamer Hosny,Consumer,Egypt,Luxor,Armant,Ahmed Ragab,SPO-CA-276,Sports & Outdoors,Camping Gear,9,1363.25,0.0,17176.95,13009.18,17176.95,4167.77,No
EG-2025-1804,2025-04-23,2025-04-28,5,Standard Class,Jamila Awad,Corporate,Egypt,Qalyubia,Banha,Youssef Khaled,FUR-TA-799,Furniture,Tables,1,4384.64,0.0,6138.5,4256.23,6138.5,1882.27,No
EG-2025-1805,2025-04-24,2025-04-25,1,First Class,Mohamed Henedy,Consumer,Egypt,Port Said,Al Sharq,Karim Salah,HOM-MI-377,Home Appliances,Microwaves,6,3410.62,0.1,25784.29,17345.26,25784.29,8439.03,No
EG-2025-1806,2025-04-25,2025-05-01,6,Standard Class,Omar Sherif,Consumer,Egypt,Red Sea,Marsa Alam,Youssef Khaled,TEC-AC-951,Technology,Accessories,7,381.58,0.05,3552.51,2541.58,3552.51,1010.93,No
EG-2025-1807,2025-04-26,2025-04-28,2,Second Class,Mustafa Kamal,Home Office,Egypt,North Sinai,Arish,Ahmed Ragab,FUR-CH-914,Furniture,Chairs,9,895.94,0.05,10724.4,8375.04,10724.4,2349.36,No
EG-2025-1808,2025-04-26,2025-05-02,6,Standard Class,Tarek Sayed,Home Office,Egypt,Gharbia,Tanta,Noha Mahmoud,CLO-PA-963,Clothing & Apparel,Pants,7,545.31,0.05,5076.84,3317.79,5076.84,1759.05,No
EG-2025-1809,2025-04-26,2025-04-28,2,Second Class,Youssef Hussein,Corporate,Egypt,Alexandria,Stanly,Amr Salah,TEC-CO-519,Technology,Copiers,9,5287.5,0.05,63291.38,48825.07,63291.38,14466.31,No
EG-2025-1808,2025-04-27,2025-04-30,3,Second Class,Mahmoud Saad,Corporate,Egypt,Red Sea,Gouna,Sara Amin,TEC-MA-485,Technology,Machines,8,5617.94,0.05,59774.88,40983.63,59774.88,18791.25,No
EG-2025-1809,2025-04-27,2025-04-27,0,Same Day,Mohamed Ramadan,Corporate,Egypt,Gharbia,Tanta,Ahmed Ragab,HOM-BL-766,Home Appliances,Blenders,8,843.15,0.0,9443.28,6644.42,9443.28,2798.86,No
EG-2025-1809,2025-04-28,2025-04-30,2,Second Class,Hussein Fahmy,Home Office,Egypt,Beni Suef,Nasser,Amr Salah,CLO-SH-451,Clothing & Apparel,Shoes,3,1158.1,0.0,4864.02,3845.99,4864.02,1018.03,No
EG-2025-1810,2025-04-28,2025-04-28,0,Same Day,Eyad Nassar,Consumer,Egypt,Giza,Dokki,Ahmed Ragab,HOM-BL-658,Home Appliances,Blenders,8,875.11,0.0,9801.23,7127.17,9801.23,2674.06,No
EG-2025-1811,2025-04-28,2025-04-29,1,First Class,Ahmed Ezz,Home Office,Egypt,Sohag,Sohag City,Mina Youssef,HOM-BL-315,Home Appliances,Blenders,6,759.07,0.15,5419.76,4097.45,5419.76,1322.31,No
EG-2025-1810,2025-04-29,2025-05-02,3,Second Class,Mahmoud Yassin,Corporate,Egypt,Alexandria,Smouha,Youssef Khaled,TEC-PH-378,Technology,Phones,4,1602.45,0.15,7627.66,5099.75,7627.66,2527.91,No
EG-2025-1811,2025-04-29,2025-05-05,6,Standard Class,Mena Shalaby,Home Office,Egypt,Monufia,Sadat City,Noha Mahmoud,SPO-SP-742,Sports & Outdoors,Sportswear,2,484.84,0.0,1357.55,974.56,1357.55,382.99,No
EG-2025-1812,2025-04-29,2025-04-29,0,Same Day,Ahmed Mansour,Corporate,Egypt,Asyut,Fateh,Sara Amin,FUR-TA-322,Furniture,Tables,10,4740.89,0.0,66372.46,52992.03,66372.46,13380.43,No
EG-2025-1811,2025-04-30,2025-05-01,1,First Class,Adel Emam,Consumer,Egypt,Luxor,Esna,Youssef Khaled,HOM-RE-252,Home Appliances,Refrigerators,8,12061.25,0.0,135086.0,99053.47,135086.0,36032.53,No
EG-2025-1812,2025-04-30,2025-05-02,2,Second Class,Nelly Karim,Consumer,Egypt,Alexandria,Stanly,Sara Amin,CLO-SH-315,Clothing & Apparel,Shoes,9,1140.0,0.0,14364.0,11037.05,14364.0,3326.95,No
EG-2025-1812,2025-05-01,2025-05-05,4,Standard Class,Youssef Hussein,Home Office,Egypt,Ismailia,Al Qantara,Ahmed Ragab,OFF-BI-452,Office Supplies,Binders,3,86.2,0.0,362.04,260.07,362.04,101.97,No
EG-2025-1813,2025-05-02,2025-05-05,3,Second Class,Hazem Emam,Consumer,Egypt,Gharbia,Zifta,Sara Amin,CLO-SH-356,Clothing & Apparel,Shirts,9,416.27,0.0,5245.0,3502.21,5245.0,1742.79,No
EG-2025-1814,2025-05-02,2025-05-06,4,Standard Class,Rania Moustafa,Corporate,Egypt,Sohag,Sohag City,Noha Mahmoud,OFF-AR-500,Office Supplies,Art,8,58.95,0.0,660.24,432.13,660.24,228.11,No
EG-2025-1815,2025-05-02,2025-05-08,6,Standard Class,Mohamed Henedy,Home Office,Egypt,Sharqia,Zagazig,Karim Salah,TEC-MA-950,Technology,Machines,9,5028.14,0.0,63354.56,42808.53,63354.56,20546.03,No
EG-2025-1814,2025-05-03,2025-05-07,4,Standard Class,Wael Jassar,Consumer,Egypt,Luxor,Luxor City,Mina Youssef,HOM-AI-564,Home Appliances,Air Conditioners,5,14674.71,0.15,87314.52,61571.34,87314.52,25743.18,No
EG-2025-1815,2025-05-03,2025-05-09,6,Standard Class,Mahmoud Yassin,Home Office,Egypt,Ismailia,Fayed,Mina Youssef,OFF-ST-786,Office Supplies,Storage,1,292.7,0.0,409.78,312.49,409.78,97.29,No
EG-2025-1816,2025-05-03,2025-05-03,0,Same Day,Ahmed Mansour,Home Office,Egypt,Ismailia,Fayed,Mina Youssef,OFF-PA-364,Office Supplies,Paper,8,54.9,0.05,584.14,465.64,584.14,118.5,No
EG-2025-1815,2025-05-04,2025-05-05,1,First Class,Mohamed Ali,Corporate,Egypt,Beni Suef,Nasser,Noha Mahmoud,FUR-CH-755,Furniture,Chairs,8,928.21,0.0,10395.95,7368.7,10395.95,3027.25,No
EG-2025-1816,2025-05-04,2025-05-09,5,Standard Class,Tamer Hosny,Home Office,Egypt,Alexandria,Smouha,Mina Youssef,SPO-CA-526,Sports & Outdoors,Camping Gear,7,1646.86,0.15,13718.35,10086.95,13718.35,3631.4,No
EG-2025-1817,2025-05-04,2025-05-04,0,Same Day,Amr Diab,Corporate,Egypt,Asyut,Dairut,Karim Salah,OFF-ST-142,Office Supplies,Storage,6,280.94,0.0,2359.9,1845.49,2359.9,514.41,No
EG-2025-1816,2025-05-05,2025-05-08,3,Second Class,Mai Ezz Eldin,Corporate,Egypt,Giza,Sheikh Zayed,Amr Salah,OFF-PA-728,Office Supplies,Paper,9,46.94,0.05,561.87,431.95,561.87,129.92,No
EG-2025-1817,2025-05-06,2025-05-10,4,Standard Class,Farouk El-Fishawy,Corporate,Egypt,Aswan,Aswan City,Noha Mahmoud,FUR-CH-649,Furniture,Chairs,5,798.55,0.0,5589.85,4198.38,5589.85,1391.47,No
EG-2025-1818,2025-05-06,2025-05-06,0,Same Day,Mohamed Ramadan,Consumer,Egypt,Sharqia,Belbeis,Youssef Khaled,SPO-CA-563,Sports & Outdoors,Camping Gear,3,1469.55,0.05,5863.5,3879.14,5863.5,1984.36,No
EG-2025-1818,2025-05-07,2025-05-12,5,Standard Class,Reem Moustafa,Consumer,Egypt,Matrouh,Marsa Matrouh,Amr Salah,SPO-BI-404,Sports & Outdoors,Bicycles,2,4265.74,0.15,10152.46,6964.55,10152.46,3187.91,No
EG-2025-1819,2025-05-07,2025-05-07,0,Same Day,Mai Ezz Eldin,Home Office,Egypt,Beni Suef,Beni Suef City,Sara Amin,HOM-RE-500,Home Appliances,Refrigerators,8,11694.13,0.15,111328.12,87321.27,111328.12,24006.85,No
EG-2025-1819,2025-05-08,2025-05-12,4,Standard Class,Hany Ramzy,Corporate,Egypt,Luxor,Esna,Sara Amin,CLO-SH-450,Clothing & Apparel,Shirts,5,378.08,0.15,2249.58,1558.43,2249.58,691.15,No
EG-2025-1820,2025-05-08,2025-05-11,3,Second Class,Mustafa Kamal,Home Office,Egypt,Kafr El-Sheikh,Kafr El-Sheikh City,Sara Amin,SPO-BI-987,Sports & Outdoors,Bicycles,10,4832.76,0.0,67658.64,44441.03,67658.64,23217.61,No
EG-2025-1821,2025-05-08,2025-05-13,5,Standard Class,Asser Yassin,Consumer,Egypt,Beheira,Kafr El Dawar,Ahmed Ragab,FUR-TA-698,Furniture,Tables,7,4756.54,0.0,46614.09,34711.25,46614.09,11902.84,No
EG-2025-1820,2025-05-09,2025-05-14,5,Standard Class,Ghada Abdelrazek,Corporate,Egypt,Asyut,Dairut,Karim Salah,FUR-TA-990,Furniture,Tables,1,4648.12,0.0,6507.37,4631.12,6507.37,1876.25,No
EG-2025-1821,2025-05-10,2025-05-14,4,Standard Class,Dina El-Sherbiny,Home Office,Egypt,Minya,Minya City,Noha Mahmoud,OFF-PA-738,Office Supplies,Paper,9,53.44,0.0,673.34,476.56,673.34,196.78,No
EG-2025-1822,2025-05-10,2025-05-12,2,Second Class,Mona Zaki,Corporate,Egypt,Ismailia,Fayed,Mina Youssef,HOM-BL-410,Home Appliances,Blenders,3,834.34,0.0,3504.23,2626.1,3504.23,878.13,No
EG-2025-1823,2025-05-10,2025-05-10,0,Same Day,Ghada Abdelrazek,Consumer,Egypt,Kafr El-Sheikh,Desouk,Youssef Khaled,OFF-BI-958,Office Supplies,Binders,10,80.91,0.15,962.83,642.89,962.83,319.94,No
EG-2025-1822,2025-05-11,2025-05-14,3,Second Class,Ghada Abdelrazek,Corporate,Egypt,Sharqia,Zagazig,Karim Salah,HOM-AI-824,Home Appliances,Air Conditioners,8,15724.37,0.0,176112.94,137314.32,176112.94,38798.62,No
EG-2025-1823,2025-05-11,2025-05-13,2,Second Class,Mahmoud Yassin,Corporate,Egypt,Beheira,Kafr El Dawar,Mina Youssef,TEC-AC-310,Technology,Accessories,8,332.79,0.05,3540.89,2764.03,3540.89,776.86,No
EG-2025-1823,2025-05-12,2025-05-14,2,Second Class,Sahar El-Sayegh,Corporate,Egypt,Kafr El-Sheikh,Desouk,Ahmed Ragab,TEC-CO-889,Technology,Copiers,8,4659.57,0.0,52187.18,37504.07,52187.18,14683.11,No
EG-2025-1824,2025-05-12,2025-05-18,6,Standard Class,Amr Hassan,Home Office,Egypt,Luxor,Luxor City,Mina Youssef,TEC-CO-861,Technology,Copiers,6,5499.58,0.0,46196.47,36057.51,46196.47,10138.96,No
EG-2025-1825,2025-05-12,2025-05-13,1,First Class,Mona Zaki,Home Office,Egypt,Aswan,Edfu,Karim Salah,FUR-BO-562,Furniture,Bookcases,3,1801.41,0.0,7565.92,5933.21,7565.92,1632.71,No
EG-2025-1824,2025-05-13,2025-05-15,2,Second Class,Mona Abdelrahman,Consumer,Egypt,Matrouh,Marsa Matrouh,Karim Salah,TEC-AC-115,Technology,Accessories,8,380.98,0.05,4053.63,3066.14,4053.63,987.49,No
EG-2025-1825,2025-05-14,2025-05-19,5,Standard Class,Hend Sabry,Corporate,Egypt,Damietta,Ras El Bar,Youssef Khaled,OFF-ST-234,Office Supplies,Storage,10,252.97,0.15,3010.34,2392.91,3010.34,617.43,No
EG-2025-1826,2025-05-14,2025-05-20,6,Standard Class,Youssef Hussein,Home Office,Egypt,Sharqia,Zagazig,Noha Mahmoud,OFF-BI-372,Office Supplies,Binders,1,86.16,0.05,114.59,82.85,114.59,31.74,No
EG-2025-1827,2025-05-14,2025-05-18,4,Standard Class,Rania Moustafa,Home Office,Egypt,Giza,6th of October,Ahmed Ragab,TEC-MA-406,Technology,Machines,3,5044.01,0.0,21184.84,15929.68,21184.84,5255.16,No
EG-2025-1826,2025-05-15,2025-05-19,4,Standard Class,Mohamed Henedy,Corporate,Egypt,Fayoum,Tamiya,Amr Salah,SPO-CA-721,Sports & Outdoors,Camping Gear,2,1408.71,0.0,3944.39,2837.36,3944.39,1107.03,No
EG-2025-1827,2025-05-15,2025-05-19,4,Standard Class,Mayan El-Sayed,Consumer,Egypt,Sohag,Akhmim,Sara Amin,SPO-BI-126,Sports & Outdoors,Bicycles,6,4712.5,0.15,33647.25,25431.97,33647.25,8215.28,No
EG-2025-1827,2025-05-16,2025-05-19,3,Second Class,Mahmoud Saad,Consumer,Egypt,Cairo,Maadi,Youssef Khaled,OFF-PA-482,Office Supplies,Paper,10,46.12,0.0,645.68,434.37,645.68,211.31,No
EG-2025-1828,2025-05-17,2025-05-23,6,Standard Class,Mayan El-Sayed,Consumer,Egypt,Beni Suef,Beni Suef City,Amr Salah,CLO-JA-841,Clothing & Apparel,Jackets,4,1693.36,0.1,8534.54,6289.43,8534.54,2245.11,No
EG-2025-1829,2025-05-17,2025-05-23,6,Standard Class,Amr Diab,Consumer,Egypt,Fayoum,Tamiya,Noha Mahmoud,TEC-MA-150,Technology,Machines,2,5032.28,0.15,11976.82,7894.77,11976.82,4082.05,No
EG-2025-1830,2025-05-17,2025-05-20,3,Second Class,Karim Mahmoud,Corporate,Egypt,Gharbia,El Mahalla El Kubra,Sara Amin,OFF-ST-507,Office Supplies,Storage,9,273.18,0.0,3442.07,2705.38,3442.07,736.69,No
EG-2025-1829,2025-05-18,2025-05-24,6,Standard Class,Mahmoud Yassin,Home Office,Egypt,Qalyubia,Khanka,Amr Salah,FUR-TA-992,Furniture,Tables,3,4292.13,0.0,18026.95,13967.98,18026.95,4058.97,No
EG-2025-1830,2025-05-18,2025-05-23,5,Standard Class,Tarek Sayed,Consumer,Egypt,Qalyubia,Khanka,Ahmed Ragab,FUR-CH-215,Furniture,Chairs,10,787.26,0.0,11021.64,8212.5,11021.64,2809.14,No
EG-2025-1831,2025-05-18,2025-05-20,2,Second Class,Dina El-Sherbiny,Corporate,Egypt,Sohag,Tahta,Noha Mahmoud,HOM-MI-802,Home Appliances,Microwaves,1,3814.31,0.05,5073.03,3760.51,5073.03,1312.52,No
EG-2025-1830,2025-05-19,2025-05-20,1,First Class,Hassan El-Raddad,Home Office,Egypt,Cairo,Maadi,Sara Amin,FUR-CH-869,Furniture,Chairs,7,819.37,0.0,8029.83,6127.11,8029.83,1902.72,No
EG-2025-1831,2025-05-19,2025-05-22,3,Second Class,Mai Ezz Eldin,Home Office,Egypt,Red Sea,Marsa Alam,Sara Amin,SPO-SP-749,Sports & Outdoors,Sportswear,2,496.11,0.15,1180.74,899.23,1180.74,281.51,No
EG-2025-1832,2025-05-19,2025-05-19,0,Same Day,Mai Ezz Eldin,Consumer,Egypt,Fayoum,Sinnuris,Amr Salah,FUR-TA-527,Furniture,Tables,3,4556.23,0.0,19136.17,14254.02,19136.17,4882.15,No
EG-2025-1831,2025-05-20,2025-05-21,1,First Class,Hend Sabry,Consumer,Egypt,Red Sea,Marsa Alam,Mina Youssef,HOM-BL-961,Home Appliances,Blenders,8,774.88,0.0,8678.66,6845.01,8678.66,1833.65,No
EG-2025-1832,2025-05-20,2025-05-26,6,Standard Class,Nour El-Din,Consumer,Egypt,Aswan,Edfu,Youssef Khaled,FUR-BO-553,Furniture,Bookcases,1,2011.47,0.0,2816.06,1973.25,2816.06,842.81,No
EG-2025-1832,2025-05-21,2025-05-23,2,Second Class,Ahmed Helmy,Consumer,Egypt,Aswan,Aswan City,Amr Salah,CLO-SH-730,Clothing & Apparel,Shirts,3,405.01,0.05,1615.99,1280.12,1615.99,335.87,No
EG-2025-1833,2025-05-22,2025-05-28,6,Standard Class,Mona Zaki,Home Office,Egypt,New Valley,Kharga,Youssef Khaled,OFF-ST-370,Office Supplies,Storage,10,257.76,0.0,3608.64,2548.12,3608.64,1060.52,No
EG-2025-1834,2025-05-22,2025-05-27,5,Standard Class,Asmaa Galal,Home Office,Egypt,Kafr El-Sheikh,Desouk,Youssef Khaled,FUR-BO-116,Furniture,Bookcases,8,1969.84,0.0,22062.21,16317.47,22062.21,5744.74,No
EG-2025-1834,2025-05-23,2025-05-25,2,Second Class,Reem Moustafa,Home Office,Egypt,Asyut,Asyut City,Mina Youssef,FUR-BO-960,Furniture,Bookcases,7,2007.5,0.05,18689.82,13447.73,18689.82,5242.09,No
EG-2025-1835,2025-05-23,2025-05-28,5,Standard Class,Dina El-Sherbiny,Corporate,Egypt,Cairo,Nasr City,Noha Mahmoud,OFF-BI-517,Office Supplies,Binders,2,81.36,0.05,216.42,158.85,216.42,57.57,No
EG-2025-1836,2025-05-23,2025-05-28,5,Standard Class,Tara Emad,Home Office,Egypt,Ismailia,Al Qantara,Karim Salah,SPO-BI-765,Sports & Outdoors,Bicycles,1,4641.63,0.0,6498.28,4390.53,6498.28,2107.75,No
EG-2025-1835,2025-05-24,2025-05-28,4,Standard Class,Sahar El-Sayegh,Consumer,Egypt,Sohag,Sohag City,Noha Mahmoud,FUR-FU-562,Furniture,Furnishings,10,136.36,0.0,1909.04,1339.59,1909.04,569.45,No
EG-2025-1836,2025-05-24,2025-05-25,1,First Class,Nour El-Din,Home Office,Egypt,Cairo,Maadi,Youssef Khaled,FUR-BO-517,Furniture,Bookcases,10,2144.54,0.0,30023.56,20309.98,30023.56,9713.58,Yes
EG-2025-1836,2025-05-25,2025-05-27,2,Second Class,Amina Khalil,Home Office,Egypt,Sharqia,Belbeis,Youssef Khaled,CLO-SH-350,Clothing & Apparel,Shirts,4,364.24,0.0,2039.74,1567.62,2039.74,472.12,No
EG-2025-1837,2025-05-25,2025-05-31,6,Standard Class,Tamer Hosny,Corporate,Egypt,Monufia,Shibin El Kom,Amr Salah,CLO-SH-855,Clothing & Apparel,Shoes,2,1094.23,0.0,3063.84,2169.77,3063.84,894.07,No
EG-2025-1837,2025-05-26,2025-05-30,4,Standard Class,Tamer Hosny,Consumer,Egypt,Alexandria,Stanly,Mina Youssef,FUR-TA-539,Furniture,Tables,2,4727.96,0.05,12576.38,8852.26,12576.38,3724.12,No
EG-2025-1838,2025-05-26,2025-05-27,1,First Class,Tarek Sayed,Consumer,Egypt,Qalyubia,Shubra El-Kheima,Mina Youssef,OFF-ST-344,Office Supplies,Storage,2,260.69,0.0,729.93,533.13,729.93,196.8,No
EG-2025-1838,2025-05-27,2025-06-02,6,Standard Class,Aya Mahmoud,Home Office,Egypt,Gharbia,El Mahalla El Kubra,Ahmed Ragab,HOM-AI-195,Home Appliances,Air Conditioners,9,15122.73,0.0,190546.4,141891.28,190546.4,48655.12,No
EG-2025-1839,2025-05-27,2025-05-28,1,First Class,Tamer Hosny,Consumer,Egypt,Gharbia,Zifta,Noha Mahmoud,CLO-JA-527,Clothing & Apparel,Jackets,3,1696.39,0.0,7124.84,4806.84,7124.84,2318.0,No
EG-2025-1840,2025-05-27,2025-06-01,5,Standard Class,Mayan El-Sayed,Consumer,Egypt,Dakahlia,Mit Ghamr,Sara Amin,SPO-FI-990,Sports & Outdoors,Fitness Equipment,9,3165.16,0.0,39881.02,27443.94,39881.02,12437.08,No
EG-2025-1839,2025-05-28,2025-05-31,3,Second Class,Youssef Hussein,Consumer,Egypt,Gharbia,Zifta,Noha Mahmoud,OFF-PA-825,Office Supplies,Paper,10,45.78,0.0,640.92,473.87,640.92,167.05,No
EG-2025-1840,2025-05-28,2025-05-31,3,Second Class,Youssef Hussein,Consumer,Egypt,Giza,Dokki,Mina Youssef,TEC-PH-635,Technology,Phones,10,1614.51,0.0,22603.14,15920.92,22603.14,6682.22,No
EG-2025-1840,2025-05-29,2025-06-02,4,Standard Class,Omar Sherif,Corporate,Egypt,Beni Suef,Nasser,Karim Salah,FUR-TA-436,Furniture,Tables,7,4314.72,0.0,42284.26,33196.0,42284.26,9088.26,No
EG-2025-1841,2025-05-30,2025-06-02,3,Second Class,Hany Ramzy,Consumer,Egypt,Kafr El-Sheikh,Kafr El-Sheikh City,Ahmed Ragab,CLO-JA-885,Clothing & Apparel,Jackets,9,1802.85,0.05,21580.11,14795.99,21580.11,6784.12,No
EG-2025-1842,2025-06-02,2025-06-08,6,Standard Class,Asma Abulyazeid,Corporate,Egypt,Sharqia,Belbeis,Karim Salah,HOM-MI-173,Home Appliances,Microwaves,9,3347.43,0.1,37959.86,27904.41,37959.86,10055.45,No
EG-2025-1843,2025-06-02,2025-06-07,5,Standard Class,Tara Emad,Corporate,Egypt,Cairo,New Cairo,Sara Amin,TEC-PH-433,Technology,Phones,7,1429.6,0.15,11908.57,9067.51,11908.57,2841.06,Yes
EG-2025-1843,2025-06-03,2025-06-08,5,Standard Class,Asmaa Galal,Consumer,Egypt,Port Said,Al Sharq,Youssef Khaled,FUR-FU-302,Furniture,Furnishings,1,164.9,0.0,230.86,159.84,230.86,71.02,No
EG-2025-1844,2025-06-03,2025-06-09,6,Standard Class,Dina El-Sherbiny,Consumer,Egypt,Beheira,Damanhour,Youssef Khaled,CLO-JA-409,Clothing & Apparel,Jackets,5,1919.16,0.1,12090.71,8888.7,12090.71,3202.01,No
EG-2025-1845,2025-06-03,2025-06-04,1,First Class,Karim Mahmoud,Home Office,Egypt,Beni Suef,Beni Suef City,Sara Amin,HOM-BL-123,Home Appliances,Blenders,9,770.03,0.0,9702.38,6516.93,9702.38,3185.45,No
EG-2025-1844,2025-06-04,2025-06-06,2,Second Class,Jamila Awad,Home Office,Egypt,Qena,Nag Hammadi,Noha Mahmoud,FUR-CH-296,Furniture,Chairs,9,771.21,0.0,9717.25,6837.98,9717.25,2879.27,No
EG-2025-1845,2025-06-04,2025-06-05,1,First Class,Mena Shalaby,Corporate,Egypt,Sharqia,Belbeis,Youssef Khaled,TEC-AC-582,Technology,Accessories,3,325.63,0.0,1367.65,896.85,1367.65,470.8,No
EG-2025-1846,2025-06-04,2025-06-07,3,Second Class,Fatma Ibrahim,Consumer,Egypt,Ismailia,Ismailia City,Ahmed Ragab,SPO-FI-362,Sports & Outdoors,Fitness Equipment,5,2943.35,0.0,20603.45,14294.58,20603.45,6308.87,No
EG-2025-1845,2025-06-05,2025-06-08,3,Second Class,Karim Abdelaziz,Home Office,Egypt,Cairo,Nasr City,Mina Youssef,SPO-BI-621,Sports & Outdoors,Bicycles,3,4081.4,0.0,17141.88,12739.69,17141.88,4402.19,No
EG-2025-1846,2025-06-05,2025-06-09,4,Standard Class,Youssef Hussein,Consumer,Egypt,Aswan,Edfu,Amr Salah,TEC-PH-785,Technology,Phones,8,1370.51,0.0,15349.71,11853.54,15349.71,3496.17,Yes
EG-2025-1847,2025-06-05,2025-06-10,5,Standard Class,Reem Moustafa,Corporate,Egypt,Suez,Suez City,Karim Salah,OFF-BI-925,Office Supplies,Binders,3,72.38,0.0,304.0,232.76,304.0,71.24,No
EG-2025-1846,2025-06-06,2025-06-11,5,Standard Class,Nour El-Din,Corporate,Egypt,Cairo,Nasr City,Karim Salah,CLO-SH-764,Clothing & Apparel,Shirts,4,425.29,0.05,2262.54,1663.77,2262.54,598.77,No
EG-2025-1847,2025-06-06,2025-06-09,3,Second Class,Jamila Awad,Consumer,Egypt,Giza,6th of October,Mina Youssef,TEC-MA-875,Technology,Machines,7,5231.6,0.0,51269.68,35736.44,51269.68,15533.24,No
EG-2025-1848,2025-06-06,2025-06-07,1,First Class,Asmaa Galal,Home Office,Egypt,Beni Suef,Beni Suef City,Ahmed Ragab,TEC-MA-625,Technology,Machines,4,5066.66,0.0,28373.3,18890.79,28373.3,9482.51,No
EG-2025-1847,2025-06-07,2025-06-09,2,Second Class,Mayan El-Sayed,Consumer,Egypt,Asyut,Asyut City,Ahmed Ragab,OFF-AR-430,Office Supplies,Art,9,59.08,0.15,632.75,468.34,632.75,164.41,No
EG-2025-1848,2025-06-07,2025-06-10,3,Second Class,Mena Shalaby,Home Office,Egypt,Matrouh,Alamein,Youssef Khaled,FUR-CH-370,Furniture,Chairs,6,869.26,0.0,7301.78,5487.11,7301.78,1814.67,No
EG-2025-1848,2025-06-08,2025-06-08,0,Same Day,Reem Moustafa,Corporate,Egypt,Suez,Arbaeen,Mina Youssef,CLO-PA-940,Clothing & Apparel,Pants,8,652.45,0.0,7307.44,4887.87,7307.44,2419.57,Yes
EG-2025-1849,2025-06-10,2025-06-16,6,Standard Class,Farouk El-Fishawy,Consumer,Egypt,Giza,6th of October,Ahmed Ragab,TEC-AC-938,Technology,Accessories,5,319.27,0.05,2123.15,1649.46,2123.15,473.69,No
EG-2025-1850,2025-06-11,2025-06-14,3,Second Class,Mohamed Ramadan,Home Office,Egypt,Luxor,Esna,Amr Salah,TEC-CO-121,Technology,Copiers,2,4727.74,0.0,13237.67,9314.48,13237.67,3923.19,No
EG-2025-1851,2025-06-11,2025-06-12,1,First Class,Amir Karara,Consumer,Egypt,Sohag,Tahta,Ahmed Ragab,FUR-FU-930,Furniture,Furnishings,9,135.38,0.0,1705.79,1242.26,1705.79,463.53,No
EG-2025-1852,2025-06-11,2025-06-15,4,Standard Class,Mai Ezz Eldin,Consumer,Egypt,Fayoum,Tamiya,Sara Amin,FUR-BO-687,Furniture,Bookcases,4,2080.82,0.15,9904.7,6664.71,9904.7,3239.99,No
EG-2025-1851,2025-06-12,2025-06-12,0,Same Day,Nour El-Din,Consumer,Egypt,Cairo,Maadi,Karim Salah,TEC-AC-499,Technology,Accessories,6,378.49,0.0,3179.32,2238.07,3179.32,941.25,No
EG-2025-1852,2025-06-13,2025-06-19,6,Standard Class,Tamer Hosny,Home Office,Egypt,Qena,Qena City,Amr Salah,OFF-ST-363,Office Supplies,Storage,7,290.21,0.0,2844.06,1945.07,2844.06,898.99,No
EG-2025-1853,2025-06-17,2025-06-20,3,Second Class,Ghada Abdelrazek,Corporate,Egypt,Dakahlia,Mansoura,Sara Amin,TEC-PH-317,Technology,Phones,8,1567.62,0.0,17557.34,12030.32,17557.34,5527.02,No
EG-2025-1854,2025-06-17,2025-06-20,3,Second Class,Dina El-Sherbiny,Corporate,Egypt,Beheira,Kafr El Dawar,Sara Amin,OFF-ST-609,Office Supplies,Storage,2,280.28,0.0,784.78,557.52,784.78,227.26,No
EG-2025-1854,2025-06-19,2025-06-25,6,Standard Class,Farouk El-Fishawy,Home Office,Egypt,Giza,Sheikh Zayed,Youssef Khaled,OFF-BI-156,Office Supplies,Binders,1,85.97,0.0,120.36,89.78,120.36,30.58,No
EG-2025-1855,2025-06-19,2025-06-21,2,Second Class,Mustafa Kamal,Home Office,Egypt,Ismailia,Fayed,Noha Mahmoud,HOM-BL-732,Home Appliances,Blenders,6,728.52,0.05,5813.59,4123.72,5813.59,1689.87,No
EG-2025-1856,2025-06-19,2025-06-23,4,Standard Class,Mayan El-Sayed,Home Office,Egypt,Alexandria,Miami,Mina Youssef,FUR-FU-148,Furniture,Furnishings,10,155.58,0.0,2178.12,1693.96,2178.12,484.16,No
EG-2025-1855,2025-06-20,2025-06-22,2,Second Class,Hassan El-Raddad,Home Office,Egypt,Giza,Dokki,Noha Mahmoud,FUR-FU-261,Furniture,Furnishings,5,164.93,0.1,1039.06,732.35,1039.06,306.71,No
EG-2025-1856,2025-06-20,2025-06-25,5,Standard Class,Rania Moustafa,Corporate,Egypt,Asyut,Dairut,Amr Salah,FUR-BO-523,Furniture,Bookcases,9,1904.8,0.0,24000.48,15854.62,24000.48,8145.86,No
EG-2025-1857,2025-06-20,2025-06-26,6,Standard Class,Wael Jassar,Corporate,Egypt,Alexandria,Stanly,Amr Salah,SPO-SP-688,Sports & Outdoors,Sportswear,6,466.16,0.05,3719.95,2797.43,3719.95,922.52,No
EG-2025-1856,2025-06-21,2025-06-22,1,First Class,Hany Ramzy,Corporate,Egypt,Ismailia,Fayed,Amr Salah,CLO-SH-499,Clothing & Apparel,Shoes,4,1106.99,0.1,5579.23,3686.44,5579.23,1892.79,No
EG-2025-1857,2025-06-21,2025-06-26,5,Standard Class,Fatma Ibrahim,Home Office,Egypt,Alexandria,Stanly,Ahmed Ragab,CLO-PA-433,Clothing & Apparel,Pants,6,655.17,0.0,5503.43,3902.13,5503.43,1601.3,No
EG-2025-1857,2025-06-22,2025-06-22,0,Same Day,Mohamed Ramadan,Home Office,Egypt,Kafr El-Sheikh,Kafr El-Sheikh City,Noha Mahmoud,HOM-AI-909,Home Appliances,Air Conditioners,9,17351.93,0.05,207702.6,154187.61,207702.6,53514.99,No
EG-2025-1858,2025-06-22,2025-06-25,3,Second Class,Amr Diab,Consumer,Egypt,South Sinai,Nuweiha,Mina Youssef,OFF-PA-964,Office Supplies,Paper,1,50.4,0.0,70.56,50.94,70.56,19.62,No
EG-2025-1858,2025-06-23,2025-06-25,2,Second Class,Mahmoud Saad,Home Office,Egypt,South Sinai,Dahab,Mina Youssef,CLO-PA-508,Clothing & Apparel,Pants,4,554.86,0.05,2951.86,2080.26,2951.86,871.6,No
EG-2025-1859,2025-06-24,2025-06-24,0,Same Day,Karim Abdelaziz,Corporate,Egypt,Suez,Attaka,Karim Salah,FUR-BO-378,Furniture,Bookcases,5,1818.4,0.1,11455.92,7666.98,11455.92,3788.94,No
EG-2025-1860,2025-06-24,2025-06-26,2,Second Class,Amr Hassan,Consumer,Egypt,Giza,6th of October,Noha Mahmoud,FUR-TA-233,Furniture,Tables,8,4566.86,0.0,51148.83,37647.83,51148.83,13501.0,No
EG-2025-1861,2025-06-24,2025-06-27,3,Second Class,Karim Mahmoud,Corporate,Egypt,Sharqia,Belbeis,Ahmed Ragab,CLO-PA-229,Clothing & Apparel,Pants,6,548.98,0.0,4611.43,3551.67,4611.43,1059.76,No
EG-2025-1860,2025-06-25,2025-06-30,5,Standard Class,Jamila Awad,Consumer,Egypt,Asyut,Dairut,Sara Amin,CLO-JA-237,Clothing & Apparel,Jackets,10,1666.01,0.0,23324.14,15934.06,23324.14,7390.08,No
EG-2025-1861,2025-06-26,2025-06-27,1,First Class,Eyad Nassar,Home Office,Egypt,Asyut,Dairut,Sara Amin,FUR-FU-879,Furniture,Furnishings,8,144.57,0.0,1619.18,1097.69,1619.18,521.49,No
EG-2025-1862,2025-06-27,2025-07-01,4,Standard Class,Mahmoud Yassin,Consumer,Egypt,Damietta,New Damietta,Mina Youssef,FUR-TA-183,Furniture,Tables,7,4237.27,0.05,39448.99,26892.99,39448.99,12556.0,No
EG-2025-1863,2025-06-28,2025-06-29,1,First Class,Amr Hassan,Consumer,Egypt,Giza,6th of October,Amr Salah,FUR-BO-232,Furniture,Bookcases,5,2104.83,0.0,14733.81,10601.51,14733.81,4132.3,No
EG-2025-1864,2025-06-28,2025-06-29,1,First Class,Mena Shalaby,Home Office,Egypt,New Valley,Kharga,Karim Salah,SPO-CA-867,Sports & Outdoors,Camping Gear,3,1409.86,0.0,5921.41,4146.15,5921.41,1775.26,No
EG-2025-1864,2025-06-29,2025-06-30,1,First Class,Tamer Hosny,Corporate,Egypt,Qena,Abu Tesht,Sara Amin,FUR-BO-244,Furniture,Bookcases,1,2119.85,0.1,2671.01,2029.89,2671.01,641.12,No
EG-2025-1865,2025-06-29,2025-06-30,1,First Class,Khaled El-Nabawy,Corporate,Egypt,Minya,Mallawi,Sara Amin,FUR-TA-946,Furniture,Tables,3,4372.58,0.0,18364.84,14016.2,18364.84,4348.64,Yes
EG-2025-1866,2025-06-29,2025-07-02,3,Second Class,Jamila Awad,Consumer,Egypt,Matrouh,Siwa,Sara Amin,OFF-AR-990,Office Supplies,Art,8,64.34,0.05,684.58,446.94,684.58,237.64,No
EG-2025-1865,2025-06-30,2025-07-01,1,First Class,Nour El-Sherif,Consumer,Egypt,Sharqia,Belbeis,Youssef Khaled,CLO-SH-429,Clothing & Apparel,Shirts,7,424.88,0.0,4163.82,3170.23,4163.82,993.59,Yes
EG-2025-1866,2025-07-01,2025-07-02,1,First Class,Ghada Abdelrazek,Home Office,Egypt,North Sinai,Rafah,Amr Salah,SPO-SP-792,Sports & Outdoors,Sportswear,10,518.12,0.0,7253.68,5658.37,7253.68,1595.31,No
EG-2025-1867,2025-07-01,2025-07-03,2,Second Class,Maged El-Kedwany,Corporate,Egypt,Luxor,Esna,Noha Mahmoud,HOM-AI-800,Home Appliances,Air Conditioners,4,17577.92,0.05,93514.53,69147.06,93514.53,24367.47,Yes
EG-2025-1868,2025-07-01,2025-07-04,3,Second Class,Hend Sabry,Consumer,Egypt,Qena,Nag Hammadi,Amr Salah,TEC-PH-773,Technology,Phones,3,1566.03,0.0,6577.33,4345.71,6577.33,2231.62,No
EG-2025-1867,2025-07-02,2025-07-04,2,Second Class,Karim Mahmoud,Corporate,Egypt,Beni Suef,Nasser,Noha Mahmoud,TEC-AC-319,Technology,Accessories,1,330.81,0.0,463.13,344.17,463.13,118.96,No
EG-2025-1868,2025-07-02,2025-07-07,5,Standard Class,Nour El-Sherif,Home Office,Egypt,Alexandria,Miami,Youssef Khaled,SPO-BI-175,Sports & Outdoors,Bicycles,6,4419.13,0.15,31552.59,24331.59,31552.59,7221.0,No
EG-2025-1868,2025-07-03,2025-07-04,1,First Class,Ahmed Mekky,Corporate,Egypt,Luxor,Luxor City,Ahmed Ragab,CLO-SH-942,Clothing & Apparel,Shirts,9,415.47,0.0,5234.92,4054.31,5234.92,1180.61,No
EG-2025-1869,2025-07-03,2025-07-09,6,Standard Class,Mena Shalaby,Consumer,Egypt,Dakahlia,Mit Ghamr,Mina Youssef,FUR-FU-602,Furniture,Furnishings,3,154.83,0.0,650.29,492.12,650.29,158.17,No
EG-2025-1869,2025-07-04,2025-07-09,5,Standard Class,Mona Abdelrahman,Corporate,Egypt,New Valley,Dakhla,Noha Mahmoud,FUR-CH-466,Furniture,Chairs,5,882.63,0.15,5251.65,3836.13,5251.65,1415.52,No
EG-2025-1870,2025-07-05,2025-07-07,2,Second Class,Khaled El-Nabawy,Home Office,Egypt,Port Said,Al Sharq,Noha Mahmoud,SPO-SP-104,Sports & Outdoors,Sportswear,5,525.32,0.0,3677.24,2913.29,3677.24,763.95,No
EG-2025-1871,2025-07-05,2025-07-07,2,Second Class,Ahmed Mekky,Consumer,Egypt,Beni Suef,Nasser,Karim Salah,TEC-PH-950,Technology,Phones,7,1595.77,0.15,13292.77,9506.71,13292.77,3786.06,No
EG-2025-1871,2025-07-06,2025-07-06,0,Same Day,Asmaa Galal,Home Office,Egypt,Port Said,Port Fouad,Ahmed Ragab,FUR-TA-159,Furniture,Tables,9,4383.48,0.0,55231.85,43839.75,55231.85,11392.1,No
EG-2025-1872,2025-07-07,2025-07-12,5,Standard Class,Rania Moustafa,Home Office,Egypt,Red Sea,Marsa Alam,Noha Mahmoud,TEC-AC-645,Technology,Accessories,8,379.74,0.0,4253.09,3240.95,4253.09,1012.14,No
EG-2025-1873,2025-07-08,2025-07-10,2,Second Class,Tamer Hosny,Consumer,Egypt,Giza,Dokki,Amr Salah,SPO-SP-238,Sports & Outdoors,Sportswear,4,474.4,0.0,2656.64,1910.38,2656.64,746.26,No
EG-2025-1874,2025-07-08,2025-07-11,3,Second Class,Tarek Sayed,Corporate,Egypt,Damietta,New Damietta,Karim Salah,OFF-ST-948,Office Supplies,Storage,9,286.01,0.15,3063.17,2071.57,3063.17,991.6,No
EG-2025-1874,2025-07-09,2025-07-11,2,Second Class,Zainab Soliman,Corporate,Egypt,Fayoum,Sinnuris,Mina Youssef,HOM-RE-564,Home Appliances,Refrigerators,2,12270.13,0.0,34356.36,27145.52,34356.36,7210.84,No
EG-2025-1875,2025-07-09,2025-07-10,1,First Class,Karim Mahmoud,Home Office,Egypt,Alexandria,Stanly,Karim Salah,TEC-CO-252,Technology,Copiers,4,4975.14,0.15,23681.66,15438.57,23681.66,8243.09,No
EG-2025-1875,2025-07-11,2025-07-17,6,Standard Class,Amr Diab,Home Office,Egypt,Monufia,Menouf,Ahmed Ragab,TEC-CO-542,Technology,Copiers,2,5402.46,0.0,15126.89,11795.09,15126.89,3331.8,No
EG-2025-1876,2025-07-12,2025-07-14,2,Second Class,Hend Sabry,Corporate,Egypt,South Sinai,Dahab,Sara Amin,FUR-BO-966,Furniture,Bookcases,7,1800.24,0.0,17642.35,13786.45,17642.35,3855.9,No
EG-2025-1877,2025-07-12,2025-07-12,0,Same Day,Ahmed Mekky,Home Office,Egypt,Matrouh,Marsa Matrouh,Youssef Khaled,HOM-AI-788,Home Appliances,Air Conditioners,6,16097.69,0.05,128459.57,92157.81,128459.57,36301.76,No
EG-2025-1878,2025-07-12,2025-07-18,6,Standard Class,Yasmine Sabri,Corporate,Egypt,Red Sea,Hurghada,Mina Youssef,SPO-BI-272,Sports & Outdoors,Bicycles,1,4271.16,0.05,5680.64,4362.12,5680.64,1318.52,No
EG-2025-1877,2025-07-13,2025-07-15,2,Second Class,Ghada Abdelrazek,Home Office,Egypt,Suez,Arbaeen,Sara Amin,TEC-MA-883,Technology,Machines,9,5135.12,0.0,64702.51,47604.51,64702.51,17098.0,No
EG-2025-1878,2025-07-14,2025-07-15,1,First Class,Fatma Ibrahim,Corporate,Egypt,Fayoum,Tamiya,Noha Mahmoud,HOM-BL-172,Home Appliances,Blenders,4,793.05,0.0,4441.08,3377.11,4441.08,1063.97,No
EG-2025-1879,2025-07-14,2025-07-15,1,First Class,Karim Mahmoud,Home Office,Egypt,Monufia,Menouf,Noha Mahmoud,OFF-PA-387,Office Supplies,Paper,6,50.23,0.15,358.64,236.35,358.64,122.29,Yes
EG-2025-1880,2025-07-14,2025-07-18,4,Standard Class,Asser Yassin,Home Office,Egypt,Ismailia,Fayed,Karim Salah,OFF-AR-772,Office Supplies,Art,3,62.26,0.0,261.49,179.11,261.49,82.38,No
EG-2025-1879,2025-07-15,2025-07-20,5,Standard Class,Mona Zaki,Corporate,Egypt,Giza,Sheikh Zayed,Sara Amin,CLO-SH-122,Clothing & Apparel,Shirts,10,372.67,0.0,5217.38,3947.34,5217.38,1270.04,No
EG-2025-1880,2025-07-16,2025-07-20,4,Standard Class,Ahmed Mansour,Corporate,Egypt,Ismailia,Fayed,Mina Youssef,TEC-PH-320,Technology,Phones,9,1477.03,0.1,16749.52,11923.73,16749.52,4825.79,No
EG-2025-1881,2025-07-16,2025-07-22,6,Standard Class,Eyad Nassar,Consumer,Egypt,Gharbia,Zifta,Ahmed Ragab,HOM-BL-210,Home Appliances,Blenders,8,848.95,0.1,8557.42,6725.37,8557.42,1832.05,No
EG-2025-1881,2025-07-18,2025-07-20,2,Second Class,Ahmed Ezz,Corporate,Egypt,Ismailia,Ismailia City,Mina Youssef,TEC-PH-234,Technology,Phones,8,1432.29,0.0,16041.65,12513.17,16041.65,3528.48,No
EG-2025-1882,2025-07-19,2025-07-20,1,First Class,Rania Moustafa,Corporate,Egypt,Dakahlia,Talkha,Amr Salah,TEC-CO-401,Technology,Copiers,7,4747.83,0.0,46528.73,31737.54,46528.73,14791.19,No
EG-2025-1883,2025-07-19,2025-07-20,1,First Class,Mai Ezz Eldin,Corporate,Egypt,Red Sea,Hurghada,Mina Youssef,SPO-BI-259,Sports & Outdoors,Bicycles,5,4839.88,0.05,32185.2,20960.05,32185.2,11225.15,No
EG-2025-1883,2025-07-20,2025-07-21,1,First Class,Hazem Emam,Home Office,Egypt,Fayoum,Sinnuris,Youssef Khaled,CLO-JA-506,Clothing & Apparel,Jackets,5,1787.44,0.1,11260.87,8585.51,11260.87,2675.36,No
EG-2025-1884,2025-07-20,2025-07-23,3,Second Class,Mohamed Ali,Corporate,Egypt,Ismailia,Fayed,Ahmed Ragab,CLO-SH-612,Clothing & Apparel,Shoes,1,1118.41,0.0,1565.77,1052.32,1565.77,513.45,No
EG-2025-1884,2025-07-21,2025-07-26,5,Standard Class,Mahmoud Saad,Corporate,Egypt,Cairo,New Cairo,Youssef Khaled,OFF-AR-148,Office Supplies,Art,3,62.09,0.05,247.74,186.45,247.74,61.29,No
EG-2025-1885,2025-07-21,2025-07-25,4,Standard Class,Amina Khalil,Corporate,Egypt,South Sinai,Nuweiha,Mina Youssef,CLO-SH-708,Clothing & Apparel,Shirts,3,375.48,0.0,1577.02,1037.84,1577.02,539.18,No
EG-2025-1885,2025-07-22,2025-07-24,2,Second Class,Huda El-Mufti,Consumer,Egypt,Red Sea,Gouna,Mina Youssef,SPO-SP-774,Sports & Outdoors,Sportswear,5,476.13,0.0,3332.91,2410.69,3332.91,922.22,No
EG-2025-1886,2025-07-22,2025-07-28,6,Standard Class,Zainab Soliman,Consumer,Egypt,New Valley,Kharga,Noha Mahmoud,SPO-CA-543,Sports & Outdoors,Camping Gear,6,1430.77,0.0,12018.47,8545.07,12018.47,3473.4,No
EG-2025-1887,2025-07-22,2025-07-27,5,Standard Class,Mahmoud Saad,Corporate,Egypt,North Sinai,Sheikh Zuweid,Ahmed Ragab,OFF-ST-154,Office Supplies,Storage,9,279.57,0.05,3346.45,2577.06,3346.45,769.39,No
EG-2025-1886,2025-07-23,2025-07-26,3,Second Class,Amina Khalil,Consumer,Egypt,Luxor,Luxor City,Karim Salah,FUR-TA-685,Furniture,Tables,3,4121.64,0.0,17310.89,12446.88,17310.89,4864.01,No
EG-2025-1887,2025-07-24,2025-07-26,2,Second Class,Tarek Sayed,Home Office,Egypt,Damietta,Ras El Bar,Sara Amin,OFF-BI-993,Office Supplies,Binders,10,74.53,0.1,939.08,671.16,939.08,267.92,No
EG-2025-1888,2025-07-24,2025-07-30,6,Standard Class,Hussein Fahmy,Home Office,Egypt,Port Said,Al Arab,Amr Salah,SPO-BI-314,Sports & Outdoors,Bicycles,6,4364.87,0.0,36664.91,24469.8,36664.91,12195.11,No
EG-2025-1888,2025-07-25,2025-07-29,4,Standard Class,Karim Mahmoud,Home Office,Egypt,Gharbia,El Mahalla El Kubra,Noha Mahmoud,CLO-PA-522,Clothing & Apparel,Pants,7,606.65,0.0,5945.17,4085.83,5945.17,1859.34,No
EG-2025-1889,2025-07-26,2025-07-30,4,Standard Class,Asmaa Galal,Corporate,Egypt,Luxor,Armant,Youssef Khaled,OFF-ST-193,Office Supplies,Storage,3,294.57,0.05,1175.33,821.51,1175.33,353.82,No
EG-2025-1890,2025-07-27,2025-08-02,6,Standard Class,Karim Abdelaziz,Corporate,Egypt,Gharbia,Tanta,Karim Salah,OFF-BI-403,Office Supplies,Binders,9,78.81,0.1,893.71,597.1,893.71,296.61,No
EG-2025-1891,2025-07-27,2025-08-01,5,Standard Class,Mona Zaki,Consumer,Egypt,Cairo,Maadi,Sara Amin,FUR-BO-207,Furniture,Bookcases,8,2105.4,0.0,23580.48,15678.86,23580.48,7901.62,No
EG-2025-1891,2025-07-28,2025-08-01,4,Standard Class,Dina El-Sherbiny,Home Office,Egypt,Suez,Suez City,Youssef Khaled,TEC-PH-702,Technology,Phones,6,1513.31,0.0,12711.8,8635.31,12711.8,4076.49,No
EG-2025-1892,2025-07-28,2025-08-03,6,Standard Class,Hassan El-Raddad,Consumer,Egypt,Sohag,Sohag City,Sara Amin,HOM-BL-766,Home Appliances,Blenders,2,740.42,0.1,1865.86,1273.13,1865.86,592.73,No
EG-2025-1892,2025-07-29,2025-08-03,5,Standard Class,Mustafa Kamal,Corporate,Egypt,Ismailia,Ismailia City,Mina Youssef,FUR-FU-902,Furniture,Furnishings,8,159.42,0.0,1785.5,1348.75,1785.5,436.75,No
EG-2025-1893,2025-07-29,2025-08-02,4,Standard Class,Tamer Hosny,Home Office,Egypt,Fayoum,Fayoum City,Noha Mahmoud,HOM-MI-451,Home Appliances,Microwaves,6,3585.1,0.0,30114.84,21552.81,30114.84,8562.03,No
EG-2025-1893,2025-07-30,2025-08-01,2,Second Class,Asma Abulyazeid,Corporate,Egypt,Kafr El-Sheikh,Kafr El-Sheikh City,Noha Mahmoud,FUR-TA-848,Furniture,Tables,1,4709.88,0.0,6593.83,4569.39,6593.83,2024.44,No
EG-2025-1894,2025-07-30,2025-08-05,6,Standard Class,Yasmine Sabri,Corporate,Egypt,Port Said,Port Fouad,Noha Mahmoud,CLO-PA-842,Clothing & Apparel,Pants,2,635.91,0.0,1780.55,1207.06,1780.55,573.49,No
EG-2025-1895,2025-07-30,2025-07-31,1,First Class,Mohamed Ali,Corporate,Egypt,Red Sea,Gouna,Sara Amin,CLO-SH-215,Clothing & Apparel,Shirts,9,383.28,0.0,4829.33,3520.35,4829.33,1308.98,No
EG-2025-1894,2025-07-31,2025-08-05,5,Standard Class,Nelly Karim,Corporate,Egypt,Matrouh,Marsa Matrouh,Noha Mahmoud,TEC-CO-331,Technology,Copiers,9,4966.99,0.1,56325.66,44913.12,56325.66,11412.54,No
EG-2025-1895,2025-07-31,2025-08-03,3,Second Class,Hazem Emam,Consumer,Egypt,Aswan,Kom Ombo,Ahmed Ragab,TEC-AC-665,Technology,Accessories,9,318.07,0.0,4007.68,2751.0,4007.68,1256.68,No
EG-2025-1896,2025-07-31,2025-08-03,3,Second Class,Karim Mahmoud,Home Office,Egypt,North Sinai,Sheikh Zuweid,Noha Mahmoud,TEC-CO-840,Technology,Copiers,6,4672.42,0.0,39248.33,25905.62,39248.33,13342.71,No
EG-2025-1895,2025-08-01,2025-08-01,0,Same Day,Tamer Hosny,Corporate,Egypt,Port Said,Port Fouad,Sara Amin,OFF-PA-487,Office Supplies,Paper,7,51.78,0.0,507.44,392.57,507.44,114.87,No
EG-2025-1896,2025-08-01,2025-08-04,3,Second Class,Mayan El-Sayed,Home Office,Egypt,Gharbia,El Mahalla El Kubra,Noha Mahmoud,HOM-AI-560,Home Appliances,Air Conditioners,1,16783.37,0.0,23496.72,16690.9,23496.72,6805.82,No
EG-2025-1897,2025-08-01,2025-08-04,3,Second Class,Mohamed Ramadan,Consumer,Egypt,Giza,Sheikh Zayed,Noha Mahmoud,OFF-AR-543,Office Supplies,Art,1,56.19,0.05,74.74,52.6,74.74,22.14,Yes
EG-2025-1896,2025-08-02,2025-08-08,6,Standard Class,Amr Hassan,Home Office,Egypt,Ismailia,Ismailia City,Mina Youssef,SPO-BI-587,Sports & Outdoors,Bicycles,9,4402.73,0.0,55474.4,39600.94,55474.4,15873.46,No
EG-2025-1897,2025-08-03,2025-08-04,1,First Class,Ahmed Helmy,Consumer,Egypt,Monufia,Menouf,Amr Salah,OFF-AR-930,Office Supplies,Art,9,59.65,0.05,714.01,544.55,714.01,169.46,No
EG-2025-1898,2025-08-03,2025-08-08,5,Standard Class,Asmaa Galal,Home Office,Egypt,Beheira,Damanhour,Noha Mahmoud,FUR-CH-272,Furniture,Chairs,9,793.11,0.0,9993.19,7541.26,9993.19,2451.93,No
EG-2025-1899,2025-08-03,2025-08-07,4,Standard Class,Mohamed Henedy,Consumer,Egypt,Gharbia,Tanta,Sara Amin,CLO-JA-369,Clothing & Apparel,Jackets,6,1874.82,0.15,13386.22,9278.68,13386.22,4107.54,No
EG-2025-1898,2025-08-04,2025-08-09,5,Standard Class,Mustafa Kamal,Home Office,Egypt,Luxor,Armant,Mina Youssef,CLO-SH-345,Clothing & Apparel,Shirts,2,395.48,0.15,941.24,617.79,941.24,323.45,No
EG-2025-1899,2025-08-04,2025-08-08,4,Standard Class,Hazem Emam,Home Office,Egypt,Beni Suef,Beni Suef City,Ahmed Ragab,TEC-MA-797,Technology,Machines,7,5561.26,0.0,54500.35,42909.22,54500.35,11591.13,No
EG-2025-1900,2025-08-04,2025-08-04,0,Same Day,Ahmed Mekky,Corporate,Egypt,South Sinai,Dahab,Mina Youssef,SPO-FI-419,Sports & Outdoors,Fitness Equipment,1,2959.43,0.05,3936.04,3013.36,3936.04,922.68,No
EG-2025-1899,2025-08-05,2025-08-06,1,First Class,Karim Mahmoud,Corporate,Egypt,Port Said,Al Arab,Karim Salah,HOM-MI-578,Home Appliances,Microwaves,4,3546.31,0.05,18866.37,12536.22,18866.37,6330.15,No
EG-2025-1900,2025-08-05,2025-08-08,3,Second Class,Amr Diab,Consumer,Egypt,Monufia,Shibin El Kom,Youssef Khaled,CLO-PA-703,Clothing & Apparel,Pants,10,556.85,0.0,7795.9,5473.97,7795.9,2321.93,No
EG-2025-1901,2025-08-05,2025-08-11,6,Standard Class,Aya Mahmoud,Home Office,Egypt,Sharqia,10th of Ramadan,Ahmed Ragab,OFF-ST-258,Office Supplies,Storage,3,297.51,0.05,1187.06,936.91,1187.06,250.15,No
EG-2025-1900,2025-08-06,2025-08-12,6,Standard Class,Huda El-Mufti,Corporate,Egypt,South Sinai,Nuweiha,Sara Amin,FUR-BO-837,Furniture,Bookcases,4,1956.54,0.0,10956.62,8753.21,10956.62,2203.41,No
EG-2025-1901,2025-08-07,2025-08-07,0,Same Day,Hazem Emam,Corporate,Egypt,Suez,Attaka,Karim Salah,CLO-JA-131,Clothing & Apparel,Jackets,1,1629.28,0.0,2280.99,1685.54,2280.99,595.45,No
EG-2025-1902,2025-08-07,2025-08-08,1,First Class,Hussein Fahmy,Home Office,Egypt,Minya,Minya City,Ahmed Ragab,FUR-TA-278,Furniture,Tables,5,4621.37,0.0,32349.59,25087.06,32349.59,7262.53,No
EG-2025-1902,2025-08-08,2025-08-14,6,Standard Class,Sherif Anwar,Consumer,Egypt,Damietta,Damietta City,Sara Amin,CLO-SH-672,Clothing & Apparel,Shirts,7,427.81,0.05,3982.91,2803.13,3982.91,1179.78,Yes
EG-2025-1903,2025-08-09,2025-08-10,1,First Class,Amr Hassan,Corporate,Egypt,Luxor,Armant,Karim Salah,FUR-TA-521,Furniture,Tables,9,4211.9,0.0,53069.94,35622.94,53069.94,17447.0,No
EG-2025-1904,2025-08-09,2025-08-13,4,Standard Class,Mohamed Ali,Corporate,Egypt,Fayoum,Tamiya,Noha Mahmoud,TEC-PH-894,Technology,Phones,10,1432.55,0.05,19052.92,14592.53,19052.92,4460.39,No
EG-2025-1905,2025-08-09,2025-08-13,4,Standard Class,Youssef Hussein,Corporate,Egypt,Gharbia,El Mahalla El Kubra,Ahmed Ragab,SPO-CA-673,Sports & Outdoors,Camping Gear,9,1525.57,0.0,19222.18,13108.48,19222.18,6113.7,No
EG-2025-1904,2025-08-10,2025-08-11,1,First Class,Hany Ramzy,Home Office,Egypt,Minya,Samalut,Ahmed Ragab,HOM-AI-240,Home Appliances,Air Conditioners,4,17108.42,0.05,91016.79,60294.84,91016.79,30721.95,No
EG-2025-1905,2025-08-10,2025-08-10,0,Same Day,Fatma Ibrahim,Home Office,Egypt,Alexandria,Smouha,Youssef Khaled,FUR-CH-370,Furniture,Chairs,7,781.9,0.0,7662.62,5503.56,7662.62,2159.06,No
EG-2025-1905,2025-08-11,2025-08-13,2,Second Class,Khaled El-Nabawy,Home Office,Egypt,Ismailia,Al Qantara,Amr Salah,FUR-FU-831,Furniture,Furnishings,5,146.46,0.0,1025.22,778.3,1025.22,246.92,No
EG-2025-1906,2025-08-11,2025-08-15,4,Standard Class,Aya Mahmoud,Corporate,Egypt,Qena,Nag Hammadi,Mina Youssef,HOM-MI-560,Home Appliances,Microwaves,9,3157.75,0.05,37798.27,28625.28,37798.27,9172.99,No
EG-2025-1906,2025-08-12,2025-08-16,4,Standard Class,Ahmed Mansour,Consumer,Egypt,Damietta,Ras El Bar,Karim Salah,OFF-BI-982,Office Supplies,Binders,10,84.08,0.0,1177.12,940.42,1177.12,236.7,No
EG-2025-1907,2025-08-12,2025-08-15,3,Second Class,Jamila Awad,Consumer,Egypt,Matrouh,Siwa,Mina Youssef,TEC-PH-407,Technology,Phones,2,1622.27,0.0,4542.36,3186.75,4542.36,1355.61,No
EG-2025-1908,2025-08-12,2025-08-13,1,First Class,Dina El-Sherbiny,Consumer,Egypt,Luxor,Armant,Karim Salah,TEC-MA-440,Technology,Machines,9,5421.66,0.0,68312.92,48956.62,68312.92,19356.3,No
EG-2025-1907,2025-08-13,2025-08-16,3,Second Class,Hend Sabry,Home Office,Egypt,Alexandria,Miami,Mina Youssef,OFF-PA-434,Office Supplies,Paper,8,53.66,0.05,570.94,399.43,570.94,171.51,Yes
EG-2025-1908,2025-08-13,2025-08-17,4,Standard Class,Nour El-Sherif,Corporate,Egypt,Sohag,Tahta,Mina Youssef,HOM-MI-638,Home Appliances,Microwaves,6,3368.39,0.05,26879.76,20399.55,26879.76,6480.21,No
EG-2025-1909,2025-08-13,2025-08-15,2,Second Class,Asma Abulyazeid,Corporate,Egypt,North Sinai,Rafah,Sara Amin,FUR-BO-731,Furniture,Bookcases,6,2095.58,0.0,17602.87,12926.17,17602.87,4676.7,No
EG-2025-1908,2025-08-14,2025-08-20,6,Standard Class,Hassan El-Raddad,Corporate,Egypt,Sharqia,10th of Ramadan,Mina Youssef,HOM-AI-631,Home Appliances,Air Conditioners,6,16463.37,0.05,131377.69,96862.63,131377.69,34515.06,No
EG-2025-1909,2025-08-15,2025-08-16,1,First Class,Khaled El-Nabawy,Home Office,Egypt,Sohag,Tahta,Karim Salah,SPO-CA-560,Sports & Outdoors,Camping Gear,4,1466.0,0.0,8209.6,5394.13,8209.6,2815.47,No
EG-2025-1910,2025-08-15,2025-08-20,5,Standard Class,Nour El-Sherif,Consumer,Egypt,Damietta,New Damietta,Youssef Khaled,FUR-CH-218,Furniture,Chairs,8,766.85,0.0,8588.72,6527.36,8588.72,2061.36,No
EG-2025-1910,2025-08-16,2025-08-16,0,Same Day,Sherif Anwar,Consumer,Egypt,Matrouh,Siwa,Mina Youssef,SPO-BI-659,Sports & Outdoors,Bicycles,4,4051.61,0.1,20420.12,13711.91,20420.12,6708.21,No
EG-2025-1911,2025-08-16,2025-08-21,5,Standard Class,Ahmed Ezz,Consumer,Egypt,Suez,Arbaeen,Amr Salah,HOM-BL-463,Home Appliances,Blenders,3,817.81,0.15,2919.58,2166.82,2919.58,752.76,No
EG-2025-1911,2025-08-17,2025-08-20,3,Second Class,Maged El-Kedwany,Consumer,Egypt,Giza,6th of October,Youssef Khaled,SPO-SP-829,Sports & Outdoors,Sportswear,7,497.51,0.0,4875.6,3506.76,4875.6,1368.84,Yes
EG-2025-1912,2025-08-18,2025-08-21,3,Second Class,Ahmed Helmy,Home Office,Egypt,Port Said,Al Sharq,Karim Salah,HOM-MI-825,Home Appliances,Microwaves,1,3722.46,0.05,4950.87,3588.41,4950.87,1362.46,No
EG-2025-1913,2025-08-18,2025-08-18,0,Same Day,Khaled El-Nabawy,Home Office,Egypt,Damietta,New Damietta,Ahmed Ragab,OFF-AR-431,Office Supplies,Art,2,64.61,0.0,180.91,130.37,180.91,50.54,No
EG-2025-1913,2025-08-19,2025-08-22,3,Second Class,Tarek Sayed,Corporate,Egypt,Cairo,New Cairo,Mina Youssef,HOM-AI-325,Home Appliances,Air Conditioners,6,17167.75,0.05,136998.65,93240.05,136998.65,43758.6,No
EG-2025-1914,2025-08-19,2025-08-21,2,Second Class,Hussein Fahmy,Corporate,Egypt,Sohag,Akhmim,Ahmed Ragab,SPO-CA-102,Sports & Outdoors,Camping Gear,7,1519.73,0.1,13404.01,10378.88,13404.01,3025.13,No
EG-2025-1914,2025-08-20,2025-08-20,0,Same Day,Zainab Soliman,Consumer,Egypt,Beni Suef,Nasser,Amr Salah,SPO-FI-866,Sports & Outdoors,Fitness Equipment,2,3288.29,0.0,9207.21,6023.61,9207.21,3183.6,No
EG-2025-1915,2025-08-20,2025-08-23,3,Second Class,Ghada Abdelrazek,Consumer,Egypt,Cairo,Nasr City,Noha Mahmoud,HOM-AI-787,Home Appliances,Air Conditioners,5,15894.33,0.15,94571.26,69151.16,94571.26,25420.1,No
EG-2025-1915,2025-08-21,2025-08-21,0,Same Day,Maged El-Kedwany,Corporate,Egypt,Monufia,Shibin El Kom,Noha Mahmoud,FUR-BO-786,Furniture,Bookcases,2,1962.58,0.0,5495.22,4206.6,5495.22,1288.62,Yes
EG-2025-1916,2025-08-21,2025-08-22,1,First Class,Ahmed Mansour,Consumer,Egypt,North Sinai,Arish,Karim Salah,CLO-JA-949,Clothing & Apparel,Jackets,1,1769.77,0.1,2229.91,1638.67,2229.91,591.24,No
EG-2025-1916,2025-08-22,2025-08-23,1,First Class,Zainab Soliman,Consumer,Egypt,Beheira,Kom Hamada,Karim Salah,TEC-PH-479,Technology,Phones,4,1619.02,0.0,9066.51,7245.03,9066.51,1821.48,No
EG-2025-1917,2025-08-22,2025-08-28,6,Standard Class,Wael Jassar,Home Office,Egypt,Asyut,Fateh,Karim Salah,OFF-ST-546,Office Supplies,Storage,6,305.24,0.1,2307.62,1710.83,2307.62,596.79,No
EG-2025-1917,2025-08-23,2025-08-28,5,Standard Class,Asma Abulyazeid,Consumer,Egypt,Asyut,Dairut,Youssef Khaled,SPO-BI-675,Sports & Outdoors,Bicycles,1,4923.18,0.05,6547.83,4952.18,6547.83,1595.65,No
EG-2025-1918,2025-08-23,2025-08-28,5,Standard Class,Mohamed Ramadan,Consumer,Egypt,Ismailia,Ismailia City,Youssef Khaled,OFF-ST-684,Office Supplies,Storage,10,268.17,0.0,3754.38,2684.72,3754.38,1069.66,No
EG-2025-1919,2025-08-23,2025-08-24,1,First Class,Sahar El-Sayegh,Consumer,Egypt,North Sinai,Arish,Noha Mahmoud,TEC-MA-753,Technology,Machines,5,5263.08,0.0,36841.56,24921.73,36841.56,11919.83,No
EG-2025-1918,2025-08-24,2025-08-24,0,Same Day,Hany Ramzy,Corporate,Egypt,Fayoum,Sinnuris,Ahmed Ragab,CLO-JA-404,Clothing & Apparel,Jackets,10,1692.3,0.15,20138.37,15804.05,20138.37,4334.32,No
EG-2025-1919,2025-08-25,2025-08-25,0,Same Day,Asma Abulyazeid,Home Office,Egypt,Cairo,Nasr City,Sara Amin,HOM-BL-400,Home Appliances,Blenders,2,803.66,0.0,2250.25,1511.82,2250.25,738.43,No
EG-2025-1920,2025-08-25,2025-08-29,4,Standard Class,Hussein Fahmy,Corporate,Egypt,Luxor,Luxor City,Youssef Khaled,FUR-FU-951,Furniture,Furnishings,7,144.75,0.15,1205.77,863.88,1205.77,341.89,No
EG-2025-1920,2025-08-26,2025-08-27,1,First Class,Tara Emad,Corporate,Egypt,Asyut,Dairut,Ahmed Ragab,FUR-TA-750,Furniture,Tables,8,4314.55,0.1,43490.66,32315.11,43490.66,11175.55,No
EG-2025-1921,2025-08-26,2025-09-01,6,Standard Class,Ahmed Mekky,Home Office,Egypt,South Sinai,Nuweiha,Karim Salah,HOM-BL-469,Home Appliances,Blenders,6,851.93,0.15,6082.78,4356.09,6082.78,1726.69,No
EG-2025-1922,2025-08-26,2025-08-27,1,First Class,Reem Moustafa,Consumer,Egypt,South Sinai,Nuweiha,Sara Amin,SPO-FI-977,Sports & Outdoors,Fitness Equipment,9,2732.92,0.0,34434.79,26205.34,34434.79,8229.45,No
EG-2025-1921,2025-08-27,2025-08-27,0,Same Day,Omar Sherif,Corporate,Egypt,Red Sea,Gouna,Ahmed Ragab,CLO-SH-757,Clothing & Apparel,Shirts,9,403.43,0.1,4574.9,3244.48,4574.9,1330.42,No
EG-2025-1922,2025-08-28,2025-08-28,0,Same Day,Khaled El-Nabawy,Consumer,Egypt,South Sinai,Dahab,Mina Youssef,FUR-CH-817,Furniture,Chairs,9,856.44,0.0,10791.14,8416.08,10791.14,2375.06,No
EG-2025-1923,2025-08-28,2025-08-29,1,First Class,Ahmed Helmy,Home Office,Egypt,North Sinai,Arish,Noha Mahmoud,OFF-PA-939,Office Supplies,Paper,9,47.79,0.15,511.83,403.85,511.83,107.98,No
EG-2025-1924,2025-08-28,2025-08-29,1,First Class,Rania Moustafa,Corporate,Egypt,Qalyubia,Khanka,Mina Youssef,TEC-PH-794,Technology,Phones,2,1512.89,0.0,4236.09,2800.5,4236.09,1435.59,No
EG-2025-1923,2025-08-29,2025-08-29,0,Same Day,Amr Hassan,Corporate,Egypt,Qena,Abu Tesht,Youssef Khaled,TEC-CO-351,Technology,Copiers,1,4906.27,0.0,6868.78,4919.52,6868.78,1949.26,No
EG-2025-1924,2025-08-29,2025-09-02,4,Standard Class,Tara Emad,Corporate,Egypt,Cairo,Maadi,Noha Mahmoud,SPO-FI-452,Sports & Outdoors,Fitness Equipment,10,3251.13,0.0,45515.82,35514.4,45515.82,10001.42,No
EG-2025-1925,2025-08-29,2025-09-02,4,Standard Class,Mona Abdelrahman,Consumer,Egypt,Luxor,Luxor City,Noha Mahmoud,HOM-AI-546,Home Appliances,Air Conditioners,10,17228.54,0.1,217079.6,156478.56,217079.6,60601.04,No
EG-2025-1924,2025-08-30,2025-08-30,0,Same Day,Tamer Hosny,Corporate,Egypt,Ismailia,Fayed,Ahmed Ragab,SPO-CA-352,Sports & Outdoors,Camping Gear,4,1393.26,0.0,7802.26,5806.36,7802.26,1995.9,No
EG-2025-1925,2025-08-30,2025-09-01,2,Second Class,Mona Zaki,Home Office,Egypt,Suez,Attaka,Karim Salah,OFF-ST-824,Office Supplies,Storage,3,285.16,0.0,1197.67,886.31,1197.67,311.36,No
EG-2025-1925,2025-08-31,2025-09-02,2,Second Class,Hazem Emam,Home Office,Egypt,Kafr El-Sheikh,Baltim,Youssef Khaled,FUR-FU-722,Furniture,Furnishings,4,152.4,0.1,768.1,563.05,768.1,205.05,No
EG-2025-1926,2025-08-31,2025-09-05,5,Standard Class,Tarek Sayed,Corporate,Egypt,Qena,Qena City,Ahmed Ragab,SPO-SP-720,Sports & Outdoors,Sportswear,9,515.64,0.05,6172.21,4101.64,6172.21,2070.57,No
EG-2025-1927,2025-08-31,2025-09-04,4,Standard Class,Karim Abdelaziz,Consumer,Egypt,Gharbia,El Mahalla El Kubra,Mina Youssef,TEC-CO-521,Technology,Copiers,8,5386.8,0.0,60332.16,47070.11,60332.16,13262.05,No
EG-2025-1926,2025-09-01,2025-09-03,2,Second Class,Mai Ezz Eldin,Corporate,Egypt,Cairo,Maadi,Amr Salah,OFF-BI-375,Office Supplies,Binders,8,73.56,0.05,782.68,554.51,782.68,228.17,No
EG-2025-1927,2025-09-01,2025-09-01,0,Same Day,Maged El-Kedwany,Corporate,Egypt,Asyut,Asyut City,Ahmed Ragab,OFF-ST-706,Office Supplies,Storage,2,253.11,0.0,708.71,531.86,708.71,176.85,No
EG-2025-1927,2025-09-02,2025-09-06,4,Standard Class,Adel Emam,Home Office,Egypt,North Sinai,Sheikh Zuweid,Sara Amin,TEC-CO-744,Technology,Copiers,2,5396.24,0.1,13598.52,9030.44,13598.52,4568.08,No
EG-2025-1928,2025-09-03,2025-09-08,5,Standard Class,Mohamed Ali,Consumer,Egypt,Luxor,Luxor City,Youssef Khaled,OFF-PA-359,Office Supplies,Paper,7,53.85,0.15,448.57,297.11,448.57,151.46,No
EG-2025-1929,2025-09-03,2025-09-07,4,Standard Class,Mohamed Ali,Home Office,Egypt,Beheira,Kafr El Dawar,Amr Salah,FUR-BO-388,Furniture,Bookcases,7,2045.05,0.05,19039.42,14203.5,19039.42,4835.92,No
EG-2025-1930,2025-09-03,2025-09-05,2,Second Class,Ahmed Mansour,Home Office,Egypt,Damietta,Ras El Bar,Mina Youssef,SPO-BI-250,Sports & Outdoors,Bicycles,7,4869.2,0.0,47718.16,35038.59,47718.16,12679.57,No
EG-2025-1929,2025-09-04,2025-09-06,2,Second Class,Yasmine Sabri,Corporate,Egypt,Kafr El-Sheikh,Kafr El-Sheikh City,Noha Mahmoud,TEC-PH-277,Technology,Phones,7,1509.18,0.1,13310.96,9306.29,13310.96,4004.67,No
EG-2025-1930,2025-09-05,2025-09-06,1,First Class,Hany Ramzy,Home Office,Egypt,New Valley,Kharga,Karim Salah,HOM-MI-408,Home Appliances,Microwaves,2,3296.32,0.0,9229.7,6839.82,9229.7,2389.88,No
EG-2025-1931,2025-09-05,2025-09-07,2,Second Class,Eyad Nassar,Home Office,Egypt,Damietta,Ras El Bar,Karim Salah,FUR-FU-765,Furniture,Furnishings,5,150.06,0.0,1050.42,832.76,1050.42,217.66,Yes
EG-2025-1931,2025-09-06,2025-09-10,4,Standard Class,Reem Moustafa,Corporate,Egypt,Beni Suef,Beni Suef City,Noha Mahmoud,SPO-BI-296,Sports & Outdoors,Bicycles,5,4257.51,0.0,29802.57,20066.8,29802.57,9735.77,No
EG-2025-1932,2025-09-06,2025-09-12,6,Standard Class,Amina Khalil,Consumer,Egypt,New Valley,Farafra,Karim Salah,FUR-FU-699,Furniture,Furnishings,10,135.43,0.1,1706.42,1258.49,1706.42,447.93,No
EG-2025-1933,2025-09-06,2025-09-07,1,First Class,Huda El-Mufti,Home Office,Egypt,Ismailia,Al Qantara,Amr Salah,CLO-JA-141,Clothing & Apparel,Jackets,10,1648.38,0.1,20769.59,15325.58,20769.59,5444.01,No
EG-2025-1932,2025-09-07,2025-09-13,6,Standard Class,Youssef Hussein,Home Office,Egypt,Aswan,Aswan City,Mina Youssef,SPO-FI-875,Sports & Outdoors,Fitness Equipment,1,3291.17,0.0,4607.64,3081.23,4607.64,1526.41,No
EG-2025-1933,2025-09-08,2025-09-11,3,Second Class,Youssef Hussein,Consumer,Egypt,Matrouh,Alamein,Karim Salah,TEC-MA-356,Technology,Machines,8,5946.37,0.0,66599.34,49724.15,66599.34,16875.19,No
EG-2025-1934,2025-09-08,2025-09-13,5,Standard Class,Asmaa Galal,Corporate,Egypt,Sohag,Tahta,Ahmed Ragab,CLO-JA-356,Clothing & Apparel,Jackets,10,1884.37,0.15,22424.0,14686.88,22424.0,7737.12,No
EG-2025-1935,2025-09-08,2025-09-12,4,Standard Class,Amr Diab,Corporate,Egypt,Alexandria,Smouha,Youssef Khaled,TEC-PH-560,Technology,Phones,8,1425.27,0.05,15164.87,11697.37,15164.87,3467.5,No
EG-2025-1934,2025-09-09,2025-09-11,2,Second Class,Huda El-Mufti,Home Office,Egypt,Red Sea,Hurghada,Ahmed Ragab,FUR-BO-486,Furniture,Bookcases,5,1922.3,0.0,13456.1,9133.16,13456.1,4322.94,No
EG-2025-1935,2025-09-09,2025-09-09,0,Same Day,Huda El-Mufti,Home Office,Egypt,Matrouh,Marsa Matrouh,Ahmed Ragab,TEC-CO-806,Technology,Copiers,10,4908.09,0.0,68713.26,51267.52,68713.26,17445.74,No
EG-2025-1936,2025-09-09,2025-09-11,2,Second Class,Mohamed Ramadan,Consumer,Egypt,Fayoum,Tamiya,Noha Mahmoud,HOM-RE-861,Home Appliances,Refrigerators,8,12204.94,0.15,116191.03,77104.67,116191.03,39086.36,No
EG-2025-1935,2025-09-10,2025-09-11,1,First Class,Mahmoud Saad,Corporate,Egypt,North Sinai,Sheikh Zuweid,Noha Mahmoud,HOM-BL-916,Home Appliances,Blenders,10,837.36,0.05,11136.89,8489.21,11136.89,2647.68,No
EG-2025-1936,2025-09-10,2025-09-11,1,First Class,Rania Moustafa,Consumer,Egypt,Ismailia,Ismailia City,Amr Salah,CLO-SH-442,Clothing & Apparel,Shoes,1,1269.87,0.0,1777.82,1187.42,1777.82,590.4,No
EG-2025-1936,2025-09-11,2025-09-16,5,Standard Class,Amir Karara,Consumer,Egypt,Monufia,Sadat City,Youssef Khaled,OFF-PA-688,Office Supplies,Paper,6,45.55,0.05,363.49,285.79,363.49,77.7,No
EG-2025-1937,2025-09-11,2025-09-17,6,Standard Class,Mena Shalaby,Corporate,Egypt,Suez,Arbaeen,Noha Mahmoud,OFF-PA-329,Office Supplies,Paper,3,53.95,0.1,203.93,135.83,203.93,68.1,No
EG-2025-1938,2025-09-11,2025-09-11,0,Same Day,Ahmed Ezz,Home Office,Egypt,North Sinai,Sheikh Zuweid,Sara Amin,HOM-MI-933,Home Appliances,Microwaves,7,3349.36,0.05,31182.54,24450.91,31182.54,6731.63,No
EG-2025-1937,2025-09-12,2025-09-17,5,Standard Class,Amina Khalil,Consumer,Egypt,Gharbia,El Mahalla El Kubra,Ahmed Ragab,SPO-FI-700,Sports & Outdoors,Fitness Equipment,3,3034.32,0.05,12106.93,8115.54,12106.93,3991.39,No
EG-2025-1938,2025-09-12,2025-09-18,6,Standard Class,Mohamed Ali,Consumer,Egypt,Dakahlia,Mit Ghamr,Mina Youssef,SPO-FI-336,Sports & Outdoors,Fitness Equipment,5,3085.55,0.0,21598.85,16666.21,21598.85,4932.64,No
EG-2025-1938,2025-09-13,2025-09-14,1,First Class,Mustafa Kamal,Corporate,Egypt,Kafr El-Sheikh,Kafr El-Sheikh City,Amr Salah,TEC-AC-265,Technology,Accessories,1,336.71,0.0,471.39,314.2,471.39,157.19,No
EG-2025-1939,2025-09-13,2025-09-13,0,Same Day,Hany Ramzy,Home Office,Egypt,Suez,Arbaeen,Noha Mahmoud,HOM-RE-107,Home Appliances,Refrigerators,8,11978.9,0.0,134163.68,95764.6,134163.68,38399.08,No
EG-2025-1940,2025-09-13,2025-09-16,3,Second Class,Karim Mahmoud,Consumer,Egypt,South Sinai,Sharm El-Sheikh,Karim Salah,TEC-PH-394,Technology,Phones,1,1473.13,0.0,2062.38,1385.59,2062.38,676.79,Yes
EG-2025-1939,2025-09-14,2025-09-18,4,Standard Class,Zainab Soliman,Corporate,Egypt,Red Sea,Gouna,Youssef Khaled,HOM-MI-370,Home Appliances,Microwaves,7,3167.23,0.0,31038.85,24511.6,31038.85,6527.25,No
EG-2025-1940,2025-09-15,2025-09-21,6,Standard Class,Farouk El-Fishawy,Home Office,Egypt,Gharbia,Tanta,Noha Mahmoud,TEC-PH-283,Technology,Phones,7,1377.14,0.0,13495.97,8886.74,13495.97,4609.23,No
EG-2025-1941,2025-09-15,2025-09-21,6,Standard Class,Hend Sabry,Consumer,Egypt,Matrouh,Siwa,Karim Salah,FUR-CH-930,Furniture,Chairs,2,932.47,0.0,2610.92,1905.91,2610.92,705.01,No
EG-2025-1941,2025-09-16,2025-09-18,2,Second Class,Adel Emam,Home Office,Egypt,Red Sea,Marsa Alam,Mina Youssef,HOM-AI-156,Home Appliances,Air Conditioners,8,15115.53,0.05,160829.24,109838.42,160829.24,50990.82,No
EG-2025-1942,2025-09-17,2025-09-18,1,First Class,Wael Jassar,Consumer,Egypt,Aswan,Edfu,Karim Salah,FUR-TA-251,Furniture,Tables,1,4281.05,0.0,5993.47,4132.28,5993.47,1861.19,No
EG-2025-1943,2025-09-18,2025-09-19,1,First Class,Sherif Anwar,Consumer,Egypt,Sharqia,10th of Ramadan,Youssef Khaled,CLO-PA-174,Clothing & Apparel,Pants,7,566.27,0.05,5271.98,4072.25,5271.98,1199.73,No
EG-2025-1944,2025-09-19,2025-09-24,5,Standard Class,Karim Abdelaziz,Consumer,Egypt,Giza,6th of October,Mina Youssef,FUR-TA-687,Furniture,Tables,4,4078.99,0.15,19415.99,14715.65,19415.99,4700.34,No
EG-2025-1945,2025-09-20,2025-09-24,4,Standard Class,Asmaa Galal,Home Office,Egypt,Asyut,Dairut,Mina Youssef,CLO-JA-498,Clothing & Apparel,Jackets,9,1646.31,0.0,20743.51,15753.53,20743.51,4989.98,No
EG-2025-1946,2025-09-20,2025-09-26,6,Standard Class,Hany Ramzy,Corporate,Egypt,Red Sea,Gouna,Amr Salah,OFF-BI-487,Office Supplies,Binders,6,74.09,0.0,622.36,472.75,622.36,149.61,Yes
EG-2025-1946,2025-09-21,2025-09-23,2,Second Class,Ahmed Mansour,Home Office,Egypt,Ismailia,Ismailia City,Sara Amin,TEC-MA-592,Technology,Machines,1,5556.64,0.0,7779.3,5607.48,7779.3,2171.82,No
EG-2025-1947,2025-09-21,2025-09-21,0,Same Day,Ghada Abdelrazek,Home Office,Egypt,Aswan,Kom Ombo,Sara Amin,FUR-BO-921,Furniture,Bookcases,7,1947.18,0.05,18128.24,12630.07,18128.24,5498.17,No
EG-2025-1947,2025-09-22,2025-09-25,3,Second Class,Amina Khalil,Home Office,Egypt,North Sinai,Rafah,Mina Youssef,SPO-BI-431,Sports & Outdoors,Bicycles,8,4814.51,0.0,53922.51,38088.4,53922.51,15834.11,No
EG-2025-1948,2025-09-23,2025-09-28,5,Standard Class,Sherif Anwar,Home Office,Egypt,Sohag,Akhmim,Noha Mahmoud,HOM-MI-553,Home Appliances,Microwaves,8,3356.73,0.0,37595.38,24483.55,37595.38,13111.83,No
EG-2025-1949,2025-09-24,2025-09-24,0,Same Day,Mohamed Henedy,Consumer,Egypt,Ismailia,Fayed,Karim Salah,SPO-SP-853,Sports & Outdoors,Sportswear,5,506.38,0.0,3544.66,2656.07,3544.66,888.59,No
EG-2025-1950,2025-09-25,2025-09-28,3,Second Class,Mohamed Ramadan,Consumer,Egypt,Kafr El-Sheikh,Baltim,Karim Salah,OFF-BI-241,Office Supplies,Binders,2,81.11,0.0,227.11,159.08,227.11,68.03,No
EG-2025-1951,2025-09-25,2025-09-26,1,First Class,Reem Moustafa,Consumer,Egypt,Qena,Nag Hammadi,Sara Amin,FUR-BO-761,Furniture,Bookcases,1,1993.56,0.0,2790.98,2072.01,2790.98,718.97,No
EG-2025-1952,2025-09-25,2025-09-29,4,Standard Class,Mohamed Henedy,Consumer,Egypt,Beni Suef,Nasser,Karim Salah,OFF-BI-893,Office Supplies,Binders,1,74.94,0.0,104.92,68.76,104.92,36.16,No
EG-2025-1951,2025-09-27,2025-10-02,5,Standard Class,Nour El-Din,Corporate,Egypt,Kafr El-Sheikh,Baltim,Youssef Khaled,CLO-SH-879,Clothing & Apparel,Shoes,3,1187.41,0.05,4737.76,3216.14,4737.76,1521.62,No
EG-2025-1952,2025-09-27,2025-10-01,4,Standard Class,Rania Moustafa,Corporate,Egypt,Alexandria,Miami,Noha Mahmoud,FUR-CH-267,Furniture,Chairs,8,841.76,0.05,8956.32,7124.3,8956.32,1832.02,No
EG-2025-1952,2025-09-28,2025-09-28,0,Same Day,Amina Khalil,Home Office,Egypt,Sharqia,10th of Ramadan,Mina Youssef,OFF-ST-105,Office Supplies,Storage,6,286.59,0.0,2407.36,1839.82,2407.36,567.54,No
EG-2025-1953,2025-09-29,2025-10-05,6,Standard Class,Rania Moustafa,Corporate,Egypt,Suez,Arbaeen,Youssef Khaled,HOM-AI-329,Home Appliances,Air Conditioners,9,16823.05,0.0,211970.43,148445.34,211970.43,63525.09,No
EG-2025-1954,2025-09-30,2025-09-30,0,Same Day,Reem Moustafa,Consumer,Egypt,Luxor,Luxor City,Noha Mahmoud,SPO-FI-322,Sports & Outdoors,Fitness Equipment,9,2718.59,0.0,34254.23,23628.43,34254.23,10625.8,No
EG-2025-1955,2025-09-30,2025-09-30,0,Same Day,Mustafa Kamal,Corporate,Egypt,Beni Suef,Beni Suef City,Karim Salah,CLO-JA-481,Clothing & Apparel,Jackets,9,1956.33,0.15,20952.3,14266.42,20952.3,6685.88,No
EG-2025-1955,2025-10-01,2025-10-02,1,First Class,Asma Abulyazeid,Home Office,Egypt,South Sinai,Sharm El-Sheikh,Noha Mahmoud,FUR-FU-118,Furniture,Furnishings,2,144.55,0.0,404.74,284.59,404.74,120.15,No
EG-2025-1956,2025-10-01,2025-10-06,5,Standard Class,Sahar El-Sayegh,Corporate,Egypt,North Sinai,Rafah,Noha Mahmoud,OFF-PA-392,Office Supplies,Paper,4,45.76,0.05,243.45,191.25,243.45,52.2,No
EG-2025-1956,2025-10-02,2025-10-02,0,Same Day,Asmaa Galal,Consumer,Egypt,Damietta,Damietta City,Ahmed Ragab,TEC-PH-671,Technology,Phones,5,1502.57,0.05,9992.09,6558.97,9992.09,3433.12,No
EG-2025-1957,2025-10-02,2025-10-03,1,First Class,Dina El-Sherbiny,Home Office,Egypt,Ismailia,Fayed,Sara Amin,OFF-BI-711,Office Supplies,Binders,1,87.56,0.0,122.58,87.07,122.58,35.51,No
EG-2025-1958,2025-10-02,2025-10-04,2,Second Class,Eyad Nassar,Consumer,Egypt,New Valley,Kharga,Mina Youssef,TEC-PH-240,Technology,Phones,10,1383.55,0.15,16464.25,12083.82,16464.25,4380.43,No
EG-2025-1957,2025-10-03,2025-10-08,5,Standard Class,Dina El-Sherbiny,Consumer,Egypt,Suez,Attaka,Mina Youssef,HOM-RE-859,Home Appliances,Refrigerators,7,12864.13,0.0,126068.47,100492.12,126068.47,25576.35,No
EG-2025-1958,2025-10-04,2025-10-08,4,Standard Class,Amr Diab,Home Office,Egypt,Minya,Minya City,Noha Mahmoud,OFF-BI-598,Office Supplies,Binders,9,78.83,0.15,844.27,617.1,844.27,227.17,No
EG-2025-1959,2025-10-05,2025-10-05,0,Same Day,Tara Emad,Corporate,Egypt,Monufia,Sadat City,Sara Amin,HOM-AI-886,Home Appliances,Air Conditioners,4,15947.47,0.0,89305.83,70498.93,89305.83,18806.9,No
EG-2025-1960,2025-10-05,2025-10-08,3,Second Class,Ahmed Mansour,Home Office,Egypt,Giza,Dokki,Ahmed Ragab,TEC-MA-462,Technology,Machines,5,5484.48,0.15,32632.66,25909.54,32632.66,6723.12,No
EG-2025-1961,2025-10-05,2025-10-09,4,Standard Class,Mayan El-Sayed,Corporate,Egypt,Qalyubia,Shubra El-Kheima,Sara Amin,OFF-BI-355,Office Supplies,Binders,5,72.9,0.0,510.3,377.05,510.3,133.25,No
EG-2025-1960,2025-10-06,2025-10-08,2,Second Class,Mohamed Ramadan,Consumer,Egypt,Dakahlia,Mansoura,Ahmed Ragab,OFF-BI-891,Office Supplies,Binders,6,76.33,0.05,609.11,466.45,609.11,142.66,No
EG-2025-1961,2025-10-07,2025-10-11,4,Standard Class,Tamer Hosny,Consumer,Egypt,Fayoum,Tamiya,Sara Amin,OFF-ST-849,Office Supplies,Storage,5,304.53,0.0,2131.71,1659.51,2131.71,472.2,No
EG-2025-1962,2025-10-07,2025-10-08,1,First Class,Tara Emad,Corporate,Egypt,South Sinai,Dahab,Ahmed Ragab,SPO-FI-361,Sports & Outdoors,Fitness Equipment,6,2707.77,0.15,19333.48,13567.72,19333.48,5765.76,No
EG-2025-1963,2025-10-07,2025-10-10,3,Second Class,Omar Sherif,Consumer,Egypt,South Sinai,Dahab,Amr Salah,SPO-CA-752,Sports & Outdoors,Camping Gear,6,1409.58,0.0,11840.47,8963.18,11840.47,2877.29,No
EG-2025-1962,2025-10-08,2025-10-09,1,First Class,Adel Emam,Consumer,Egypt,Asyut,Asyut City,Noha Mahmoud,FUR-BO-820,Furniture,Bookcases,4,1919.97,0.05,10214.24,6692.23,10214.24,3522.01,No
EG-2025-1963,2025-10-09,2025-10-12,3,Second Class,Ahmed Mekky,Corporate,Egypt,Alexandria,Smouha,Mina Youssef,TEC-AC-552,Technology,Accessories,8,327.56,0.0,3668.67,2893.66,3668.67,775.01,No
EG-2025-1964,2025-10-10,2025-10-16,6,Standard Class,Hassan El-Raddad,Consumer,Egypt,Dakahlia,Mansoura,Mina Youssef,TEC-CO-751,Technology,Copiers,3,5325.35,0.0,22366.47,17274.17,22366.47,5092.3,No
EG-2025-1965,2025-10-10,2025-10-10,0,Same Day,Farouk El-Fishawy,Corporate,Egypt,South Sinai,Dahab,Karim Salah,SPO-FI-436,Sports & Outdoors,Fitness Equipment,6,3109.61,0.0,26120.72,17249.05,26120.72,8871.67,No
EG-2025-1966,2025-10-10,2025-10-11,1,First Class,Farouk El-Fishawy,Consumer,Egypt,Dakahlia,Mit Ghamr,Karim Salah,SPO-BI-528,Sports & Outdoors,Bicycles,2,4216.8,0.0,11807.04,8266.32,11807.04,3540.72,No
EG-2025-1965,2025-10-11,2025-10-12,1,First Class,Youssef Hussein,Consumer,Egypt,Red Sea,Marsa Alam,Sara Amin,FUR-FU-149,Furniture,Furnishings,1,163.52,0.0,228.93,166.69,228.93,62.24,No
EG-2025-1966,2025-10-11,2025-10-13,2,Second Class,Mohamed Ali,Consumer,Egypt,Minya,Minya City,Amr Salah,SPO-BI-312,Sports & Outdoors,Bicycles,6,4390.16,0.05,35033.47,23087.06,35033.47,11946.41,No
EG-2025-1967,2025-10-11,2025-10-17,6,Standard Class,Hazem Emam,Consumer,Egypt,Fayoum,Tamiya,Sara Amin,SPO-FI-405,Sports & Outdoors,Fitness Equipment,1,3282.8,0.0,4595.92,3178.91,4595.92,1417.01,No
EG-2025-1966,2025-10-12,2025-10-14,2,Second Class,Tarek Sayed,Consumer,Egypt,Asyut,Dairut,Ahmed Ragab,TEC-AC-391,Technology,Accessories,5,371.79,0.1,2342.28,1663.7,2342.28,678.58,No
EG-2025-1967,2025-10-13,2025-10-18,5,Standard Class,Aya Mahmoud,Consumer,Egypt,New Valley,Dakhla,Youssef Khaled,OFF-AR-631,Office Supplies,Art,7,61.17,0.05,569.5,387.24,569.5,182.26,No
EG-2025-1968,2025-10-13,2025-10-18,5,Standard Class,Omar Sherif,Home Office,Egypt,Minya,Samalut,Noha Mahmoud,TEC-MA-272,Technology,Machines,8,5206.23,0.0,58309.78,40971.85,58309.78,17337.93,No
EG-2025-1969,2025-10-13,2025-10-18,5,Standard Class,Mona Zaki,Home Office,Egypt,Red Sea,Hurghada,Noha Mahmoud,CLO-SH-893,Clothing & Apparel,Shirts,10,402.96,0.05,5359.37,3548.1,5359.37,1811.27,No
EG-2025-1968,2025-10-14,2025-10-18,4,Standard Class,Mohamed Ramadan,Corporate,Egypt,Kafr El-Sheikh,Desouk,Youssef Khaled,HOM-MI-841,Home Appliances,Microwaves,1,3553.98,0.05,4726.79,3545.42,4726.79,1181.37,No
EG-2025-1969,2025-10-15,2025-10-19,4,Standard Class,Mayan El-Sayed,Home Office,Egypt,Gharbia,Tanta,Youssef Khaled,SPO-CA-350,Sports & Outdoors,Camping Gear,10,1479.1,0.1,18636.66,13669.41,18636.66,4967.25,No
EG-2025-1970,2025-10-16,2025-10-22,6,Standard Class,Karim Abdelaziz,Corporate,Egypt,Qena,Abu Tesht,Karim Salah,OFF-BI-158,Office Supplies,Binders,7,87.06,0.0,853.19,562.39,853.19,290.8,No
EG-2025-1971,2025-10-16,2025-10-17,1,First Class,Amr Hassan,Consumer,Egypt,Alexandria,Miami,Amr Salah,HOM-BL-649,Home Appliances,Blenders,9,826.45,0.15,8851.28,6152.07,8851.28,2699.21,No
EG-2025-1971,2025-10-17,2025-10-21,4,Standard Class,Mustafa Kamal,Consumer,Egypt,Monufia,Menouf,Amr Salah,CLO-PA-613,Clothing & Apparel,Pants,4,657.59,0.1,3314.25,2381.72,3314.25,932.53,No
EG-2025-1972,2025-10-18,2025-10-21,3,Second Class,Mayan El-Sayed,Consumer,Egypt,Qena,Qena City,Youssef Khaled,OFF-AR-849,Office Supplies,Art,5,62.31,0.0,436.17,334.87,436.17,101.3,No
EG-2025-1973,2025-10-18,2025-10-22,4,Standard Class,Karim Mahmoud,Corporate,Egypt,Port Said,Port Fouad,Sara Amin,TEC-PH-740,Technology,Phones,10,1625.09,0.05,21613.7,17082.72,21613.7,4530.98,No
EG-2025-1974,2025-10-18,2025-10-23,5,Standard Class,Aya Mahmoud,Home Office,Egypt,Beni Suef,Nasser,Noha Mahmoud,CLO-JA-168,Clothing & Apparel,Jackets,8,1900.87,0.05,20225.25,14737.98,20225.25,5487.27,No
EG-2025-1973,2025-10-19,2025-10-22,3,Second Class,Eyad Nassar,Consumer,Egypt,North Sinai,Rafah,Ahmed Ragab,HOM-AI-258,Home Appliances,Air Conditioners,3,14542.78,0.0,61079.68,42634.75,61079.68,18444.93,No
EG-2025-1974,2025-10-20,2025-10-21,1,First Class,Amina Khalil,Consumer,Egypt,Matrouh,Siwa,Amr Salah,CLO-JA-638,Clothing & Apparel,Jackets,1,1674.88,0.05,2227.59,1457.94,2227.59,769.65,No
EG-2025-1975,2025-10-20,2025-10-23,3,Second Class,Hend Sabry,Consumer,Egypt,Alexandria,Miami,Sara Amin,SPO-BI-399,Sports & Outdoors,Bicycles,7,4499.12,0.05,41886.81,29071.28,41886.81,12815.53,No
EG-2025-1975,2025-10-21,2025-10-24,3,Second Class,Eyad Nassar,Home Office,Egypt,Ismailia,Fayed,Sara Amin,FUR-CH-268,Furniture,Chairs,9,795.52,0.0,10023.55,7623.78,10023.55,2399.77,No
EG-2025-1976,2025-10-21,2025-10-27,6,Standard Class,Asma Abulyazeid,Home Office,Egypt,Asyut,Asyut City,Noha Mahmoud,SPO-FI-633,Sports & Outdoors,Fitness Equipment,3,2714.11,0.1,10259.33,7364.04,10259.33,2895.29,No
EG-2025-1976,2025-10-22,2025-10-22,0,Same Day,Mohamed Ramadan,Home Office,Egypt,South Sinai,Dahab,Youssef Khaled,SPO-SP-887,Sports & Outdoors,Sportswear,1,498.06,0.0,697.28,553.19,697.28,144.09,Yes
EG-2025-1977,2025-10-23,2025-10-26,3,Second Class,Eyad Nassar,Home Office,Egypt,New Valley,Dakhla,Amr Salah,FUR-FU-787,Furniture,Furnishings,9,135.42,0.0,1706.29,1265.52,1706.29,440.77,No
EG-2025-1978,2025-10-23,2025-10-28,5,Standard Class,Aya Mahmoud,Home Office,Egypt,Monufia,Menouf,Karim Salah,FUR-CH-980,Furniture,Chairs,9,905.58,0.0,11410.31,7804.94,11410.31,3605.37,No
EG-2025-1978,2025-10-24,2025-10-27,3,Second Class,Tamer Hosny,Corporate,Egypt,Matrouh,Marsa Matrouh,Youssef Khaled,CLO-PA-959,Clothing & Apparel,Pants,3,635.01,0.0,2667.04,1923.26,2667.04,743.78,No
EG-2025-1979,2025-10-25,2025-10-26,1,First Class,Aya Mahmoud,Home Office,Egypt,Beni Suef,Nasser,Sara Amin,SPO-CA-171,Sports & Outdoors,Camping Gear,10,1409.36,0.0,19731.04,15242.44,19731.04,4488.6,No
EG-2025-1980,2025-10-25,2025-10-28,3,Second Class,Zainab Soliman,Home Office,Egypt,Beni Suef,Biba,Noha Mahmoud,SPO-CA-417,Sports & Outdoors,Camping Gear,10,1470.06,0.0,20580.84,14780.35,20580.84,5800.49,No
EG-2025-1980,2025-10-26,2025-11-01,6,Standard Class,Karim Mahmoud,Home Office,Egypt,Kafr El-Sheikh,Desouk,Karim Salah,FUR-TA-211,Furniture,Tables,9,4219.84,0.0,53169.98,42221.44,53169.98,10948.54,No
EG-2025-1981,2025-10-26,2025-10-27,1,First Class,Reem Moustafa,Consumer,Egypt,North Sinai,Sheikh Zuweid,Amr Salah,CLO-PA-707,Clothing & Apparel,Pants,10,595.34,0.15,7084.55,5455.32,7084.55,1629.23,No
EG-2025-1981,2025-10-27,2025-10-29,2,Second Class,Sherif Anwar,Consumer,Egypt,North Sinai,Rafah,Amr Salah,OFF-AR-679,Office Supplies,Art,5,60.11,0.0,420.77,322.87,420.77,97.9,No
EG-2025-1982,2025-10-28,2025-11-02,5,Standard Class,Mona Abdelrahman,Consumer,Egypt,Gharbia,Zifta,Youssef Khaled,TEC-PH-350,Technology,Phones,7,1371.44,0.05,12768.1,8712.06,12768.1,4056.04,No
EG-2025-1983,2025-10-29,2025-10-31,2,Second Class,Reem Moustafa,Consumer,Egypt,Luxor,Esna,Noha Mahmoud,HOM-BL-589,Home Appliances,Blenders,9,825.15,0.15,8837.36,5916.21,8837.36,2921.15,No
EG-2025-1984,2025-10-29,2025-11-01,3,Second Class,Mona Zaki,Consumer,Egypt,Suez,Arbaeen,Amr Salah,HOM-BL-286,Home Appliances,Blenders,4,771.31,0.05,4103.37,3050.97,4103.37,1052.4,No
EG-2025-1985,2025-10-29,2025-10-31,2,Second Class,Sherif Anwar,Home Office,Egypt,Ismailia,Fayed,Youssef Khaled,FUR-CH-816,Furniture,Chairs,9,841.74,0.05,10075.62,6884.61,10075.62,3191.01,No
EG-2025-1984,2025-10-30,2025-11-05,6,Standard Class,Mohamed Henedy,Consumer,Egypt,Port Said,Al Arab,Ahmed Ragab,OFF-PA-606,Office Supplies,Paper,7,50.06,0.0,490.59,320.44,490.59,170.15,No
EG-2025-1985,2025-10-30,2025-11-03,4,Standard Class,Ahmed Mekky,Consumer,Egypt,Suez,Suez City,Mina Youssef,HOM-BL-453,Home Appliances,Blenders,7,778.89,0.0,7633.12,5650.43,7633.12,1982.69,Yes
EG-2025-1986,2025-10-30,2025-11-05,6,Standard Class,Sherif Anwar,Home Office,Egypt,Giza,Sheikh Zayed,Karim Salah,HOM-AI-809,Home Appliances,Air Conditioners,4,17259.35,0.0,96652.36,69474.03,96652.36,27178.33,No
EG-2025-1985,2025-10-31,2025-11-06,6,Standard Class,Ghada Abdelrazek,Consumer,Egypt,Dakahlia,Mit Ghamr,Mina Youssef,HOM-BL-239,Home Appliances,Blenders,9,807.58,0.0,10175.51,7164.67,10175.51,3010.84,No
EG-2025-1986,2025-10-31,2025-11-04,4,Standard Class,Wael Jassar,Corporate,Egypt,South Sinai,Nuweiha,Youssef Khaled,OFF-AR-855,Office Supplies,Art,10,55.89,0.0,782.46,531.13,782.46,251.33,No
EG-2025-1986,2025-11-01,2025-11-03,2,Second Class,Karim Mahmoud,Consumer,Egypt,New Valley,Farafra,Amr Salah,TEC-CO-576,Technology,Copiers,1,4876.33,0.0,6826.86,5210.68,6826.86,1616.18,No
EG-2025-1987,2025-11-02,2025-11-04,2,Second Class,Hussein Fahmy,Home Office,Egypt,Port Said,Al Sharq,Amr Salah,TEC-AC-552,Technology,Accessories,4,368.61,0.1,1857.8,1316.36,1857.8,541.44,No
EG-2025-1988,2025-11-03,2025-11-08,5,Standard Class,Omar Sherif,Corporate,Egypt,Cairo,Maadi,Sara Amin,SPO-FI-313,Sports & Outdoors,Fitness Equipment,6,2900.52,0.0,24364.37,15974.67,24364.37,8389.7,No
EG-2025-1989,2025-11-03,2025-11-03,0,Same Day,Eyad Nassar,Consumer,Egypt,Giza,Sheikh Zayed,Noha Mahmoud,FUR-FU-459,Furniture,Furnishings,2,136.02,0.0,380.86,269.1,380.86,111.76,No
EG-2025-1990,2025-11-03,2025-11-04,1,First Class,Wael Jassar,Consumer,Egypt,Port Said,Al Sharq,Mina Youssef,SPO-FI-532,Sports & Outdoors,Fitness Equipment,3,3027.88,0.05,12081.25,8808.88,12081.25,3272.37,Yes
EG-2025-1989,2025-11-04,2025-11-08,4,Standard Class,Asmaa Galal,Corporate,Egypt,Matrouh,Marsa Matrouh,Youssef Khaled,TEC-CO-120,Technology,Copiers,10,5149.43,0.05,68487.42,53956.33,68487.42,14531.09,No
EG-2025-1990,2025-11-04,2025-11-10,6,Standard Class,Hassan El-Raddad,Home Office,Egypt,Minya,Minya City,Amr Salah,SPO-SP-370,Sports & Outdoors,Sportswear,1,541.56,0.05,720.27,531.86,720.27,188.41,No
EG-2025-1991,2025-11-04,2025-11-09,5,Standard Class,Hassan El-Raddad,Home Office,Egypt,North Sinai,Arish,Karim Salah,FUR-CH-219,Furniture,Chairs,4,913.29,0.0,5114.42,4078.37,5114.42,1036.05,No
EG-2025-1990,2025-11-05,2025-11-05,0,Same Day,Ahmed Ezz,Consumer,Egypt,Monufia,Shibin El Kom,Amr Salah,OFF-PA-549,Office Supplies,Paper,1,46.51,0.0,65.11,51.78,65.11,13.33,No
EG-2025-1991,2025-11-05,2025-11-07,2,Second Class,Sherif Anwar,Home Office,Egypt,Luxor,Esna,Youssef Khaled,FUR-FU-677,Furniture,Furnishings,3,143.14,0.15,511.01,387.71,511.01,123.3,No
EG-2025-1991,2025-11-06,2025-11-12,6,Standard Class,Tamer Hosny,Consumer,Egypt,Matrouh,Alamein,Karim Salah,TEC-PH-406,Technology,Phones,4,1559.63,0.0,8733.93,6059.95,8733.93,2673.98,No
EG-2025-1992,2025-11-06,2025-11-07,1,First Class,Mena Shalaby,Corporate,Egypt,Suez,Arbaeen,Sara Amin,TEC-CO-284,Technology,Copiers,3,4623.08,0.0,19416.94,14730.54,19416.94,4686.4,No
EG-2025-1992,2025-11-07,2025-11-10,3,Second Class,Ahmed Ezz,Consumer,Egypt,Qena,Abu Tesht,Noha Mahmoud,HOM-AI-674,Home Appliances,Air Conditioners,9,15734.12,0.0,198249.91,150033.4,198249.91,48216.51,No
EG-2025-1993,2025-11-08,2025-11-11,3,Second Class,Ahmed Mansour,Home Office,Egypt,Gharbia,El Mahalla El Kubra,Karim Salah,TEC-MA-291,Technology,Machines,8,5541.86,0.05,58965.39,40717.68,58965.39,18247.71,No
EG-2025-1994,2025-11-08,2025-11-11,3,Second Class,Ahmed Ezz,Corporate,Egypt,New Valley,Dakhla,Ahmed Ragab,OFF-BI-769,Office Supplies,Binders,9,72.24,0.0,910.22,673.7,910.22,236.52,No
EG-2025-1994,2025-11-09,2025-11-09,0,Same Day,Amr Hassan,Consumer,Egypt,Red Sea,Marsa Alam,Sara Amin,FUR-CH-839,Furniture,Chairs,3,862.97,0.1,3262.02,2561.74,3262.02,700.28,Yes
EG-2025-1995,2025-11-09,2025-11-09,0,Same Day,Tarek Sayed,Corporate,Egypt,Minya,Minya City,Mina Youssef,TEC-PH-952,Technology,Phones,1,1488.69,0.0,2084.17,1646.67,2084.17,437.5,No
EG-2025-1996,2025-11-09,2025-11-09,0,Same Day,Ahmed Ezz,Consumer,Egypt,Cairo,Maadi,Ahmed Ragab,CLO-SH-982,Clothing & Apparel,Shirts,10,399.64,0.15,4755.72,3188.56,4755.72,1567.16,No
EG-2025-1995,2025-11-10,2025-11-15,5,Standard Class,Farouk El-Fishawy,Consumer,Egypt,Asyut,Dairut,Karim Salah,OFF-AR-533,Office Supplies,Art,9,54.43,0.0,685.82,452.39,685.82,233.43,No
EG-2025-1996,2025-11-11,2025-11-16,5,Standard Class,Adel Emam,Home Office,Egypt,Minya,Minya City,Sara Amin,SPO-FI-809,Sports & Outdoors,Fitness Equipment,3,2919.8,0.15,10423.69,7856.09,10423.69,2567.6,No
EG-2025-1997,2025-11-12,2025-11-17,5,Standard Class,Amr Hassan,Home Office,Egypt,Giza,Dokki,Karim Salah,TEC-MA-590,Technology,Machines,5,5466.96,0.0,38268.72,28574.62,38268.72,9694.1,No
EG-2025-1998,2025-11-13,2025-11-15,2,Second Class,Amir Karara,Consumer,Egypt,Dakahlia,Talkha,Karim Salah,CLO-JA-771,Clothing & Apparel,Jackets,4,1820.51,0.0,10194.86,6900.75,10194.86,3294.11,No
EG-2025-1999,2025-11-14,2025-11-15,1,First Class,Wael Jassar,Home Office,Egypt,Port Said,Al Sharq,Noha Mahmoud,TEC-MA-739,Technology,Machines,6,5444.08,0.1,41157.24,32126.21,41157.24,9031.03,No
EG-2025-2000,2025-11-14,2025-11-17,3,Second Class,Yasmine Sabri,Home Office,Egypt,Alexandria,Stanly,Amr Salah,CLO-SH-925,Clothing & Apparel,Shoes,3,1241.48,0.0,5214.22,3940.16,5214.22,1274.06,No
EG-2025-2000,2025-11-15,2025-11-20,5,Standard Class,Maged El-Kedwany,Corporate,Egypt,Cairo,New Cairo,Karim Salah,FUR-FU-541,Furniture,Furnishings,2,152.02,0.0,425.66,301.12,425.66,124.54,No
EG-2025-2001,2025-11-15,2025-11-15,0,Same Day,Sahar El-Sayegh,Corporate,Egypt,Dakahlia,Mit Ghamr,Noha Mahmoud,CLO-SH-813,Clothing & Apparel,Shoes,2,1237.18,0.0,3464.1,2301.8,3464.1,1162.3,No
EG-2025-2001,2025-11-16,2025-11-17,1,First Class,Karim Abdelaziz,Home Office,Egypt,Fayoum,Fayoum City,Ahmed Ragab,TEC-AC-118,Technology,Accessories,7,349.54,0.0,3425.49,2342.05,3425.49,1083.44,No
EG-2025-2002,2025-11-16,2025-11-22,6,Standard Class,Mahmoud Yassin,Home Office,Egypt,Fayoum,Fayoum City,Ahmed Ragab,HOM-MI-889,Home Appliances,Microwaves,3,3214.8,0.0,13502.16,10375.12,13502.16,3127.04,No
EG-2025-2003,2025-11-16,2025-11-20,4,Standard Class,Wael Jassar,Consumer,Egypt,Qena,Qena City,Sara Amin,FUR-TA-214,Furniture,Tables,3,4933.71,0.0,20721.58,15373.27,20721.58,5348.31,No
EG-2025-2002,2025-11-17,2025-11-21,4,Standard Class,Maged El-Kedwany,Consumer,Egypt,North Sinai,Rafah,Amr Salah,CLO-PA-247,Clothing & Apparel,Pants,10,634.45,0.0,8882.3,6784.66,8882.3,2097.64,No
EG-2025-2003,2025-11-17,2025-11-19,2,Second Class,Mena Shalaby,Corporate,Egypt,Kafr El-Sheikh,Kafr El-Sheikh City,Sara Amin,FUR-BO-840,Furniture,Bookcases,10,1931.55,0.0,27041.7,19237.95,27041.7,7803.75,No
EG-2025-2003,2025-11-18,2025-11-20,2,Second Class,Adel Emam,Home Office,Egypt,Qena,Abu Tesht,Mina Youssef,CLO-SH-845,Clothing & Apparel,Shirts,2,372.39,0.15,886.29,601.71,886.29,284.58,No
EG-2025-2004,2025-11-19,2025-11-22,3,Second Class,Dina El-Sherbiny,Home Office,Egypt,Kafr El-Sheikh,Kafr El-Sheikh City,Youssef Khaled,CLO-JA-686,Clothing & Apparel,Jackets,7,1823.08,0.0,17866.18,11798.16,17866.18,6068.02,No
EG-2025-2005,2025-11-20,2025-11-25,5,Standard Class,Adel Emam,Home Office,Egypt,Sharqia,10th of Ramadan,Karim Salah,SPO-BI-510,Sports & Outdoors,Bicycles,2,4098.72,0.05,10902.6,7465.97,10902.6,3436.63,No
EG-2025-2006,2025-11-20,2025-11-26,6,Standard Class,Ahmed Ezz,Consumer,Egypt,Matrouh,Siwa,Karim Salah,FUR-TA-179,Furniture,Tables,6,4638.22,0.0,38961.05,30932.57,38961.05,8028.48,No
EG-2025-2007,2025-11-20,2025-11-25,5,Standard Class,Wael Jassar,Home Office,Egypt,Kafr El-Sheikh,Baltim,Noha Mahmoud,OFF-AR-652,Office Supplies,Art,2,65.46,0.0,183.29,135.39,183.29,47.9,No
EG-2025-2006,2025-11-21,2025-11-22,1,First Class,Mahmoud Saad,Consumer,Egypt,Qalyubia,Shubra El-Kheima,Noha Mahmoud,FUR-FU-678,Furniture,Furnishings,10,140.18,0.0,1962.52,1463.03,1962.52,499.49,No
EG-2025-2007,2025-11-22,2025-11-28,6,Standard Class,Amr Diab,Consumer,Egypt,Qena,Nag Hammadi,Ahmed Ragab,HOM-AI-550,Home Appliances,Air Conditioners,8,16269.54,0.0,182218.85,124899.08,182218.85,57319.77,No
EG-2025-2008,2025-11-22,2025-11-25,3,Second Class,Hazem Emam,Corporate,Egypt,Cairo,Maadi,Youssef Khaled,SPO-FI-772,Sports & Outdoors,Fitness Equipment,1,3125.88,0.0,4376.23,3476.1,4376.23,900.13,No
EG-2025-2008,2025-11-23,2025-11-23,0,Same Day,Mona Abdelrahman,Consumer,Egypt,Kafr El-Sheikh,Baltim,Mina Youssef,FUR-TA-997,Furniture,Tables,10,4454.67,0.0,62365.38,49495.76,62365.38,12869.62,No
EG-2025-2009,2025-11-23,2025-11-26,3,Second Class,Sherif Anwar,Consumer,Egypt,South Sinai,Sharm El-Sheikh,Amr Salah,OFF-BI-274,Office Supplies,Binders,8,77.87,0.0,872.14,678.98,872.14,193.16,No
EG-2025-2010,2025-11-23,2025-11-27,4,Standard Class,Hany Ramzy,Corporate,Egypt,Asyut,Asyut City,Ahmed Ragab,TEC-MA-162,Technology,Machines,4,5210.71,0.0,29179.98,19195.7,29179.98,9984.28,Yes
EG-2025-2009,2025-11-24,2025-11-26,2,Second Class,Yasmine Sabri,Corporate,Egypt,Beni Suef,Beni Suef City,Noha Mahmoud,HOM-RE-198,Home Appliances,Refrigerators,10,11996.9,0.0,167956.6,119509.59,167956.6,48447.01,No
EG-2025-2010,2025-11-24,2025-11-24,0,Same Day,Dina El-Sherbiny,Consumer,Egypt,Ismailia,Fayed,Karim Salah,TEC-MA-220,Technology,Machines,8,5516.43,0.0,61784.02,42582.47,61784.02,19201.55,No
EG-2025-2010,2025-11-25,2025-11-25,0,Same Day,Amina Khalil,Corporate,Egypt,Damietta,New Damietta,Sara Amin,TEC-MA-376,Technology,Machines,8,5485.36,0.0,61436.03,42534.57,61436.03,18901.46,No
EG-2025-2011,2025-11-25,2025-11-30,5,Standard Class,Farouk El-Fishawy,Consumer,Egypt,Red Sea,Hurghada,Sara Amin,TEC-PH-916,Technology,Phones,8,1649.14,0.0,18470.37,12636.69,18470.37,5833.68,No
EG-2025-2012,2025-11-25,2025-11-27,2,Second Class,Farouk El-Fishawy,Consumer,Egypt,Kafr El-Sheikh,Desouk,Karim Salah,CLO-SH-199,Clothing & Apparel,Shirts,3,387.85,0.0,1628.97,1244.45,1628.97,384.52,No
EG-2025-2011,2025-11-26,2025-11-30,4,Standard Class,Asmaa Galal,Corporate,Egypt,New Valley,Farafra,Youssef Khaled,OFF-PA-869,Office Supplies,Paper,6,49.1,0.0,412.44,328.44,412.44,84.0,No
EG-2025-2012,2025-11-27,2025-11-29,2,Second Class,Khaled El-Nabawy,Home Office,Egypt,Suez,Attaka,Sara Amin,TEC-CO-544,Technology,Copiers,6,5343.15,0.0,44882.46,33431.65,44882.46,11450.81,No
EG-2025-2013,2025-11-27,2025-12-02,5,Standard Class,Ahmed Mansour,Consumer,Egypt,Qalyubia,Shubra El-Kheima,Mina Youssef,OFF-PA-786,Office Supplies,Paper,1,51.39,0.0,71.95,49.42,71.95,22.53,No
EG-2025-2014,2025-11-27,2025-11-28,1,First Class,Mahmoud Saad,Consumer,Egypt,Sharqia,Belbeis,Karim Salah,CLO-PA-159,Clothing & Apparel,Pants,8,592.17,0.1,5969.07,3924.0,5969.07,2045.07,No
EG-2025-2013,2025-11-28,2025-11-28,0,Same Day,Mena Shalaby,Consumer,Egypt,Asyut,Asyut City,Amr Salah,HOM-MI-356,Home Appliances,Microwaves,4,3590.35,0.15,17090.07,12405.99,17090.07,4684.08,No
EG-2025-2014,2025-11-28,2025-12-03,5,Standard Class,Hany Ramzy,Home Office,Egypt,Dakahlia,Mansoura,Karim Salah,TEC-MA-392,Technology,Machines,2,5847.44,0.0,16372.83,11961.9,16372.83,4410.93,No
EG-2025-2015,2025-11-28,2025-11-29,1,First Class,Hassan El-Raddad,Home Office,Egypt,Aswan,Edfu,Sara Amin,OFF-BI-304,Office Supplies,Binders,10,84.23,0.1,1061.3,821.9,1061.3,239.4,No
EG-2025-2014,2025-11-29,2025-12-01,2,Second Class,Youssef Hussein,Home Office,Egypt,Matrouh,Alamein,Youssef Khaled,TEC-PH-905,Technology,Phones,3,1558.46,0.0,6545.53,4506.35,6545.53,2039.18,No
EG-2025-2015,2025-11-30,2025-12-03,3,Second Class,Karim Abdelaziz,Home Office,Egypt,Giza,Sheikh Zayed,Sara Amin,TEC-PH-370,Technology,Phones,9,1618.08,0.0,20387.81,15677.71,20387.81,4710.1,No
EG-2025-2016,2025-11-30,2025-12-01,1,First Class,Farouk El-Fishawy,Home Office,Egypt,Minya,Mallawi,Ahmed Ragab,TEC-MA-367,Technology,Machines,4,5434.82,0.05,28913.24,19075.7,28913.24,9837.54,No
EG-2025-2016,2025-12-01,2025-12-04,3,Second Class,Mohamed Ramadan,Consumer,Egypt,Giza,6th of October,Youssef Khaled,CLO-JA-787,Clothing & Apparel,Jackets,6,1877.97,0.0,15774.95,10669.22,15774.95,5105.73,No
EG-2025-2017,2025-12-02,2025-12-02,0,Same Day,Ahmed Helmy,Consumer,Egypt,Gharbia,El Mahalla El Kubra,Mina Youssef,TEC-MA-418,Technology,Machines,6,5209.77,0.0,43762.07,31353.47,43762.07,12408.6,No
EG-2025-2018,2025-12-02,2025-12-04,2,Second Class,Tamer Hosny,Home Office,Egypt,Luxor,Luxor City,Ahmed Ragab,HOM-BL-471,Home Appliances,Blenders,10,879.53,0.0,12313.42,8889.07,12313.42,3424.35,No
EG-2025-2019,2025-12-02,2025-12-04,2,Second Class,Tarek Sayed,Consumer,Egypt,North Sinai,Arish,Noha Mahmoud,CLO-SH-944,Clothing & Apparel,Shoes,8,1250.07,0.0,14000.78,9810.31,14000.78,4190.47,No
EG-2025-2018,2025-12-03,2025-12-09,6,Standard Class,Hussein Fahmy,Corporate,Egypt,Suez,Arbaeen,Sara Amin,CLO-SH-209,Clothing & Apparel,Shirts,1,367.74,0.0,514.84,374.38,514.84,140.46,No
EG-2025-2019,2025-12-03,2025-12-08,5,Standard Class,Ahmed Ezz,Corporate,Egypt,Matrouh,Alamein,Youssef Khaled,FUR-BO-355,Furniture,Bookcases,6,2013.87,0.15,14379.03,9944.45,14379.03,4434.58,No
EG-2025-2019,2025-12-04,2025-12-08,4,Standard Class,Hazem Emam,Home Office,Egypt,Alexandria,Miami,Youssef Khaled,HOM-RE-656,Home Appliances,Refrigerators,7,12188.58,0.0,119448.08,81405.09,119448.08,38042.99,No
EG-2025-2020,2025-12-05,2025-12-05,0,Same Day,Farouk El-Fishawy,Corporate,Egypt,Sharqia,10th of Ramadan,Karim Salah,OFF-AR-828,Office Supplies,Art,3,57.74,0.0,242.51,183.37,242.51,59.14,No
EG-2025-2021,2025-12-06,2025-12-10,4,Standard Class,Amr Diab,Consumer,Egypt,Damietta,Ras El Bar,Sara Amin,SPO-FI-895,Sports & Outdoors,Fitness Equipment,9,2850.03,0.0,35910.38,27545.43,35910.38,8364.95,No
EG-2025-2022,2025-12-08,2025-12-10,2,Second Class,Ahmed Ezz,Home Office,Egypt,Red Sea,Marsa Alam,Mina Youssef,SPO-FI-659,Sports & Outdoors,Fitness Equipment,8,3213.06,0.0,35986.27,24632.69,35986.27,11353.58,No
EG-2025-2023,2025-12-08,2025-12-13,5,Standard Class,Hazem Emam,Home Office,Egypt,Minya,Minya City,Mina Youssef,OFF-PA-670,Office Supplies,Paper,8,54.34,0.15,517.32,383.69,517.32,133.63,No
EG-2025-2023,2025-12-09,2025-12-11,2,Second Class,Mayan El-Sayed,Consumer,Egypt,Luxor,Armant,Sara Amin,SPO-FI-471,Sports & Outdoors,Fitness Equipment,5,2886.49,0.0,20205.43,15636.42,20205.43,4569.01,No
EG-2025-2024,2025-12-09,2025-12-12,3,Second Class,Wael Jassar,Corporate,Egypt,North Sinai,Sheikh Zuweid,Karim Salah,CLO-SH-164,Clothing & Apparel,Shoes,5,1190.63,0.0,8334.41,5734.39,8334.41,2600.02,No
EG-2025-2025,2025-12-09,2025-12-13,4,Standard Class,Sahar El-Sayegh,Consumer,Egypt,Monufia,Sadat City,Ahmed Ragab,SPO-FI-641,Sports & Outdoors,Fitness Equipment,7,3028.46,0.15,25227.07,16550.55,25227.07,8676.52,Yes
EG-2025-2024,2025-12-10,2025-12-14,4,Standard Class,Dina El-Sherbiny,Consumer,Egypt,Cairo,New Cairo,Sara Amin,HOM-AI-492,Home Appliances,Air Conditioners,4,16971.54,0.15,80784.53,61352.18,80784.53,19432.35,No
EG-2025-2025,2025-12-10,2025-12-14,4,Standard Class,Yasmine Sabri,Corporate,Egypt,Kafr El-Sheikh,Kafr El-Sheikh City,Noha Mahmoud,HOM-MI-308,Home Appliances,Microwaves,7,3475.44,0.05,32356.34,22527.09,32356.34,9829.25,No
EG-2025-2025,2025-12-11,2025-12-13,2,Second Class,Hend Sabry,Consumer,Egypt,Damietta,Ras El Bar,Sara Amin,CLO-SH-921,Clothing & Apparel,Shoes,2,1188.28,0.15,2828.1,2234.16,2828.1,593.94,No
EG-2025-2026,2025-12-11,2025-12-16,5,Standard Class,Hassan El-Raddad,Consumer,Egypt,Suez,Attaka,Mina Youssef,HOM-AI-937,Home Appliances,Air Conditioners,10,15518.75,0.0,217262.5,172524.03,217262.5,44738.47,No
EG-2025-2027,2025-12-11,2025-12-17,6,Standard Class,Mahmoud Saad,Home Office,Egypt,Gharbia,El Mahalla El Kubra,Ahmed Ragab,OFF-ST-517,Office Supplies,Storage,10,268.29,0.0,3756.06,2561.94,3756.06,1194.12,No
EG-2025-2026,2025-12-12,2025-12-13,1,First Class,Hassan El-Raddad,Corporate,Egypt,Qena,Qena City,Youssef Khaled,SPO-BI-486,Sports & Outdoors,Bicycles,5,4795.92,0.0,33571.44,22280.41,33571.44,11291.03,No
EG-2025-2027,2025-12-13,2025-12-13,0,Same Day,Sherif Anwar,Home Office,Egypt,Qalyubia,Banha,Mina Youssef,CLO-JA-353,Clothing & Apparel,Jackets,6,1973.93,0.1,14922.91,10399.66,14922.91,4523.25,No
EG-2025-2028,2025-12-13,2025-12-13,0,Same Day,Ahmed Mekky,Home Office,Egypt,Beheira,Kafr El Dawar,Youssef Khaled,TEC-CO-398,Technology,Copiers,4,5110.91,0.0,28621.1,21817.93,28621.1,6803.17,No
EG-2025-2028,2025-12-14,2025-12-15,1,First Class,Mena Shalaby,Home Office,Egypt,Aswan,Aswan City,Youssef Khaled,OFF-AR-568,Office Supplies,Art,1,63.78,0.0,89.29,68.57,89.29,20.72,No
EG-2025-2029,2025-12-14,2025-12-16,2,Second Class,Ghada Abdelrazek,Consumer,Egypt,Port Said,Al Arab,Amr Salah,HOM-BL-480,Home Appliances,Blenders,4,785.85,0.05,4180.72,3203.14,4180.72,977.58,No
EG-2025-2029,2025-12-15,2025-12-16,1,First Class,Hussein Fahmy,Consumer,Egypt,Suez,Suez City,Ahmed Ragab,FUR-FU-912,Furniture,Furnishings,4,153.17,0.0,857.75,561.82,857.75,295.93,No
EG-2025-2030,2025-12-16,2025-12-17,1,First Class,Hazem Emam,Corporate,Egypt,Beheira,Kafr El Dawar,Noha Mahmoud,CLO-PA-282,Clothing & Apparel,Pants,2,585.97,0.0,1640.72,1164.12,1640.72,476.6,Yes
EG-2025-2031,2025-12-16,2025-12-18,2,Second Class,Jamila Awad,Home Office,Egypt,Ismailia,Ismailia City,Noha Mahmoud,TEC-AC-399,Technology,Accessories,10,375.47,0.0,5256.58,3809.35,5256.58,1447.23,No
EG-2025-2031,2025-12-17,2025-12-19,2,Second Class,Omar Sherif,Home Office,Egypt,New Valley,Farafra,Youssef Khaled,CLO-SH-209,Clothing & Apparel,Shirts,9,421.26,0.15,4511.7,2988.42,4511.7,1523.28,No
EG-2025-2032,2025-12-17,2025-12-23,6,Standard Class,Omar Sherif,Home Office,Egypt,South Sinai,Nuweiha,Ahmed Ragab,OFF-AR-649,Office Supplies,Art,7,60.17,0.05,560.19,394.13,560.19,166.06,No
EG-2025-2032,2025-12-18,2025-12-21,3,Second Class,Karim Abdelaziz,Home Office,Egypt,Cairo,New Cairo,Noha Mahmoud,TEC-AC-407,Technology,Accessories,1,362.91,0.0,508.07,366.27,508.07,141.8,No
EG-2025-2033,2025-12-19,2025-12-25,6,Standard Class,Dina El-Sherbiny,Home Office,Egypt,Luxor,Luxor City,Noha Mahmoud,TEC-AC-683,Technology,Accessories,3,361.64,0.1,1367.0,923.54,1367.0,443.46,No
EG-2025-2034,2025-12-19,2025-12-21,2,Second Class,Tarek Sayed,Home Office,Egypt,Cairo,Maadi,Mina Youssef,CLO-SH-204,Clothing & Apparel,Shirts,3,395.31,0.0,1660.3,1153.74,1660.3,506.56,No
EG-2025-2034,2025-12-20,2025-12-24,4,Standard Class,Hany Ramzy,Consumer,Egypt,Qalyubia,Khanka,Ahmed Ragab,CLO-JA-331,Clothing & Apparel,Jackets,9,1967.24,0.0,24787.22,18431.93,24787.22,6355.29,No
EG-2025-2035,2025-12-20,2025-12-23,3,Second Class,Youssef Hussein,Home Office,Egypt,Aswan,Edfu,Youssef Khaled,TEC-PH-759,Technology,Phones,5,1644.08,0.05,10933.13,8074.63,10933.13,2858.5,No
EG-2025-2035,2025-12-21,2025-12-27,6,Standard Class,Karim Mahmoud,Corporate,Egypt,Damietta,Ras El Bar,Amr Salah,FUR-BO-821,Furniture,Bookcases,6,2058.01,0.0,17287.28,12612.31,17287.28,4674.97,No
EG-2025-2036,2025-12-21,2025-12-24,3,Second Class,Amina Khalil,Consumer,Egypt,Alexandria,Smouha,Amr Salah,CLO-SH-782,Clothing & Apparel,Shirts,8,361.52,0.0,4049.02,3194.06,4049.02,854.96,No
EG-2025-2037,2025-12-21,2025-12-24,3,Second Class,Mona Abdelrahman,Home Office,Egypt,Red Sea,Hurghada,Sara Amin,CLO-SH-592,Clothing & Apparel,Shoes,3,1082.14,0.0,4544.99,3084.25,4544.99,1460.74,No
EG-2025-2036,2025-12-22,2025-12-23,1,First Class,Youssef Hussein,Home Office,Egypt,Suez,Attaka,Mina Youssef,OFF-PA-640,Office Supplies,Paper,7,45.05,0.0,441.49,332.0,441.49,109.49,No
EG-2025-2037,2025-12-23,2025-12-24,1,First Class,Hussein Fahmy,Consumer,Egypt,New Valley,Kharga,Noha Mahmoud,SPO-FI-967,Sports & Outdoors,Fitness Equipment,8,2932.12,0.0,32839.74,22013.54,32839.74,10826.2,No
EG-2025-2038,2025-12-23,2025-12-29,6,Standard Class,Huda El-Mufti,Consumer,Egypt,Port Said,Al Arab,Youssef Khaled,TEC-CO-266,Technology,Copiers,2,5177.89,0.05,13773.19,10270.55,13773.19,3502.64,No
EG-2025-2038,2025-12-24,2025-12-26,2,Second Class,Mohamed Ramadan,Corporate,Egypt,South Sinai,Sharm El-Sheikh,Karim Salah,FUR-TA-332,Furniture,Tables,3,4262.07,0.0,17900.69,12322.58,17900.69,5578.11,No
EG-2025-2039,2025-12-24,2025-12-29,5,Standard Class,Mona Abdelrahman,Consumer,Egypt,Luxor,Armant,Amr Salah,FUR-CH-399,Furniture,Chairs,4,766.03,0.15,3646.3,2800.09,3646.3,846.21,No
EG-2025-2040,2025-12-24,2025-12-25,1,First Class,Hazem Emam,Home Office,Egypt,New Valley,Dakhla,Youssef Khaled,OFF-PA-268,Office Supplies,Paper,10,48.41,0.0,677.74,459.93,677.74,217.81,No
EG-2025-2039,2025-12-25,2025-12-25,0,Same Day,Farouk El-Fishawy,Home Office,Egypt,Giza,Dokki,Mina Youssef,TEC-AC-991,Technology,Accessories,2,327.99,0.0,918.37,686.46,918.37,231.91,No
EG-2025-2040,2025-12-25,2025-12-29,4,Standard Class,Hussein Fahmy,Corporate,Egypt,New Valley,Farafra,Karim Salah,CLO-SH-522,Clothing & Apparel,Shoes,2,1099.07,0.05,2923.53,2239.3,2923.53,684.23,No
EG-2025-2040,2025-12-26,2025-12-30,4,Standard Class,Nour El-Sherif,Consumer,Egypt,Asyut,Dairut,Youssef Khaled,OFF-PA-578,Office Supplies,Paper,7,50.25,0.0,492.45,343.08,492.45,149.37,No
EG-2025-2041,2025-12-27,2025-12-27,0,Same Day,Huda El-Mufti,Home Office,Egypt,Beheira,Kafr El Dawar,Ahmed Ragab,FUR-FU-835,Furniture,Furnishings,4,159.75,0.15,760.41,508.02,760.41,252.39,No
EG-2025-2042,2025-12-27,2025-12-28,1,First Class,Mahmoud Yassin,Consumer,Egypt,Fayoum,Tamiya,Ahmed Ragab,TEC-AC-342,Technology,Accessories,3,335.74,0.0,1410.11,1077.45,1410.11,332.66,No
EG-2025-2042,2025-12-28,2025-12-30,2,Second Class,Yasmine Sabri,Corporate,Egypt,Minya,Samalut,Sara Amin,OFF-ST-743,Office Supplies,Storage,4,253.32,0.05,1347.66,1003.85,1347.66,343.81,No
EG-2025-2043,2025-12-28,2026-01-03,6,Standard Class,Hend Sabry,Consumer,Egypt,Ismailia,Fayed,Karim Salah,CLO-SH-994,Clothing & Apparel,Shirts,4,412.63,0.0,2310.73,1707.67,2310.73,603.06,No
EG-2025-2044,2025-12-28,2026-01-03,6,Standard Class,Mahmoud Saad,Home Office,Egypt,Port Said,Al Arab,Amr Salah,TEC-AC-691,Technology,Accessories,2,360.19,0.05,958.1,741.54,958.1,216.56,No
EG-2025-2043,2025-12-29,2025-12-30,1,First Class,Nour El-Sherif,Home Office,Egypt,Sharqia,Zagazig,Karim Salah,TEC-CO-382,Technology,Copiers,2,4607.86,0.05,12256.91,9316.67,12256.91,2940.24,No
EG-2025-2044,2025-12-30,2026-01-05,6,Standard Class,Hany Ramzy,Corporate,Egypt,Beheira,Kafr El Dawar,Ahmed Ragab,CLO-PA-635,Clothing & Apparel,Pants,7,585.9,0.0,5741.82,4456.53,5741.82,1285.29,No
EG-2025-2045,2025-12-31,2026-01-04,4,Standard Class,Tarek Sayed,Home Office,Egypt,Gharbia,Tanta,Karim Salah,CLO-JA-902,Clothing & Apparel,Jackets,6,1864.94,0.0,15665.5,11040.81,15665.5,4624.69,No
EG-2026-2046,2026-01-01,2026-01-04,3,Second Class,Ghada Abdelrazek,Home Office,Egypt,Gharbia,El Mahalla El Kubra,Sara Amin,HOM-AI-358,Home Appliances,Air Conditioners,4,14902.6,0.05,90607.81,65442.9,90607.81,25164.91,No
EG-2026-2047,2026-01-02,2026-01-03,1,First Class,Amir Karara,Home Office,Egypt,Kafr El-Sheikh,Baltim,Amr Salah,OFF-AR-277,Office Supplies,Art,7,63.23,0.0,708.18,529.2,708.18,178.98,No
EG-2026-2048,2026-01-03,2026-01-07,4,Standard Class,Omar Sherif,Home Office,Egypt,Alexandria,Miami,Ahmed Ragab,TEC-PH-855,Technology,Phones,10,1465.44,0.0,23447.04,17496.66,23447.04,5950.38,No
EG-2026-2049,2026-01-03,2026-01-09,6,Standard Class,Hassan El-Raddad,Corporate,Egypt,Ismailia,Al Qantara,Youssef Khaled,HOM-RE-420,Home Appliances,Refrigerators,9,11152.35,0.0,160593.84,106402.65,160593.84,54191.19,Yes
EG-2026-2049,2026-01-04,2026-01-04,0,Same Day,Aya Mahmoud,Home Office,Egypt,Dakahlia,Mansoura,Noha Mahmoud,CLO-PA-520,Clothing & Apparel,Pants,6,579.94,0.05,5289.05,3540.44,5289.05,1748.61,No
EG-2026-2050,2026-01-04,2026-01-10,6,Standard Class,Mohamed Ramadan,Home Office,Egypt,Fayoum,Sinnuris,Noha Mahmoud,HOM-MI-218,Home Appliances,Microwaves,7,3557.16,0.0,39840.19,29711.42,39840.19,10128.77,No
EG-2026-2051,2026-01-04,2026-01-10,6,Standard Class,Jamila Awad,Home Office,Egypt,Alexandria,Stanly,Ahmed Ragab,CLO-SH-386,Clothing & Apparel,Shirts,10,368.76,0.05,5605.15,3742.98,5605.15,1862.17,No
EG-2026-2050,2026-01-05,2026-01-10,5,Standard Class,Nour El-Sherif,Consumer,Egypt,Minya,Samalut,Youssef Khaled,FUR-TA-872,Furniture,Tables,10,4711.82,0.0,75389.12,49105.6,75389.12,26283.52,No
EG-2026-2051,2026-01-05,2026-01-09,4,Standard Class,Mayan El-Sayed,Home Office,Egypt,Beheira,Kafr El Dawar,Mina Youssef,HOM-AI-970,Home Appliances,Air Conditioners,9,16818.08,0.1,217962.31,142376.04,217962.31,75586.27,No
EG-2026-2051,2026-01-06,2026-01-10,4,Standard Class,Mahmoud Saad,Consumer,Egypt,New Valley,Kharga,Sara Amin,FUR-BO-795,Furniture,Bookcases,8,1856.45,0.05,22574.43,15603.43,22574.43,6971.0,No
EG-2026-2052,2026-01-06,2026-01-06,0,Same Day,Hussein Fahmy,Home Office,Egypt,Matrouh,Marsa Matrouh,Ahmed Ragab,OFF-ST-939,Office Supplies,Storage,7,281.01,0.05,2989.94,2187.58,2989.94,802.36,No
EG-2026-2053,2026-01-06,2026-01-12,6,Standard Class,Hussein Fahmy,Consumer,Egypt,Minya,Samalut,Noha Mahmoud,SPO-FI-358,Sports & Outdoors,Fitness Equipment,10,3090.58,0.0,49449.28,34212.13,49449.28,15237.15,No
EG-2026-2052,2026-01-07,2026-01-13,6,Standard Class,Maged El-Kedwany,Corporate,Egypt,Monufia,Menouf,Mina Youssef,TEC-CO-880,Technology,Copiers,6,5002.24,0.0,48021.5,37955.29,48021.5,10066.21,No
EG-2026-2053,2026-01-08,2026-01-13,5,Standard Class,Hazem Emam,Consumer,Egypt,Qalyubia,Shubra El-Kheima,Amr Salah,FUR-BO-311,Furniture,Bookcases,9,1822.19,0.0,26239.54,19673.25,26239.54,6566.29,No
EG-2026-2054,2026-01-09,2026-01-09,0,Same Day,Tarek Sayed,Home Office,Egypt,Giza,Sheikh Zayed,Youssef Khaled,TEC-CO-275,Technology,Copiers,6,5014.15,0.1,43322.26,31340.77,43322.26,11981.49,No
EG-2026-2055,2026-01-09,2026-01-15,6,Standard Class,Mona Zaki,Corporate,Egypt,New Valley,Kharga,Mina Youssef,FUR-CH-914,Furniture,Chairs,3,783.83,0.05,3574.26,2748.56,3574.26,825.7,No
EG-2026-2056,2026-01-09,2026-01-13,4,Standard Class,Eyad Nassar,Home Office,Egypt,Fayoum,Sinnuris,Amr Salah,HOM-RE-480,Home Appliances,Refrigerators,1,12663.62,0.0,20261.79,15265.03,20261.79,4996.76,No
EG-2026-2055,2026-01-10,2026-01-12,2,Second Class,Asser Yassin,Consumer,Egypt,Sharqia,Zagazig,Youssef Khaled,FUR-BO-847,Furniture,Bookcases,10,1984.7,0.05,30167.44,20842.79,30167.44,9324.65,No
EG-2026-2056,2026-01-11,2026-01-11,0,Same Day,Amr Diab,Corporate,Egypt,Sharqia,Zagazig,Youssef Khaled,SPO-SP-105,Sports & Outdoors,Sportswear,6,495.35,0.0,4755.36,3551.44,4755.36,1203.92,No
EG-2026-2057,2026-01-11,2026-01-15,4,Standard Class,Jamila Awad,Consumer,Egypt,Damietta,Ras El Bar,Ahmed Ragab,SPO-SP-662,Sports & Outdoors,Sportswear,4,454.07,0.0,2906.05,2302.2,2906.05,603.85,No
EG-2026-2057,2026-01-12,2026-01-18,6,Standard Class,Ghada Abdelrazek,Corporate,Egypt,South Sinai,Dahab,Youssef Khaled,SPO-SP-544,Sports & Outdoors,Sportswear,4,515.34,0.05,3133.27,2067.97,3133.27,1065.3,No
EG-2026-2058,2026-01-13,2026-01-15,2,Second Class,Khaled El-Nabawy,Corporate,Egypt,North Sinai,Rafah,Noha Mahmoud,TEC-CO-150,Technology,Copiers,4,4991.7,0.15,27154.85,20144.0,27154.85,7010.85,No
EG-2026-2059,2026-01-13,2026-01-17,4,Standard Class,Tara Emad,Corporate,Egypt,Sohag,Tahta,Karim Salah,TEC-CO-275,Technology,Copiers,3,4791.89,0.0,23001.07,15649.56,23001.07,7351.51,No
EG-2026-2060,2026-01-13,2026-01-18,5,Standard Class,Omar Sherif,Consumer,Egypt,Sohag,Akhmim,Sara Amin,HOM-MI-519,Home Appliances,Microwaves,5,3533.54,0.15,24028.07,18573.3,24028.07,5454.77,No
EG-2026-2059,2026-01-14,2026-01-16,2,Second Class,Mohamed Ali,Consumer,Egypt,Asyut,Asyut City,Mina Youssef,OFF-ST-567,Office Supplies,Storage,10,273.7,0.05,4160.24,2993.11,4160.24,1167.13,No
EG-2026-2060,2026-01-14,2026-01-20,6,Standard Class,Tarek Sayed,Home Office,Egypt,Luxor,Esna,Karim Salah,CLO-SH-166,Clothing & Apparel,Shoes,3,1286.5,0.1,5557.68,4058.01,5557.68,1499.67,No
EG-2026-2060,2026-01-15,2026-01-20,5,Standard Class,Khaled El-Nabawy,Corporate,Egypt,North Sinai,Arish,Noha Mahmoud,SPO-SP-691,Sports & Outdoors,Sportswear,7,513.41,0.05,5462.68,4240.71,5462.68,1221.97,No
EG-2026-2061,2026-01-15,2026-01-19,4,Standard Class,Reem Moustafa,Consumer,Egypt,Cairo,New Cairo,Ahmed Ragab,FUR-CH-497,Furniture,Chairs,9,933.47,0.0,13441.97,9872.18,13441.97,3569.79,No
EG-2026-2062,2026-01-15,2026-01-18,3,Second Class,Tara Emad,Consumer,Egypt,Alexandria,Stanly,Amr Salah,FUR-TA-575,Furniture,Tables,9,4805.42,0.0,69198.05,45799.98,69198.05,23398.07,No
EG-2026-2061,2026-01-16,2026-01-18,2,Second Class,Asma Abulyazeid,Corporate,Egypt,New Valley,Farafra,Karim Salah,FUR-FU-672,Furniture,Furnishings,3,164.9,0.15,672.79,475.79,672.79,197.0,No
EG-2026-2062,2026-01-16,2026-01-20,4,Standard Class,Amina Khalil,Corporate,Egypt,Qalyubia,Khanka,Amr Salah,HOM-AI-809,Home Appliances,Air Conditioners,3,15395.65,0.05,70204.16,50534.79,70204.16,19669.37,No
EG-2026-2063,2026-01-16,2026-01-17,1,First Class,Dina El-Sherbiny,Consumer,Egypt,Red Sea,Hurghada,Sara Amin,CLO-SH-895,Clothing & Apparel,Shirts,9,432.98,0.1,5611.42,4053.06,5611.42,1558.36,No
EG-2026-2062,2026-01-17,2026-01-23,6,Standard Class,Asser Yassin,Home Office,Egypt,Alexandria,Smouha,Karim Salah,FUR-TA-615,Furniture,Tables,3,4869.45,0.0,23373.36,18630.18,23373.36,4743.18,No
EG-2026-2063,2026-01-17,2026-01-20,3,Second Class,Yasmine Sabri,Home Office,Egypt,Qena,Nag Hammadi,Youssef Khaled,CLO-JA-653,Clothing & Apparel,Jackets,7,1764.8,0.0,19765.76,12900.84,19765.76,6864.92,No
EG-2026-2063,2026-01-18,2026-01-23,5,Standard Class,Asser Yassin,Consumer,Egypt,Beheira,Damanhour,Youssef Khaled,SPO-SP-302,Sports & Outdoors,Sportswear,5,452.62,0.0,3620.96,2854.15,3620.96,766.81,No
EG-2026-2064,2026-01-19,2026-01-24,5,Standard Class,Ahmed Mansour,Corporate,Egypt,Luxor,Esna,Karim Salah,HOM-MI-966,Home Appliances,Microwaves,5,3822.94,0.05,29054.34,19761.43,29054.34,9292.91,No
EG-2026-2065,2026-01-19,2026-01-20,1,First Class,Mai Ezz Eldin,Corporate,Egypt,Monufia,Sadat City,Youssef Khaled,CLO-PA-259,Clothing & Apparel,Pants,9,576.3,0.05,7883.78,5475.12,7883.78,2408.66,No
EG-2026-2065,2026-01-20,2026-01-26,6,Standard Class,Mona Zaki,Home Office,Egypt,Suez,Suez City,Noha Mahmoud,FUR-FU-158,Furniture,Furnishings,7,158.71,0.0,1777.55,1182.54,1777.55,595.01,No
EG-2026-2066,2026-01-21,2026-01-21,0,Same Day,Hany Ramzy,Corporate,Egypt,Gharbia,Zifta,Mina Youssef,FUR-FU-518,Furniture,Furnishings,5,158.8,0.0,1270.4,922.84,1270.4,347.56,No
EG-2026-2067,2026-01-21,2026-01-25,4,Standard Class,Hany Ramzy,Consumer,Egypt,Qena,Nag Hammadi,Youssef Khaled,FUR-BO-517,Furniture,Bookcases,5,1975.69,0.0,15805.52,10645.59,15805.52,5159.93,No
EG-2026-2068,2026-01-21,2026-01-27,6,Standard Class,Mahmoud Saad,Home Office,Egypt,Beheira,Damanhour,Mina Youssef,FUR-FU-793,Furniture,Furnishings,3,142.36,0.0,683.33,507.54,683.33,175.79,Yes
EG-2026-2067,2026-01-22,2026-01-22,0,Same Day,Karim Abdelaziz,Consumer,Egypt,Ismailia,Fayed,Ahmed Ragab,OFF-PA-304,Office Supplies,Paper,1,47.23,0.15,64.23,48.42,64.23,15.81,No
EG-2026-2068,2026-01-22,2026-01-28,6,Standard Class,Mona Zaki,Home Office,Egypt,Monufia,Sadat City,Noha Mahmoud,OFF-BI-587,Office Supplies,Binders,4,75.11,0.1,432.63,306.69,432.63,125.94,No
EG-2026-2069,2026-01-22,2026-01-24,2,Second Class,Karim Abdelaziz,Home Office,Egypt,North Sinai,Arish,Noha Mahmoud,HOM-AI-382,Home Appliances,Air Conditioners,8,15600.59,0.05,189703.17,125656.67,189703.17,64046.5,Yes
EG-2026-2068,2026-01-23,2026-01-27,4,Standard Class,Nelly Karim,Corporate,Egypt,Dakahlia,Mansoura,Amr Salah,SPO-FI-628,Sports & Outdoors,Fitness Equipment,7,3052.1,0.0,34183.52,27092.72,34183.52,7090.8,No
EG-2026-2069,2026-01-23,2026-01-27,4,Standard Class,Ahmed Ezz,Consumer,Egypt,Alexandria,Stanly,Youssef Khaled,HOM-BL-143,Home Appliances,Blenders,10,780.03,0.05,11856.46,8089.3,11856.46,3767.16,No
EG-2026-2070,2026-01-23,2026-01-26,3,Second Class,Hussein Fahmy,Consumer,Egypt,Sohag,Sohag City,Mina Youssef,SPO-FI-126,Sports & Outdoors,Fitness Equipment,1,3195.44,0.0,5112.7,3658.09,5112.7,1454.61,No
EG-2026-2069,2026-01-24,2026-01-27,3,Second Class,Adel Emam,Home Office,Egypt,Sharqia,Zagazig,Youssef Khaled,FUR-FU-600,Furniture,Furnishings,7,151.32,0.0,1694.78,1186.2,1694.78,508.58,No
EG-2026-2070,2026-01-24,2026-01-25,1,First Class,Tamer Hosny,Home Office,Egypt,Sohag,Sohag City,Sara Amin,FUR-BO-705,Furniture,Bookcases,8,1978.85,0.0,25329.28,17209.9,25329.28,8119.38,No
EG-2026-2070,2026-01-25,2026-01-25,0,Same Day,Dina El-Sherbiny,Consumer,Egypt,Monufia,Menouf,Ahmed Ragab,FUR-CH-288,Furniture,Chairs,1,924.84,0.05,1405.75,1003.67,1405.75,402.08,No
EG-2026-2071,2026-01-25,2026-01-30,5,Standard Class,Amina Khalil,Home Office,Egypt,Minya,Samalut,Noha Mahmoud,FUR-BO-703,Furniture,Bookcases,8,1879.46,0.05,22854.24,17966.1,22854.24,4888.14,No
EG-2026-2072,2026-01-25,2026-01-27,2,Second Class,Zainab Soliman,Corporate,Egypt,Gharbia,Zifta,Mina Youssef,FUR-FU-265,Furniture,Furnishings,2,136.56,0.15,371.44,254.14,371.44,117.3,No
EG-2026-2071,2026-01-26,2026-02-01,6,Standard Class,Hassan El-Raddad,Consumer,Egypt,Damietta,Damietta City,Noha Mahmoud,HOM-MI-422,Home Appliances,Microwaves,3,3811.31,0.0,18294.29,13372.02,18294.29,4922.27,No
EG-2026-2072,2026-01-26,2026-01-28,2,Second Class,Fatma Ibrahim,Consumer,Egypt,Minya,Samalut,Noha Mahmoud,HOM-AI-794,Home Appliances,Air Conditioners,4,16780.74,0.0,107396.74,82682.64,107396.74,24714.1,No
EG-2026-2072,2026-01-27,2026-01-29,2,Second Class,Mahmoud Yassin,Home Office,Egypt,Port Said,Al Arab,Sara Amin,CLO-JA-864,Clothing & Apparel,Jackets,10,1798.41,0.0,28774.56,18941.73,28774.56,9832.83,No
EG-2026-2073,2026-01-27,2026-01-28,1,First Class,Ahmed Helmy,Home Office,Egypt,Beheira,Damanhour,Karim Salah,HOM-AI-520,Home Appliances,Air Conditioners,8,17120.88,0.0,219147.26,163878.47,219147.26,55268.79,No
EG-2026-2073,2026-01-28,2026-01-30,2,Second Class,Karim Abdelaziz,Home Office,Egypt,Luxor,Esna,Amr Salah,HOM-AI-812,Home Appliances,Air Conditioners,3,16288.8,0.05,74276.93,56046.44,74276.93,18230.49,No
EG-2026-2074,2026-01-28,2026-02-03,6,Standard Class,Tara Emad,Consumer,Egypt,North Sinai,Arish,Mina Youssef,CLO-SH-356,Clothing & Apparel,Shirts,4,427.05,0.0,2733.12,2124.96,2733.12,608.16,No
EG-2026-2075,2026-01-28,2026-02-02,5,Standard Class,Aya Mahmoud,Corporate,Egypt,Red Sea,Gouna,Sara Amin,HOM-AI-936,Home Appliances,Air Conditioners,7,14748.92,0.0,165187.9,109926.06,165187.9,55261.84,No
EG-2026-2074,2026-01-29,2026-02-01,3,Second Class,Mena Shalaby,Corporate,Egypt,Qalyubia,Shubra El-Kheima,Amr Salah,FUR-TA-433,Furniture,Tables,10,4472.89,0.05,67987.93,52452.9,67987.93,15535.03,No
EG-2026-2075,2026-01-30,2026-02-03,4,Standard Class,Mona Zaki,Corporate,Egypt,Luxor,Esna,Mina Youssef,FUR-TA-861,Furniture,Tables,7,4611.37,0.05,49064.97,35344.82,49064.97,13720.15,No
EG-2026-2076,2026-01-31,2026-02-04,4,Standard Class,Maged El-Kedwany,Corporate,Egypt,Kafr El-Sheikh,Desouk,Karim Salah,OFF-PA-648,Office Supplies,Paper,6,50.65,0.0,486.24,378.1,486.24,108.14,No
EG-2026-2077,2026-01-31,2026-01-31,0,Same Day,Youssef Hussein,Home Office,Egypt,Dakahlia,Mit Ghamr,Mina Youssef,CLO-SH-191,Clothing & Apparel,Shoes,9,1303.41,0.0,18769.1,14100.36,18769.1,4668.74,No
EG-2026-2078,2026-01-31,2026-02-02,2,Second Class,Reem Moustafa,Home Office,Egypt,Alexandria,Stanly,Noha Mahmoud,TEC-MA-871,Technology,Machines,7,5582.74,0.0,62526.69,49045.18,62526.69,13481.51,No
EG-2026-2077,2026-02-01,2026-02-03,2,Second Class,Dina El-Sherbiny,Home Office,Egypt,Dakahlia,Talkha,Mina Youssef,CLO-SH-194,Clothing & Apparel,Shirts,8,404.47,0.0,5177.22,3568.73,5177.22,1608.49,No
EG-2026-2078,2026-02-01,2026-02-07,6,Standard Class,Karim Abdelaziz,Corporate,Egypt,Asyut,Dairut,Amr Salah,OFF-BI-294,Office Supplies,Binders,7,72.84,0.0,815.81,585.66,815.81,230.15,No
EG-2026-2078,2026-02-02,2026-02-06,4,Standard Class,Mohamed Ali,Home Office,Egypt,North Sinai,Sheikh Zuweid,Ahmed Ragab,FUR-CH-655,Furniture,Chairs,6,862.79,0.0,8282.78,5462.91,8282.78,2819.87,No
EG-2026-2079,2026-02-02,2026-02-03,1,First Class,Maged El-Kedwany,Consumer,Egypt,Suez,Suez City,Amr Salah,OFF-BI-474,Office Supplies,Binders,7,77.38,0.15,736.66,517.01,736.66,219.65,No
EG-2026-2080,2026-02-02,2026-02-05,3,Second Class,Mahmoud Saad,Consumer,Egypt,Alexandria,Miami,Mina Youssef,HOM-AI-381,Home Appliances,Air Conditioners,3,17537.99,0.15,71555.0,50630.62,71555.0,20924.38,No
EG-2026-2079,2026-02-03,2026-02-06,3,Second Class,Asser Yassin,Consumer,Egypt,North Sinai,Sheikh Zuweid,Amr Salah,SPO-SP-608,Sports & Outdoors,Sportswear,1,512.38,0.05,778.82,614.64,778.82,164.18,No
EG-2026-2080,2026-02-03,2026-02-03,0,Same Day,Eyad Nassar,Consumer,Egypt,Ismailia,Ismailia City,Noha Mahmoud,CLO-SH-367,Clothing & Apparel,Shirts,2,364.79,0.0,1167.33,856.07,1167.33,311.26,No
EG-2026-2081,2026-02-03,2026-02-06,3,Second Class,Hend Sabry,Corporate,Egypt,Kafr El-Sheikh,Desouk,Karim Salah,OFF-AR-230,Office Supplies,Art,9,58.17,0.0,837.65,606.58,837.65,231.07,No
EG-2026-2080,2026-02-04,2026-02-05,1,First Class,Huda El-Mufti,Corporate,Egypt,Red Sea,Marsa Alam,Youssef Khaled,FUR-CH-783,Furniture,Chairs,3,852.72,0.05,3888.41,2950.9,3888.41,937.51,No
EG-2026-2081,2026-02-05,2026-02-09,4,Standard Class,Mai Ezz Eldin,Home Office,Egypt,Gharbia,El Mahalla El Kubra,Mina Youssef,TEC-AC-838,Technology,Accessories,3,336.71,0.0,1616.21,1083.88,1616.21,532.33,No
EG-2026-2082,2026-02-05,2026-02-08,3,Second Class,Nour El-Din,Corporate,Egypt,Alexandria,Miami,Sara Amin,CLO-SH-704,Clothing & Apparel,Shoes,3,1163.35,0.0,5584.08,3727.54,5584.08,1856.54,No
EG-2026-2083,2026-02-05,2026-02-10,5,Standard Class,Mohamed Ali,Corporate,Egypt,Suez,Suez City,Amr Salah,FUR-TA-948,Furniture,Tables,1,4501.78,0.0,7202.85,4740.47,7202.85,2462.38,No
EG-2026-2082,2026-02-06,2026-02-11,5,Standard Class,Farouk El-Fishawy,Consumer,Egypt,Luxor,Luxor City,Ahmed Ragab,CLO-SH-359,Clothing & Apparel,Shoes,3,1117.21,0.0,5362.61,3927.62,5362.61,1434.99,No
EG-2026-2083,2026-02-06,2026-02-06,0,Same Day,Khaled El-Nabawy,Corporate,Egypt,Beni Suef,Nasser,Noha Mahmoud,CLO-SH-720,Clothing & Apparel,Shirts,10,425.83,0.0,6813.28,4999.5,6813.28,1813.78,No
EG-2026-2083,2026-02-07,2026-02-12,5,Standard Class,Wael Jassar,Home Office,Egypt,Dakahlia,Mit Ghamr,Sara Amin,TEC-MA-177,Technology,Machines,10,5086.83,0.0,81389.28,58390.32,81389.28,22998.96,No
EG-2026-2084,2026-02-07,2026-02-08,1,First Class,Huda El-Mufti,Consumer,Egypt,Sohag,Akhmim,Noha Mahmoud,CLO-SH-647,Clothing & Apparel,Shirts,5,425.21,0.0,3401.68,2391.27,3401.68,1010.41,No
EG-2026-2084,2026-02-08,2026-02-09,1,First Class,Adel Emam,Home Office,Egypt,North Sinai,Arish,Mina Youssef,HOM-BL-696,Home Appliances,Blenders,3,743.93,0.0,3570.86,2369.83,3570.86,1201.03,No
EG-2026-2085,2026-02-08,2026-02-12,4,Standard Class,Mohamed Henedy,Consumer,Egypt,Sharqia,Belbeis,Mina Youssef,OFF-BI-820,Office Supplies,Binders,2,79.01,0.05,240.19,168.07,240.19,72.12,No
EG-2026-2085,2026-02-09,2026-02-09,0,Same Day,Ahmed Mansour,Home Office,Egypt,Suez,Attaka,Karim Salah,OFF-AR-377,Office Supplies,Art,1,58.56,0.0,93.7,69.81,93.7,23.89,No
EG-2026-2086,2026-02-09,2026-02-15,6,Standard Class,Fatma Ibrahim,Corporate,Egypt,Damietta,New Damietta,Noha Mahmoud,TEC-PH-733,Technology,Phones,3,1533.85,0.05,6994.36,5499.68,6994.36,1494.68,No
EG-2026-2087,2026-02-09,2026-02-10,1,First Class,Reem Moustafa,Corporate,Egypt,Beheira,Kom Hamada,Karim Salah,CLO-JA-672,Clothing & Apparel,Jackets,4,1680.37,0.1,9678.93,6858.01,9678.93,2820.92,No
EG-2026-2086,2026-02-10,2026-02-12,2,Second Class,Adel Emam,Home Office,Egypt,Giza,Dokki,Mina Youssef,TEC-MA-317,Technology,Machines,9,6006.32,0.0,86491.01,62487.68,86491.01,24003.33,No
EG-2026-2087,2026-02-10,2026-02-12,2,Second Class,Karim Mahmoud,Corporate,Egypt,Red Sea,Hurghada,Ahmed Ragab,SPO-BI-360,Sports & Outdoors,Bicycles,3,4646.71,0.0,22304.21,16595.1,22304.21,5709.11,No
EG-2026-2088,2026-02-10,2026-02-15,5,Standard Class,Reem Moustafa,Corporate,Egypt,Qalyubia,Banha,Sara Amin,HOM-RE-686,Home Appliances,Refrigerators,8,13176.5,0.0,168659.2,129407.45,168659.2,39251.75,No
EG-2026-2087,2026-02-11,2026-02-11,0,Same Day,Karim Abdelaziz,Home Office,Egypt,Kafr El-Sheikh,Baltim,Youssef Khaled,OFF-BI-267,Office Supplies,Binders,5,86.56,0.1,623.23,433.91,623.23,189.32,No
EG-2026-2088,2026-02-12,2026-02-14,2,Second Class,Hussein Fahmy,Home Office,Egypt,Qalyubia,Shubra El-Kheima,Ahmed Ragab,TEC-CO-631,Technology,Copiers,8,5459.65,0.0,69883.52,52086.4,69883.52,17797.12,No
EG-2026-2089,2026-02-12,2026-02-14,2,Second Class,Mena Shalaby,Home Office,Egypt,Asyut,Fateh,Mina Youssef,HOM-MI-112,Home Appliances,Microwaves,7,3287.65,0.0,36821.68,28965.18,36821.68,7856.5,No
EG-2026-2090,2026-02-12,2026-02-14,2,Second Class,Ahmed Ezz,Corporate,Egypt,Sharqia,Belbeis,Mina Youssef,TEC-CO-247,Technology,Copiers,8,4896.8,0.0,62679.04,44253.04,62679.04,18426.0,No
EG-2026-2089,2026-02-13,2026-02-16,3,Second Class,Huda El-Mufti,Home Office,Egypt,Alexandria,Stanly,Noha Mahmoud,CLO-SH-875,Clothing & Apparel,Shoes,10,1313.66,0.0,21018.56,16082.85,21018.56,4935.71,No
EG-2026-2090,2026-02-14,2026-02-16,2,Second Class,Fatma Ibrahim,Consumer,Egypt,Luxor,Esna,Karim Salah,HOM-BL-410,Home Appliances,Blenders,3,831.22,0.0,3989.86,2729.28,3989.86,1260.58,No
EG-2026-2091,2026-02-14,2026-02-16,2,Second Class,Hazem Emam,Home Office,Egypt,Alexandria,Miami,Karim Salah,HOM-BL-998,Home Appliances,Blenders,3,778.83,0.15,3177.62,2393.38,3177.62,784.24,No
EG-2026-2091,2026-02-15,2026-02-20,5,Standard Class,Mai Ezz Eldin,Consumer,Egypt,Fayoum,Sinnuris,Ahmed Ragab,FUR-BO-188,Furniture,Bookcases,6,2193.9,0.0,21061.44,16062.24,21061.44,4999.2,No
EG-2026-2092,2026-02-15,2026-02-21,6,Standard Class,Ahmed Mansour,Consumer,Egypt,Ismailia,Al Qantara,Mina Youssef,OFF-PA-523,Office Supplies,Paper,6,51.34,0.1,443.57,330.18,443.57,113.39,No
EG-2026-2093,2026-02-15,2026-02-19,4,Standard Class,Nour El-Din,Corporate,Egypt,Alexandria,Stanly,Amr Salah,CLO-SH-601,Clothing & Apparel,Shirts,7,396.12,0.0,4436.54,2965.7,4436.54,1470.84,No
EG-2026-2092,2026-02-16,2026-02-17,1,First Class,Aya Mahmoud,Corporate,Egypt,Beni Suef,Beni Suef City,Sara Amin,TEC-CO-943,Technology,Copiers,10,5387.07,0.0,86193.12,63697.19,86193.12,22495.93,No
EG-2026-2093,2026-02-17,2026-02-18,1,First Class,Ahmed Mansour,Corporate,Egypt,Kafr El-Sheikh,Desouk,Noha Mahmoud,OFF-AR-270,Office Supplies,Art,1,54.53,0.0,87.25,57.96,87.25,29.29,No
EG-2026-2094,2026-02-17,2026-02-22,5,Standard Class,Farouk El-Fishawy,Home Office,Egypt,Gharbia,El Mahalla El Kubra,Mina Youssef,OFF-AR-635,Office Supplies,Art,9,58.69,0.0,845.14,596.13,845.14,249.01,No
EG-2026-2094,2026-02-18,2026-02-23,5,Standard Class,Hazem Emam,Consumer,Egypt,Qalyubia,Banha,Sara Amin,CLO-PA-666,Clothing & Apparel,Pants,3,603.27,0.0,2895.7,2196.6,2895.7,699.1,No
EG-2026-2095,2026-02-19,2026-02-24,5,Standard Class,Jamila Awad,Corporate,Egypt,Suez,Suez City,Amr Salah,FUR-BO-809,Furniture,Bookcases,8,2150.86,0.0,27531.01,18091.97,27531.01,9439.04,No
EG-2026-2096,2026-02-21,2026-02-24,3,Second Class,Karim Abdelaziz,Corporate,Egypt,Monufia,Sadat City,Sara Amin,OFF-ST-454,Office Supplies,Storage,9,282.88,0.1,3666.12,2445.48,3666.12,1220.64,No
EG-2026-2097,2026-02-21,2026-02-21,0,Same Day,Amr Hassan,Home Office,Egypt,Sharqia,10th of Ramadan,Noha Mahmoud,FUR-TA-925,Furniture,Tables,4,4843.46,0.0,30998.14,20245.76,30998.14,10752.38,No
EG-2026-2098,2026-02-21,2026-02-23,2,Second Class,Tarek Sayed,Home Office,Egypt,Sharqia,10th of Ramadan,Ahmed Ragab,OFF-AR-841,Office Supplies,Art,5,65.43,0.0,523.44,418.34,523.44,105.1,No
EG-2026-2097,2026-02-22,2026-02-23,1,First Class,Nour El-Din,Consumer,Egypt,Kafr El-Sheikh,Kafr El-Sheikh City,Sara Amin,OFF-ST-250,Office Supplies,Storage,3,280.74,0.05,1280.17,915.15,1280.17,365.02,No
EG-2026-2098,2026-02-22,2026-02-22,0,Same Day,Sahar El-Sayegh,Home Office,Egypt,Aswan,Kom Ombo,Ahmed Ragab,TEC-AC-567,Technology,Accessories,3,343.01,0.0,1646.45,1293.43,1646.45,353.02,No
EG-2026-2098,2026-02-23,2026-02-28,5,Standard Class,Mona Zaki,Consumer,Egypt,South Sinai,Dahab,Noha Mahmoud,HOM-MI-764,Home Appliances,Microwaves,6,3287.0,0.15,26821.92,20936.66,26821.92,5885.26,No
EG-2026-2099,2026-02-23,2026-02-26,3,Second Class,Asmaa Galal,Corporate,Egypt,Beheira,Kafr El Dawar,Noha Mahmoud,TEC-PH-203,Technology,Phones,8,1415.76,0.0,18121.73,12598.29,18121.73,5523.44,No
EG-2026-2099,2026-02-24,2026-02-24,0,Same Day,Eyad Nassar,Corporate,Egypt,Asyut,Asyut City,Youssef Khaled,OFF-BI-886,Office Supplies,Binders,6,79.13,0.0,759.65,496.47,759.65,263.18,No
EG-2026-2100,2026-02-24,2026-02-26,2,Second Class,Amina Khalil,Corporate,Egypt,Fayoum,Fayoum City,Sara Amin,CLO-SH-534,Clothing & Apparel,Shirts,6,415.43,0.1,3589.32,2664.79,3589.32,924.53,No
EG-2026-2101,2026-02-24,2026-02-26,2,Second Class,Yasmine Sabri,Corporate,Egypt,Asyut,Dairut,Sara Amin,TEC-AC-834,Technology,Accessories,1,316.65,0.0,506.64,393.28,506.64,113.36,No
EG-2026-2100,2026-02-25,2026-03-03,6,Standard Class,Mai Ezz Eldin,Home Office,Egypt,Damietta,Ras El Bar,Karim Salah,OFF-BI-693,Office Supplies,Binders,5,87.08,0.0,696.64,520.36,696.64,176.28,No
EG-2026-2101,2026-02-25,2026-03-01,4,Standard Class,Adel Emam,Corporate,Egypt,Giza,Dokki,Noha Mahmoud,OFF-ST-593,Office Supplies,Storage,9,267.38,0.05,3657.76,2808.49,3657.76,849.27,No
EG-2026-2101,2026-02-26,2026-02-28,2,Second Class,Ahmed Ezz,Consumer,Egypt,Beheira,Kafr El Dawar,Noha Mahmoud,OFF-BI-911,Office Supplies,Binders,9,85.71,0.0,1234.22,986.42,1234.22,247.8,No
EG-2026-2102,2026-02-26,2026-02-28,2,Second Class,Mahmoud Saad,Home Office,Egypt,Suez,Attaka,Sara Amin,SPO-CA-973,Sports & Outdoors,Camping Gear,2,1540.34,0.1,4436.18,3215.08,4436.18,1221.1,No
EG-2026-2103,2026-02-26,2026-02-27,1,First Class,Reem Moustafa,Consumer,Egypt,Sohag,Akhmim,Karim Salah,OFF-BI-699,Office Supplies,Binders,4,78.1,0.0,499.84,368.82,499.84,131.02,No
EG-2026-2102,2026-02-27,2026-03-03,4,Standard Class,Mohamed Henedy,Corporate,Egypt,Red Sea,Marsa Alam,Ahmed Ragab,CLO-SH-289,Clothing & Apparel,Shoes,10,1312.07,0.0,20993.12,15242.71,20993.12,5750.41,No
EG-2026-2103,2026-02-28,2026-03-01,1,First Class,Mohamed Ramadan,Corporate,Egypt,Gharbia,Tanta,Youssef Khaled,FUR-TA-350,Furniture,Tables,3,4271.26,0.0,20502.05,15247.31,20502.05,5254.74,No
EG-2026-2104,2026-02-28,2026-03-02,2,Second Class,Hany Ramzy,Consumer,Egypt,Qalyubia,Banha,Ahmed Ragab,HOM-RE-851,Home Appliances,Refrigerators,6,10979.52,0.0,105403.39,84109.71,105403.39,21293.68,No
EG-2026-2105,2026-02-28,2026-03-03,3,Second Class,Karim Abdelaziz,Corporate,Egypt,Asyut,Asyut City,Youssef Khaled,CLO-SH-294,Clothing & Apparel,Shirts,7,360.64,0.05,3837.21,2742.23,3837.21,1094.98,No
EG-2026-2104,2026-03-01,2026-03-04,3,Second Class,Omar Sherif,Consumer,Egypt,Sohag,Akhmim,Karim Salah,TEC-MA-120,Technology,Machines,1,5353.89,0.0,8566.22,6332.42,8566.22,2233.8,No
EG-2026-2105,2026-03-02,2026-03-07,5,Standard Class,Khaled El-Nabawy,Home Office,Egypt,Alexandria,Smouha,Karim Salah,OFF-BI-571,Office Supplies,Binders,4,78.15,0.0,500.16,387.53,500.16,112.63,No
EG-2026-2106,2026-03-02,2026-03-02,0,Same Day,Hend Sabry,Corporate,Egypt,Aswan,Aswan City,Mina Youssef,CLO-SH-720,Clothing & Apparel,Shirts,3,376.61,0.0,1807.73,1271.3,1807.73,536.43,No
EG-2026-2107,2026-03-02,2026-03-02,0,Same Day,Karim Abdelaziz,Home Office,Egypt,Beni Suef,Beni Suef City,Amr Salah,OFF-ST-310,Office Supplies,Storage,8,277.79,0.05,3377.92,2586.2,3377.92,791.72,No
EG-2026-2106,2026-03-03,2026-03-03,0,Same Day,Nelly Karim,Home Office,Egypt,Luxor,Armant,Mina Youssef,SPO-BI-177,Sports & Outdoors,Bicycles,10,4438.67,0.15,60365.91,41340.69,60365.91,19025.22,No
EG-2026-2107,2026-03-03,2026-03-08,5,Standard Class,Aya Mahmoud,Consumer,Egypt,Luxor,Luxor City,Mina Youssef,SPO-BI-978,Sports & Outdoors,Bicycles,7,4516.23,0.15,42994.51,31176.84,42994.51,11817.67,No
EG-2026-2107,2026-03-04,2026-03-08,4,Standard Class,Aya Mahmoud,Corporate,Egypt,Red Sea,Hurghada,Karim Salah,TEC-PH-761,Technology,Phones,10,1453.57,0.05,22094.26,15436.85,22094.26,6657.41,No
EG-2026-2108,2026-03-04,2026-03-10,6,Standard Class,Asma Abulyazeid,Home Office,Egypt,North Sinai,Rafah,Ahmed Ragab,CLO-SH-930,Clothing & Apparel,Shirts,2,427.07,0.1,1229.96,825.28,1229.96,404.68,Yes
EG-2026-2109,2026-03-04,2026-03-08,4,Standard Class,Tarek Sayed,Home Office,Egypt,Alexandria,Smouha,Sara Amin,SPO-SP-512,Sports & Outdoors,Sportswear,9,506.55,0.0,7294.32,5714.25,7294.32,1580.07,No
EG-2026-2108,2026-03-05,2026-03-05,0,Same Day,Ghada Abdelrazek,Corporate,Egypt,South Sinai,Nuweiha,Noha Mahmoud,TEC-CO-608,Technology,Copiers,4,4775.84,0.0,30565.38,22643.73,30565.38,7921.65,No
EG-2026-2109,2026-03-05,2026-03-10,5,Standard Class,Mona Zaki,Home Office,Egypt,South Sinai,Sharm El-Sheikh,Mina Youssef,SPO-BI-277,Sports & Outdoors,Bicycles,9,4372.13,0.0,62958.67,49393.39,62958.67,13565.28,No
EG-2026-2110,2026-03-05,2026-03-07,2,Second Class,Nelly Karim,Home Office,Egypt,Damietta,Damietta City,Youssef Khaled,OFF-ST-687,Office Supplies,Storage,1,288.11,0.0,460.98,366.13,460.98,94.85,No
EG-2026-2109,2026-03-06,2026-03-09,3,Second Class,Mohamed Henedy,Home Office,Egypt,Damietta,Ras El Bar,Youssef Khaled,FUR-BO-866,Furniture,Bookcases,10,1943.85,0.1,27991.44,19289.73,27991.44,8701.71,No
EG-2026-2110,2026-03-08,2026-03-10,2,Second Class,Jamila Awad,Consumer,Egypt,Monufia,Shibin El Kom,Youssef Khaled,FUR-FU-951,Furniture,Furnishings,9,157.17,0.0,2263.25,1610.68,2263.25,652.57,No
EG-2026-2111,2026-03-08,2026-03-12,4,Standard Class,Asser Yassin,Home Office,Egypt,Fayoum,Fayoum City,Youssef Khaled,OFF-AR-824,Office Supplies,Art,2,65.16,0.0,208.51,140.32,208.51,68.19,No
EG-2026-2111,2026-03-09,2026-03-14,5,Standard Class,Ahmed Helmy,Consumer,Egypt,Kafr El-Sheikh,Desouk,Karim Salah,CLO-JA-424,Clothing & Apparel,Jackets,9,1880.29,0.15,23014.75,16175.34,23014.75,6839.41,No
EG-2026-2112,2026-03-10,2026-03-13,3,Second Class,Huda El-Mufti,Corporate,Egypt,Monufia,Sadat City,Ahmed Ragab,SPO-CA-706,Sports & Outdoors,Camping Gear,2,1360.26,0.15,3699.91,2520.39,3699.91,1179.52,No
EG-2026-2113,2026-03-10,2026-03-15,5,Standard Class,Zainab Soliman,Consumer,Egypt,Minya,Mallawi,Youssef Khaled,HOM-MI-563,Home Appliances,Microwaves,10,3703.78,0.0,59260.48,43966.44,59260.48,15294.04,No
EG-2026-2114,2026-03-10,2026-03-13,3,Second Class,Ahmed Mansour,Consumer,Egypt,Alexandria,Miami,Amr Salah,TEC-AC-583,Technology,Accessories,7,372.08,0.0,4167.3,2708.91,4167.3,1458.39,No
EG-2026-2113,2026-03-11,2026-03-12,1,First Class,Nelly Karim,Corporate,Egypt,Qalyubia,Shubra El-Kheima,Noha Mahmoud,FUR-BO-234,Furniture,Bookcases,9,2015.04,0.05,27565.75,18752.52,27565.75,8813.23,No
EG-2026-2114,2026-03-11,2026-03-15,4,Standard Class,Reem Moustafa,Consumer,Egypt,Kafr El-Sheikh,Desouk,Noha Mahmoud,TEC-MA-403,Technology,Machines,10,5187.34,0.15,70547.82,48014.81,70547.82,22533.01,No
EG-2026-2114,2026-03-12,2026-03-16,4,Standard Class,Ahmed Mansour,Home Office,Egypt,Sohag,Tahta,Amr Salah,CLO-JA-996,Clothing & Apparel,Jackets,7,1675.43,0.0,18764.82,13758.33,18764.82,5006.49,No
EG-2026-2115,2026-03-12,2026-03-18,6,Standard Class,Mohamed Ramadan,Home Office,Egypt,Giza,Sheikh Zayed,Sara Amin,HOM-RE-407,Home Appliances,Refrigerators,9,11106.18,0.1,143936.09,102816.82,143936.09,41119.27,No
EG-2026-2115,2026-03-14,2026-03-19,5,Standard Class,Tarek Sayed,Corporate,Egypt,Luxor,Armant,Karim Salah,HOM-RE-587,Home Appliances,Refrigerators,3,12190.91,0.05,55590.55,41435.78,55590.55,14154.77,No
EG-2026-2116,2026-03-14,2026-03-20,6,Standard Class,Rania Moustafa,Corporate,Egypt,Fayoum,Fayoum City,Youssef Khaled,TEC-CO-281,Technology,Copiers,3,5109.29,0.15,20845.9,14848.73,20845.9,5997.17,No
EG-2026-2116,2026-03-15,2026-03-21,6,Standard Class,Ahmed Mekky,Consumer,Egypt,Ismailia,Fayed,Noha Mahmoud,CLO-SH-406,Clothing & Apparel,Shirts,8,362.58,0.05,4408.97,3373.5,4408.97,1035.47,No
EG-2026-2117,2026-03-16,2026-03-17,1,First Class,Hassan El-Raddad,Home Office,Egypt,Fayoum,Fayoum City,Ahmed Ragab,TEC-MA-868,Technology,Machines,3,5953.64,0.05,27148.6,17832.2,27148.6,9316.4,No
EG-2026-2118,2026-03-16,2026-03-20,4,Standard Class,Karim Mahmoud,Corporate,Egypt,Luxor,Armant,Mina Youssef,TEC-MA-372,Technology,Machines,9,6037.62,0.05,82594.64,59649.28,82594.64,22945.36,No
EG-2026-2119,2026-03-16,2026-03-22,6,Standard Class,Jamila Awad,Corporate,Egypt,Gharbia,Zifta,Mina Youssef,CLO-SH-179,Clothing & Apparel,Shirts,3,413.97,0.0,1987.06,1334.18,1987.06,652.88,No
EG-2026-2118,2026-03-17,2026-03-19,2,Second Class,Reem Moustafa,Home Office,Egypt,Damietta,New Damietta,Amr Salah,SPO-FI-527,Sports & Outdoors,Fitness Equipment,6,2721.36,0.05,24818.81,18978.76,24818.81,5840.05,No
EG-2026-2119,2026-03-17,2026-03-19,2,Second Class,Nour El-Sherif,Corporate,Egypt,Matrouh,Marsa Matrouh,Mina Youssef,FUR-BO-100,Furniture,Bookcases,10,2062.41,0.15,28048.78,22338.27,28048.78,5710.51,No
EG-2026-2120,2026-03-17,2026-03-20,3,Second Class,Asser Yassin,Corporate,Egypt,Gharbia,Zifta,Ahmed Ragab,TEC-MA-259,Technology,Machines,2,5961.97,0.15,16216.55,11012.71,16216.55,5203.84,No
EG-2026-2119,2026-03-18,2026-03-24,6,Standard Class,Hussein Fahmy,Home Office,Egypt,Aswan,Kom Ombo,Sara Amin,SPO-BI-808,Sports & Outdoors,Bicycles,6,4800.78,0.05,43783.12,31401.3,43783.12,12381.82,No
EG-2026-2120,2026-03-18,2026-03-21,3,Second Class,Mena Shalaby,Home Office,Egypt,Giza,Sheikh Zayed,Ahmed Ragab,HOM-MI-244,Home Appliances,Microwaves,3,3568.52,0.0,17128.9,11397.06,17128.9,5731.84,No
EG-2026-2121,2026-03-18,2026-03-22,4,Standard Class,Karim Abdelaziz,Consumer,Egypt,Gharbia,Tanta,Sara Amin,OFF-ST-527,Office Supplies,Storage,8,294.73,0.0,3772.54,3013.7,3772.54,758.84,No
EG-2026-2120,2026-03-19,2026-03-20,1,First Class,Sherif Anwar,Corporate,Egypt,Matrouh,Marsa Matrouh,Mina Youssef,TEC-AC-280,Technology,Accessories,8,319.74,0.05,3888.04,3056.16,3888.04,831.88,No
EG-2026-2121,2026-03-19,2026-03-23,4,Standard Class,Hussein Fahmy,Corporate,Egypt,Suez,Arbaeen,Ahmed Ragab,HOM-BL-392,Home Appliances,Blenders,4,855.91,0.0,5477.82,4094.29,5477.82,1383.53,No
EG-2026-2122,2026-03-19,2026-03-24,5,Standard Class,Mustafa Kamal,Consumer,Egypt,North Sinai,Rafah,Amr Salah,CLO-JA-101,Clothing & Apparel,Jackets,8,1860.28,0.05,22621.0,16881.02,22621.0,5739.98,Yes
EG-2026-2121,2026-03-20,2026-03-23,3,Second Class,Omar Sherif,Consumer,Egypt,Ismailia,Fayed,Ahmed Ragab,TEC-MA-265,Technology,Machines,9,5608.79,0.0,80766.58,59078.46,80766.58,21688.12,No
EG-2026-2122,2026-03-21,2026-03-22,1,First Class,Karim Mahmoud,Consumer,Egypt,Monufia,Shibin El Kom,Youssef Khaled,TEC-AC-258,Technology,Accessories,9,328.49,0.0,4730.26,3441.98,4730.26,1288.28,No
EG-2026-2123,2026-03-21,2026-03-27,6,Standard Class,Tarek Sayed,Home Office,Egypt,Sohag,Sohag City,Mina Youssef,FUR-BO-598,Furniture,Bookcases,3,2144.58,0.0,10293.98,6798.84,10293.98,3495.14,No
EG-2026-2124,2026-03-21,2026-03-25,4,Standard Class,Nelly Karim,Consumer,Egypt,Ismailia,Fayed,Youssef Khaled,OFF-AR-389,Office Supplies,Art,5,59.34,0.0,474.72,339.92,474.72,134.8,No
EG-2026-2123,2026-03-22,2026-03-28,6,Standard Class,Karim Abdelaziz,Corporate,Egypt,Alexandria,Smouha,Amr Salah,SPO-FI-312,Sports & Outdoors,Fitness Equipment,9,3050.41,0.05,41729.6,29323.02,41729.6,12406.58,No
EG-2026-2124,2026-03-22,2026-03-26,4,Standard Class,Hend Sabry,Corporate,Egypt,Suez,Suez City,Amr Salah,OFF-ST-505,Office Supplies,Storage,7,269.93,0.0,3023.22,2316.58,3023.22,706.64,No
EG-2026-2124,2026-03-23,2026-03-24,1,First Class,Asser Yassin,Corporate,Egypt,Qalyubia,Banha,Karim Salah,OFF-PA-755,Office Supplies,Paper,5,46.27,0.0,370.16,253.49,370.16,116.67,No
EG-2026-2125,2026-03-23,2026-03-23,0,Same Day,Ahmed Mekky,Home Office,Egypt,Asyut,Asyut City,Youssef Khaled,HOM-MI-550,Home Appliances,Microwaves,5,3315.07,0.0,26520.56,17360.12,26520.56,9160.44,No
EG-2026-2125,2026-03-24,2026-03-25,1,First Class,Ahmed Mansour,Home Office,Egypt,Aswan,Aswan City,Karim Salah,OFF-BI-571,Office Supplies,Binders,4,75.25,0.1,433.44,333.66,433.44,99.78,No
EG-2026-2126,2026-03-24,2026-03-25,1,First Class,Hussein Fahmy,Consumer,Egypt,Fayoum,Sinnuris,Sara Amin,SPO-FI-690,Sports & Outdoors,Fitness Equipment,9,2734.08,0.15,33465.14,26664.68,33465.14,6800.46,No
EG-2026-2127,2026-03-24,2026-03-27,3,Second Class,Amir Karara,Corporate,Egypt,Luxor,Esna,Amr Salah,CLO-PA-238,Clothing & Apparel,Pants,5,627.04,0.1,4514.69,3433.96,4514.69,1080.73,No
EG-2026-2126,2026-03-25,2026-03-27,2,Second Class,Omar Sherif,Corporate,Egypt,Monufia,Sadat City,Ahmed Ragab,SPO-CA-219,Sports & Outdoors,Camping Gear,6,1422.3,0.0,13654.08,9782.29,13654.08,3871.79,No
EG-2026-2127,2026-03-25,2026-03-30,5,Standard Class,Mohamed Ramadan,Home Office,Egypt,North Sinai,Rafah,Youssef Khaled,TEC-MA-388,Technology,Machines,2,4974.34,0.0,15917.89,11097.77,15917.89,4820.12,No
EG-2026-2127,2026-03-26,2026-03-30,4,Standard Class,Hany Ramzy,Consumer,Egypt,Beni Suef,Biba,Ahmed Ragab,SPO-CA-650,Sports & Outdoors,Camping Gear,5,1614.74,0.0,12917.92,9755.73,12917.92,3162.19,No
EG-2026-2128,2026-03-26,2026-03-30,4,Standard Class,Karim Mahmoud,Consumer,Egypt,Beni Suef,Beni Suef City,Noha Mahmoud,HOM-RE-376,Home Appliances,Refrigerators,4,12300.13,0.0,78720.83,62599.92,78720.83,16120.91,No
EG-2026-2128,2026-03-27,2026-04-02,6,Standard Class,Youssef Hussein,Home Office,Egypt,Sharqia,Zagazig,Amr Salah,HOM-AI-175,Home Appliances,Air Conditioners,9,14815.41,0.0,213341.9,151659.4,213341.9,61682.5,No
EG-2026-2129,2026-03-27,2026-03-29,2,Second Class,Adel Emam,Home Office,Egypt,Cairo,New Cairo,Mina Youssef,TEC-PH-920,Technology,Phones,8,1548.91,0.0,19826.05,13114.98,19826.05,6711.07,No
EG-2026-2129,2026-03-28,2026-03-28,0,Same Day,Nelly Karim,Corporate,Egypt,Aswan,Aswan City,Karim Salah,FUR-BO-956,Furniture,Bookcases,5,1956.58,0.05,14870.01,11292.51,14870.01,3577.5,No
EG-2026-2130,2026-03-28,2026-04-03,6,Standard Class,Ahmed Ezz,Home Office,Egypt,Port Said,Al Sharq,Sara Amin,TEC-MA-526,Technology,Machines,7,5475.43,0.0,61324.82,45941.1,61324.82,15383.72,No
EG-2026-2130,2026-03-29,2026-03-31,2,Second Class,Reem Moustafa,Home Office,Egypt,Fayoum,Fayoum City,Amr Salah,FUR-TA-349,Furniture,Tables,7,4418.53,0.0,49487.54,33962.63,49487.54,15524.91,No
EG-2026-2131,2026-03-29,2026-03-31,2,Second Class,Hussein Fahmy,Corporate,Egypt,Port Said,Al Sharq,Amr Salah,TEC-CO-545,Technology,Copiers,10,4661.47,0.1,67125.17,51137.7,67125.17,15987.47,No
EG-2026-2131,2026-03-30,2026-04-03,4,Standard Class,Zainab Soliman,Home Office,Egypt,Beni Suef,Nasser,Ahmed Ragab,FUR-BO-943,Furniture,Bookcases,3,2191.13,0.0,10517.42,7872.14,10517.42,2645.28,No
EG-2026-2132,2026-03-31,2026-04-01,1,First Class,Eyad Nassar,Corporate,Egypt,Sharqia,10th of Ramadan,Amr Salah,FUR-CH-323,Furniture,Chairs,1,887.33,0.05,1348.74,910.63,1348.74,438.11,No
EG-2026-2133,2026-03-31,2026-04-01,1,First Class,Amir Karara,Home Office,Egypt,South Sinai,Dahab,Karim Salah,HOM-RE-795,Home Appliances,Refrigerators,6,12886.44,0.1,111338.84,81746.36,111338.84,29592.48,No
EG-2026-2134,2026-03-31,2026-04-02,2,Second Class,Asmaa Galal,Home Office,Egypt,Dakahlia,Mansoura,Mina Youssef,CLO-PA-519,Clothing & Apparel,Pants,10,632.42,0.0,10118.72,7030.85,10118.72,3087.87,No
EG-2026-2133,2026-04-01,2026-04-06,5,Standard Class,Youssef Hussein,Consumer,Egypt,Beni Suef,Nasser,Youssef Khaled,TEC-CO-633,Technology,Copiers,6,5397.13,0.0,51812.45,39684.96,51812.45,12127.49,No
EG-2026-2134,2026-04-02,2026-04-06,4,Standard Class,Adel Emam,Consumer,Egypt,Luxor,Armant,Amr Salah,SPO-BI-929,Sports & Outdoors,Bicycles,8,4489.05,0.05,54586.85,43116.24,54586.85,11470.61,No
EG-2026-2135,2026-04-02,2026-04-05,3,Second Class,Farouk El-Fishawy,Corporate,Egypt,Suez,Attaka,Sara Amin,FUR-TA-300,Furniture,Tables,3,4516.72,0.15,18428.22,14640.43,18428.22,3787.79,No
EG-2026-2135,2026-04-03,2026-04-07,4,Standard Class,Nour El-Sherif,Corporate,Egypt,Port Said,Port Fouad,Ahmed Ragab,TEC-AC-557,Technology,Accessories,9,318.12,0.0,4580.93,3245.86,4580.93,1335.07,No
EG-2026-2136,2026-04-03,2026-04-05,2,Second Class,Farouk El-Fishawy,Consumer,Egypt,North Sinai,Sheikh Zuweid,Youssef Khaled,OFF-PA-688,Office Supplies,Paper,6,53.55,0.15,436.97,312.44,436.97,124.53,No
EG-2026-2137,2026-04-03,2026-04-06,3,Second Class,Hazem Emam,Consumer,Egypt,Sharqia,Belbeis,Amr Salah,TEC-PH-567,Technology,Phones,5,1579.73,0.0,12637.84,9824.17,12637.84,2813.67,No
EG-2026-2136,2026-04-04,2026-04-08,4,Standard Class,Mustafa Kamal,Home Office,Egypt,Aswan,Edfu,Noha Mahmoud,HOM-RE-192,Home Appliances,Refrigerators,2,12548.19,0.1,36138.79,27744.62,36138.79,8394.17,No
EG-2026-2137,2026-04-05,2026-04-05,0,Same Day,Omar Sherif,Corporate,Egypt,Damietta,Ras El Bar,Karim Salah,HOM-AI-124,Home Appliances,Air Conditioners,3,14491.51,0.1,62603.33,46029.59,62603.33,16573.74,Yes
EG-2026-2138,2026-04-05,2026-04-11,6,Standard Class,Dina El-Sherbiny,Consumer,Egypt,Asyut,Asyut City,Sara Amin,SPO-BI-865,Sports & Outdoors,Bicycles,7,4071.51,0.0,45600.91,33320.43,45600.91,12280.48,No
EG-2026-2138,2026-04-06,2026-04-10,4,Standard Class,Maged El-Kedwany,Home Office,Egypt,Damietta,Damietta City,Sara Amin,FUR-TA-375,Furniture,Tables,4,4937.25,0.0,31598.4,25265.11,31598.4,6333.29,No
EG-2026-2139,2026-04-07,2026-04-09,2,Second Class,Karim Mahmoud,Home Office,Egypt,Kafr El-Sheikh,Baltim,Noha Mahmoud,TEC-AC-535,Technology,Accessories,2,383.07,0.0,1225.82,852.98,1225.82,372.84,No
EG-2026-2140,2026-04-08,2026-04-13,5,Standard Class,Hassan El-Raddad,Home Office,Egypt,Aswan,Aswan City,Karim Salah,CLO-PA-135,Clothing & Apparel,Pants,2,582.96,0.0,1865.47,1450.39,1865.47,415.08,No
EG-2026-2141,2026-04-08,2026-04-14,6,Standard Class,Zainab Soliman,Corporate,Egypt,Gharbia,El Mahalla El Kubra,Youssef Khaled,TEC-CO-127,Technology,Copiers,6,5345.93,0.0,51320.93,33464.58,51320.93,17856.35,No
EG-2026-2142,2026-04-08,2026-04-13,5,Standard Class,Youssef Hussein,Home Office,Egypt,Red Sea,Marsa Alam,Mina Youssef,CLO-JA-492,Clothing & Apparel,Jackets,8,1870.33,0.0,23940.22,18251.11,23940.22,5689.11,No
EG-2026-2141,2026-04-09,2026-04-12,3,Second Class,Karim Abdelaziz,Corporate,Egypt,Gharbia,Tanta,Amr Salah,HOM-AI-714,Home Appliances,Air Conditioners,6,16801.38,0.0,161293.25,108506.82,161293.25,52786.43,Yes
EG-2026-2142,2026-04-10,2026-04-12,2,Second Class,Tara Emad,Home Office,Egypt,Minya,Samalut,Ahmed Ragab,FUR-TA-180,Furniture,Tables,4,4449.48,0.15,24205.17,16591.48,24205.17,7613.69,No
EG-2026-2143,2026-04-10,2026-04-13,3,Second Class,Tarek Sayed,Corporate,Egypt,Giza,6th of October,Amr Salah,OFF-BI-755,Office Supplies,Binders,1,81.99,0.0,131.18,89.01,131.18,42.17,No
EG-2026-2144,2026-04-10,2026-04-11,1,First Class,Mona Abdelrahman,Corporate,Egypt,Ismailia,Fayed,Karim Salah,HOM-BL-640,Home Appliances,Blenders,7,810.75,0.15,7718.34,5928.99,7718.34,1789.35,No
EG-2026-2143,2026-04-11,2026-04-17,6,Standard Class,Mayan El-Sayed,Corporate,Egypt,Ismailia,Fayed,Karim Salah,CLO-PA-982,Clothing & Apparel,Pants,1,570.15,0.0,912.24,729.75,912.24,182.49,No
EG-2026-2144,2026-04-11,2026-04-16,5,Standard Class,Hend Sabry,Consumer,Egypt,Beheira,Damanhour,Sara Amin,FUR-CH-627,Furniture,Chairs,7,852.37,0.0,9546.54,6353.85,9546.54,3192.69,No
EG-2026-2145,2026-04-11,2026-04-15,4,Standard Class,Maged El-Kedwany,Home Office,Egypt,New Valley,Kharga,Noha Mahmoud,CLO-JA-987,Clothing & Apparel,Jackets,10,1669.14,0.1,24035.62,18138.98,24035.62,5896.64,No
EG-2026-2144,2026-04-12,2026-04-16,4,Standard Class,Asma Abulyazeid,Home Office,Egypt,Kafr El-Sheikh,Baltim,Amr Salah,FUR-FU-856,Furniture,Furnishings,10,142.31,0.0,2276.96,1813.67,2276.96,463.29,Yes
EG-2026-2145,2026-04-12,2026-04-14,2,Second Class,Mayan El-Sayed,Home Office,Egypt,Matrouh,Siwa,Amr Salah,TEC-PH-555,Technology,Phones,7,1621.05,0.05,17247.97,11942.23,17247.97,5305.74,No
EG-2026-2146,2026-04-12,2026-04-18,6,Standard Class,Eyad Nassar,Home Office,Egypt,Ismailia,Al Qantara,Ahmed Ragab,TEC-AC-394,Technology,Accessories,3,365.86,0.0,1756.13,1181.42,1756.13,574.71,No
EG-2026-2145,2026-04-13,2026-04-19,6,Standard Class,Adel Emam,Home Office,Egypt,Alexandria,Miami,Youssef Khaled,CLO-SH-598,Clothing & Apparel,Shoes,10,1197.0,0.0,19152.0,14385.26,19152.0,4766.74,No
EG-2026-2146,2026-04-13,2026-04-16,3,Second Class,Tara Emad,Consumer,Egypt,Alexandria,Smouha,Ahmed Ragab,SPO-FI-707,Sports & Outdoors,Fitness Equipment,4,2996.24,0.0,19175.94,13420.43,19175.94,5755.51,No
EG-2026-2147,2026-04-13,2026-04-15,2,Second Class,Ahmed Ezz,Corporate,Egypt,Aswan,Edfu,Youssef Khaled,OFF-BI-271,Office Supplies,Binders,3,84.47,0.1,364.91,259.86,364.91,105.05,No
EG-2026-2146,2026-04-14,2026-04-17,3,Second Class,Hassan El-Raddad,Corporate,Egypt,Luxor,Armant,Mina Youssef,OFF-AR-786,Office Supplies,Art,1,58.51,0.05,88.94,59.91,88.94,29.03,No
EG-2026-2147,2026-04-14,2026-04-14,0,Same Day,Dina El-Sherbiny,Home Office,Egypt,Sharqia,10th of Ramadan,Ahmed Ragab,TEC-PH-681,Technology,Phones,5,1583.66,0.0,12669.28,8829.72,12669.28,3839.56,No
EG-2026-2148,2026-04-14,2026-04-16,2,Second Class,Hazem Emam,Corporate,Egypt,Luxor,Armant,Noha Mahmoud,HOM-AI-905,Home Appliances,Air Conditioners,3,16888.11,0.15,68903.49,51847.9,68903.49,17055.59,No
EG-2026-2147,2026-04-15,2026-04-15,0,Same Day,Nelly Karim,Consumer,Egypt,Luxor,Armant,Youssef Khaled,HOM-BL-208,Home Appliances,Blenders,10,747.9,0.0,11966.4,8880.83,11966.4,3085.57,No
EG-2026-2148,2026-04-15,2026-04-21,6,Standard Class,Mohamed Ramadan,Home Office,Egypt,South Sinai,Nuweiha,Noha Mahmoud,HOM-RE-905,Home Appliances,Refrigerators,1,13087.07,0.05,19892.34,15478.33,19892.34,4414.01,No
EG-2026-2148,2026-04-16,2026-04-18,2,Second Class,Mai Ezz Eldin,Home Office,Egypt,Sharqia,Zagazig,Noha Mahmoud,OFF-ST-710,Office Supplies,Storage,7,262.84,0.05,2796.62,2021.21,2796.62,775.41,No
EG-2026-2149,2026-04-16,2026-04-22,6,Standard Class,Sherif Anwar,Consumer,Egypt,Giza,6th of October,Noha Mahmoud,FUR-FU-155,Furniture,Furnishings,5,149.43,0.0,1195.44,911.24,1195.44,284.2,No
EG-2026-2149,2026-04-17,2026-04-17,0,Same Day,Mohamed Henedy,Home Office,Egypt,New Valley,Dakhla,Youssef Khaled,TEC-AC-590,Technology,Accessories,7,367.68,0.1,3706.22,2624.52,3706.22,1081.7,No
EG-2026-2150,2026-04-17,2026-04-23,6,Standard Class,Karim Mahmoud,Corporate,Egypt,Sohag,Tahta,Mina Youssef,HOM-AI-322,Home Appliances,Air Conditioners,1,17384.8,0.0,27815.68,19841.39,27815.68,7974.29,No
EG-2026-2150,2026-04-18,2026-04-18,0,Same Day,Sahar El-Sayegh,Consumer,Egypt,Beni Suef,Nasser,Amr Salah,FUR-FU-633,Furniture,Furnishings,4,153.85,0.15,836.94,595.78,836.94,241.16,No
EG-2026-2151,2026-04-19,2026-04-24,5,Standard Class,Mayan El-Sayed,Home Office,Egypt,Giza,6th of October,Noha Mahmoud,TEC-AC-905,Technology,Accessories,6,334.72,0.0,3213.31,2115.62,3213.31,1097.69,No
EG-2026-2152,2026-04-19,2026-04-21,2,Second Class,Tarek Sayed,Consumer,Egypt,Gharbia,Zifta,Mina Youssef,OFF-AR-634,Office Supplies,Art,7,57.09,0.0,639.41,428.37,639.41,211.04,No
EG-2026-2153,2026-04-19,2026-04-21,2,Second Class,Asser Yassin,Corporate,Egypt,Kafr El-Sheikh,Baltim,Mina Youssef,TEC-MA-420,Technology,Machines,6,5304.48,0.0,50923.01,33202.5,50923.01,17720.51,No
EG-2026-2152,2026-04-20,2026-04-26,6,Standard Class,Ahmed Mansour,Corporate,Egypt,Port Said,Al Arab,Noha Mahmoud,OFF-AR-283,Office Supplies,Art,7,54.87,0.05,583.81,410.51,583.81,173.3,No
EG-2026-2153,2026-04-20,2026-04-25,5,Standard Class,Tarek Sayed,Consumer,Egypt,Minya,Samalut,Sara Amin,HOM-RE-652,Home Appliances,Refrigerators,10,11807.11,0.15,160576.7,126679.33,160576.7,33897.37,No
EG-2026-2153,2026-04-21,2026-04-26,5,Standard Class,Eyad Nassar,Corporate,Egypt,Beni Suef,Biba,Amr Salah,FUR-FU-750,Furniture,Furnishings,4,152.65,0.05,928.11,638.09,928.11,290.02,No
EG-2026-2154,2026-04-22,2026-04-25,3,Second Class,Asser Yassin,Consumer,Egypt,Minya,Mallawi,Ahmed Ragab,HOM-BL-476,Home Appliances,Blenders,7,761.22,0.0,8525.66,6155.36,8525.66,2370.3,No
EG-2026-2155,2026-04-22,2026-04-24,2,Second Class,Dina El-Sherbiny,Consumer,Egypt,South Sinai,Nuweiha,Noha Mahmoud,OFF-ST-339,Office Supplies,Storage,9,299.19,0.0,4308.34,2994.33,4308.34,1314.01,No
EG-2026-2156,2026-04-22,2026-04-25,3,Second Class,Amr Diab,Corporate,Egypt,Kafr El-Sheikh,Desouk,Karim Salah,FUR-TA-579,Furniture,Tables,4,4393.22,0.0,28116.61,18578.35,28116.61,9538.26,No
EG-2026-2155,2026-04-23,2026-04-25,2,Second Class,Reem Moustafa,Home Office,Egypt,Port Said,Port Fouad,Noha Mahmoud,OFF-ST-947,Office Supplies,Storage,3,283.88,0.0,1362.62,900.13,1362.62,462.49,No
EG-2026-2156,2026-04-24,2026-04-30,6,Standard Class,Mahmoud Saad,Corporate,Egypt,New Valley,Farafra,Amr Salah,OFF-AR-808,Office Supplies,Art,3,64.56,0.0,309.89,217.95,309.89,91.94,No
EG-2026-2157,2026-04-25,2026-04-30,5,Standard Class,Ahmed Mansour,Home Office,Egypt,North Sinai,Rafah,Mina Youssef,OFF-AR-326,Office Supplies,Art,5,59.58,0.0,476.64,337.81,476.64,138.83,No
EG-2026-2158,2026-04-26,2026-05-01,5,Standard Class,Mai Ezz Eldin,Consumer,Egypt,Alexandria,Smouha,Mina Youssef,SPO-SP-832,Sports & Outdoors,Sportswear,9,457.54,0.0,6588.58,5058.29,6588.58,1530.29,No
EG-2026-2159,2026-04-26,2026-05-02,6,Standard Class,Jamila Awad,Corporate,Egypt,North Sinai,Sheikh Zuweid,Karim Salah,OFF-BI-557,Office Supplies,Binders,8,82.32,0.0,1053.7,697.45,1053.7,356.25,No
EG-2026-2160,2026-04-26,2026-05-01,5,Standard Class,Tamer Hosny,Home Office,Egypt,Giza,Sheikh Zayed,Amr Salah,SPO-FI-360,Sports & Outdoors,Fitness Equipment,5,3274.23,0.15,22264.76,17465.02,22264.76,4799.74,No
EG-2026-2159,2026-04-28,2026-05-04,6,Standard Class,Youssef Hussein,Consumer,Egypt,Qena,Abu Tesht,Karim Salah,OFF-AR-154,Office Supplies,Art,2,56.27,0.0,180.06,132.46,180.06,47.6,No
EG-2026-2160,2026-04-30,2026-05-03,3,Second Class,Rania Moustafa,Home Office,Egypt,Gharbia,El Mahalla El Kubra,Noha Mahmoud,HOM-MI-273,Home Appliances,Microwaves,4,3764.61,0.0,24093.5,16885.75,24093.5,7207.75,No
EG-2026-2161,2026-04-30,2026-05-02,2,Second Class,Youssef Hussein,Consumer,Egypt,Sohag,Akhmim,Ahmed Ragab,CLO-SH-218,Clothing & Apparel,Shoes,3,1314.85,0.0,6311.28,4807.49,6311.28,1503.79,No
EG-2026-2162,2026-04-30,2026-05-03,3,Second Class,Rania Moustafa,Home Office,Egypt,North Sinai,Rafah,Ahmed Ragab,HOM-MI-667,Home Appliances,Microwaves,9,3422.17,0.0,49279.25,36062.16,49279.25,13217.09,No
EG-2026-2161,2026-05-01,2026-05-01,0,Same Day,Hassan El-Raddad,Consumer,Egypt,Alexandria,Miami,Karim Salah,SPO-FI-400,Sports & Outdoors,Fitness Equipment,9,3032.89,0.0,43673.62,29190.12,43673.62,14483.5,No
EG-2026-2162,2026-05-02,2026-05-04,2,Second Class,Reem Moustafa,Corporate,Egypt,Suez,Arbaeen,Karim Salah,OFF-ST-934,Office Supplies,Storage,3,271.27,0.0,1302.1,1031.26,1302.1,270.84,No
EG-2026-2163,2026-05-02,2026-05-07,5,Standard Class,Zainab Soliman,Home Office,Egypt,Suez,Attaka,Amr Salah,TEC-MA-440,Technology,Machines,2,5416.43,0.15,14732.69,10820.53,14732.69,3912.16,No
EG-2026-2164,2026-05-02,2026-05-04,2,Second Class,Amir Karara,Consumer,Egypt,Matrouh,Alamein,Amr Salah,CLO-SH-901,Clothing & Apparel,Shirts,6,402.06,0.1,3473.8,2651.57,3473.8,822.23,No
EG-2026-2163,2026-05-03,2026-05-04,1,First Class,Ahmed Helmy,Consumer,Egypt,Damietta,New Damietta,Mina Youssef,FUR-FU-361,Furniture,Furnishings,4,151.18,0.05,919.17,652.2,919.17,266.97,No
EG-2026-2164,2026-05-03,2026-05-06,3,Second Class,Karim Abdelaziz,Home Office,Egypt,Dakahlia,Talkha,Mina Youssef,CLO-SH-863,Clothing & Apparel,Shoes,10,1267.58,0.0,20281.28,14823.23,20281.28,5458.05,No
EG-2026-2165,2026-05-03,2026-05-03,0,Same Day,Khaled El-Nabawy,Home Office,Egypt,New Valley,Farafra,Noha Mahmoud,SPO-SP-536,Sports & Outdoors,Sportswear,10,451.63,0.1,6503.47,5053.64,6503.47,1449.83,No
EG-2026-2164,2026-05-05,2026-05-08,3,Second Class,Mahmoud Yassin,Consumer,Egypt,Minya,Mallawi,Sara Amin,OFF-BI-161,Office Supplies,Binders,10,74.66,0.0,1194.56,830.09,1194.56,364.47,No
EG-2026-2165,2026-05-05,2026-05-08,3,Second Class,Amr Hassan,Home Office,Egypt,Aswan,Edfu,Sara Amin,FUR-CH-619,Furniture,Chairs,1,895.49,0.0,1432.78,1041.81,1432.78,390.97,No
EG-2026-2165,2026-05-06,2026-05-10,4,Standard Class,Zainab Soliman,Home Office,Egypt,South Sinai,Nuweiha,Youssef Khaled,TEC-PH-877,Technology,Phones,1,1414.94,0.1,2037.51,1512.69,2037.51,524.82,No
EG-2026-2166,2026-05-06,2026-05-09,3,Second Class,Huda El-Mufti,Corporate,Egypt,Suez,Attaka,Ahmed Ragab,OFF-AR-211,Office Supplies,Art,10,60.93,0.1,877.39,693.74,877.39,183.65,No
EG-2026-2166,2026-05-07,2026-05-07,0,Same Day,Hassan El-Raddad,Consumer,Egypt,Ismailia,Ismailia City,Youssef Khaled,TEC-MA-243,Technology,Machines,1,5179.34,0.05,7872.59,5129.47,7872.59,2743.12,No
EG-2026-2167,2026-05-07,2026-05-09,2,Second Class,Hussein Fahmy,Consumer,Egypt,New Valley,Dakhla,Karim Salah,SPO-SP-600,Sports & Outdoors,Sportswear,2,529.4,0.0,1694.08,1292.61,1694.08,401.47,No
EG-2026-2168,2026-05-07,2026-05-12,5,Standard Class,Adel Emam,Corporate,Egypt,Port Said,Al Arab,Noha Mahmoud,HOM-MI-201,Home Appliances,Microwaves,6,3221.91,0.05,29383.82,21909.89,29383.82,7473.93,No
EG-2026-2167,2026-05-08,2026-05-09,1,First Class,Zainab Soliman,Corporate,Egypt,Minya,Minya City,Youssef Khaled,SPO-CA-715,Sports & Outdoors,Camping Gear,6,1580.09,0.1,13651.97,8976.12,13651.97,4675.85,No
EG-2026-2168,2026-05-09,2026-05-15,6,Standard Class,Mohamed Henedy,Corporate,Egypt,Sharqia,Belbeis,Amr Salah,HOM-RE-510,Home Appliances,Refrigerators,7,12754.09,0.05,135703.52,96734.97,135703.52,38968.55,No
EG-2026-2169,2026-05-11,2026-05-15,4,Standard Class,Sherif Anwar,Corporate,Egypt,Alexandria,Stanly,Sara Amin,HOM-RE-113,Home Appliances,Refrigerators,2,11035.6,0.0,35313.92,23299.79,35313.92,12014.13,No
EG-2026-2170,2026-05-12,2026-05-13,1,First Class,Farouk El-Fishawy,Consumer,Egypt,Kafr El-Sheikh,Desouk,Sara Amin,FUR-CH-183,Furniture,Chairs,4,908.96,0.0,5817.34,4169.59,5817.34,1647.75,No
EG-2026-2171,2026-05-12,2026-05-16,4,Standard Class,Ahmed Helmy,Corporate,Egypt,New Valley,Farafra,Youssef Khaled,OFF-ST-852,Office Supplies,Storage,6,262.71,0.15,2143.72,1672.28,2143.72,471.44,No
EG-2026-2171,2026-05-13,2026-05-14,1,First Class,Amr Diab,Consumer,Egypt,Sohag,Akhmim,Karim Salah,CLO-PA-813,Clothing & Apparel,Pants,1,593.6,0.15,807.3,598.18,807.3,209.12,No
EG-2026-2172,2026-05-13,2026-05-15,2,Second Class,Jamila Awad,Home Office,Egypt,Beheira,Kom Hamada,Ahmed Ragab,TEC-MA-216,Technology,Machines,9,5901.86,0.05,80737.44,55338.19,80737.44,25399.25,No
EG-2026-2172,2026-05-14,2026-05-20,6,Standard Class,Yasmine Sabri,Consumer,Egypt,Matrouh,Alamein,Karim Salah,HOM-MI-442,Home Appliances,Microwaves,8,3767.19,0.0,48220.03,36642.36,48220.03,11577.67,No
EG-2026-2173,2026-05-14,2026-05-16,2,Second Class,Mayan El-Sayed,Home Office,Egypt,Suez,Arbaeen,Sara Amin,FUR-FU-979,Furniture,Furnishings,7,138.54,0.0,1551.65,1192.66,1551.65,358.99,No
EG-2026-2173,2026-05-15,2026-05-21,6,Standard Class,Mohamed Ali,Consumer,Egypt,South Sinai,Sharm El-Sheikh,Mina Youssef,FUR-FU-616,Furniture,Furnishings,5,154.54,0.0,1236.32,891.61,1236.32,344.71,No
EG-2026-2174,2026-05-15,2026-05-15,0,Same Day,Nour El-Din,Consumer,Egypt,Monufia,Sadat City,Youssef Khaled,FUR-CH-692,Furniture,Chairs,4,845.06,0.05,5137.96,3658.86,5137.96,1479.1,No
EG-2026-2174,2026-05-16,2026-05-17,1,First Class,Mohamed Ali,Corporate,Egypt,Giza,Dokki,Ahmed Ragab,TEC-MA-323,Technology,Machines,1,5730.59,0.05,8710.49,5829.42,8710.49,2881.07,No
EG-2026-2175,2026-05-16,2026-05-16,0,Same Day,Nelly Karim,Corporate,Egypt,Cairo,Nasr City,Sara Amin,SPO-SP-672,Sports & Outdoors,Sportswear,2,511.29,0.05,1554.32,1178.79,1554.32,375.53,No
EG-2026-2176,2026-05-16,2026-05-20,4,Standard Class,Sahar El-Sayegh,Consumer,Egypt,Luxor,Luxor City,Noha Mahmoud,CLO-PA-608,Clothing & Apparel,Pants,2,616.03,0.15,1675.61,1095.32,1675.61,580.29,No
EG-2026-2175,2026-05-17,2026-05-19,2,Second Class,Ghada Abdelrazek,Consumer,Egypt,Cairo,Nasr City,Amr Salah,SPO-CA-575,Sports & Outdoors,Camping Gear,1,1583.49,0.15,2153.54,1576.13,2153.54,577.41,No
EG-2026-2176,2026-05-17,2026-05-20,3,Second Class,Mahmoud Yassin,Corporate,Egypt,Kafr El-Sheikh,Baltim,Karim Salah,HOM-MI-212,Home Appliances,Microwaves,9,3775.24,0.0,54363.46,41176.29,54363.46,13187.17,No
EG-2026-2177,2026-05-17,2026-05-22,5,Standard Class,Hassan El-Raddad,Home Office,Egypt,Sohag,Sohag City,Youssef Khaled,OFF-ST-651,Office Supplies,Storage,2,269.07,0.0,861.02,642.09,861.02,218.93,No
EG-2026-2176,2026-05-18,2026-05-20,2,Second Class,Omar Sherif,Home Office,Egypt,Minya,Minya City,Mina Youssef,HOM-BL-630,Home Appliances,Blenders,7,837.06,0.05,8906.32,6493.59,8906.32,2412.73,No
EG-2026-2177,2026-05-18,2026-05-22,4,Standard Class,Amina Khalil,Corporate,Egypt,New Valley,Kharga,Karim Salah,HOM-BL-497,Home Appliances,Blenders,2,761.47,0.15,2071.19,1536.33,2071.19,534.86,No
EG-2026-2177,2026-05-19,2026-05-22,3,Second Class,Hussein Fahmy,Home Office,Egypt,Aswan,Aswan City,Ahmed Ragab,OFF-ST-150,Office Supplies,Storage,7,253.35,0.0,2837.52,1995.67,2837.52,841.85,No
EG-2026-2178,2026-05-20,2026-05-25,5,Standard Class,Nour El-Din,Corporate,Egypt,Qalyubia,Banha,Karim Salah,CLO-PA-379,Clothing & Apparel,Pants,2,567.98,0.0,1817.54,1291.18,1817.54,526.36,No
EG-2026-2179,2026-05-20,2026-05-26,6,Standard Class,Adel Emam,Consumer,Egypt,New Valley,Farafra,Noha Mahmoud,CLO-PA-206,Clothing & Apparel,Pants,8,620.39,0.15,6749.84,4502.48,6749.84,2247.36,No
EG-2026-2180,2026-05-20,2026-05-24,4,Standard Class,Mahmoud Saad,Corporate,Egypt,Red Sea,Marsa Alam,Mina Youssef,TEC-CO-125,Technology,Copiers,2,4982.54,0.0,15944.13,11759.14,15944.13,4184.99,No
EG-2026-2179,2026-05-21,2026-05-26,5,Standard Class,Mohamed Ramadan,Corporate,Egypt,Gharbia,Zifta,Karim Salah,CLO-SH-604,Clothing & Apparel,Shoes,4,1317.56,0.0,8432.38,6661.29,8432.38,1771.09,No
EG-2026-2180,2026-05-21,2026-05-23,2,Second Class,Wael Jassar,Home Office,Egypt,Beheira,Kom Hamada,Amr Salah,TEC-MA-383,Technology,Machines,2,5511.38,0.0,17636.42,11762.35,17636.42,5874.07,No
EG-2026-2180,2026-05-22,2026-05-23,1,First Class,Hazem Emam,Consumer,Egypt,Alexandria,Smouha,Noha Mahmoud,HOM-MI-332,Home Appliances,Microwaves,9,3356.76,0.0,48337.34,33239.18,48337.34,15098.16,No
EG-2026-2181,2026-05-23,2026-05-29,6,Standard Class,Wael Jassar,Home Office,Egypt,Damietta,Damietta City,Noha Mahmoud,OFF-AR-470,Office Supplies,Art,1,61.38,0.15,83.48,62.46,83.48,21.02,No
EG-2026-2182,2026-05-23,2026-05-26,3,Second Class,Zainab Soliman,Consumer,Egypt,Beheira,Kom Hamada,Karim Salah,OFF-AR-186,Office Supplies,Art,9,55.85,0.15,683.6,534.46,683.6,149.14,No
EG-2026-2183,2026-05-23,2026-05-27,4,Standard Class,Maged El-Kedwany,Home Office,Egypt,Kafr El-Sheikh,Kafr El-Sheikh City,Mina Youssef,HOM-RE-468,Home Appliances,Refrigerators,7,11327.25,0.05,120521.94,82605.95,120521.94,37915.99,No
EG-2026-2182,2026-05-24,2026-05-24,0,Same Day,Amr Hassan,Corporate,Egypt,Damietta,Damietta City,Amr Salah,CLO-SH-727,Clothing & Apparel,Shirts,7,377.29,0.05,4014.37,2846.89,4014.37,1167.48,No
EG-2026-2183,2026-05-25,2026-05-31,6,Standard Class,Wael Jassar,Corporate,Egypt,Giza,Sheikh Zayed,Ahmed Ragab,OFF-AR-724,Office Supplies,Art,3,61.9,0.1,267.41,193.13,267.41,74.28,No
EG-2026-2184,2026-05-25,2026-05-31,6,Standard Class,Ahmed Mansour,Home Office,Egypt,Matrouh,Siwa,Noha Mahmoud,TEC-PH-295,Technology,Phones,4,1450.62,0.05,8819.77,5764.51,8819.77,3055.26,No
EG-2026-2185,2026-05-25,2026-05-31,6,Standard Class,Dina El-Sherbiny,Consumer,Egypt,Sharqia,10th of Ramadan,Karim Salah,OFF-AR-831,Office Supplies,Art,3,59.77,0.15,243.87,162.64,243.87,81.23,Yes
EG-2026-2184,2026-05-27,2026-05-29,2,Second Class,Nour El-Din,Consumer,Egypt,Minya,Samalut,Karim Salah,FUR-TA-661,Furniture,Tables,5,4185.65,0.15,28462.42,19550.61,28462.42,8911.81,No
EG-2026-2185,2026-05-27,2026-05-27,0,Same Day,Hussein Fahmy,Home Office,Egypt,Red Sea,Hurghada,Mina Youssef,FUR-FU-566,Furniture,Furnishings,1,142.71,0.0,228.34,152.71,228.34,75.63,No
EG-2026-2186,2026-05-27,2026-06-02,6,Standard Class,Eyad Nassar,Consumer,Egypt,Cairo,Nasr City,Karim Salah,HOM-AI-192,Home Appliances,Air Conditioners,3,14970.02,0.05,68263.3,51758.46,68263.3,16504.84,No
EG-2026-2185,2026-05-28,2026-05-31,3,Second Class,Mona Zaki,Corporate,Egypt,Ismailia,Ismailia City,Karim Salah,SPO-FI-450,Sports & Outdoors,Fitness Equipment,9,2732.23,0.0,39344.11,28494.18,39344.11,10849.93,No
EG-2026-2186,2026-05-28,2026-05-29,1,First Class,Ahmed Mekky,Consumer,Egypt,Beni Suef,Biba,Youssef Khaled,HOM-AI-838,Home Appliances,Air Conditioners,6,15203.35,0.15,124059.34,80915.87,124059.34,43143.47,No
EG-2026-2186,2026-05-29,2026-06-03,5,Standard Class,Omar Sherif,Consumer,Egypt,Beni Suef,Beni Suef City,Mina Youssef,OFF-ST-950,Office Supplies,Storage,4,254.95,0.05,1550.1,1017.28,1550.1,532.82,No
EG-2026-2187,2026-05-29,2026-06-01,3,Second Class,Asser Yassin,Consumer,Egypt,North Sinai,Sheikh Zuweid,Karim Salah,TEC-MA-594,Technology,Machines,5,5621.84,0.15,38228.51,26433.17,38228.51,11795.34,No
EG-2026-2188,2026-05-29,2026-05-30,1,First Class,Dina El-Sherbiny,Consumer,Egypt,Sohag,Sohag City,Amr Salah,FUR-CH-145,Furniture,Chairs,7,907.79,0.15,8642.16,6310.26,8642.16,2331.9,No
EG-2026-2187,2026-05-30,2026-05-31,1,First Class,Amir Karara,Consumer,Egypt,Gharbia,El Mahalla El Kubra,Noha Mahmoud,CLO-JA-230,Clothing & Apparel,Jackets,7,1857.12,0.15,17679.78,13530.81,17679.78,4148.97,No
EG-2026-2188,2026-05-31,2026-06-03,3,Second Class,Tamer Hosny,Home Office,Egypt,South Sinai,Nuweiha,Mina Youssef,OFF-ST-308,Office Supplies,Storage,6,287.91,0.0,2763.94,2174.83,2763.94,589.11,No
EG-2026-2189,2026-06-01,2026-06-06,5,Standard Class,Ghada Abdelrazek,Home Office,Egypt,Matrouh,Siwa,Youssef Khaled,SPO-CA-934,Sports & Outdoors,Camping Gear,4,1373.22,0.05,8349.18,6281.47,8349.18,2067.71,No
EG-2026-2190,2026-06-01,2026-06-03,2,Second Class,Zainab Soliman,Home Office,Egypt,North Sinai,Sheikh Zuweid,Amr Salah,TEC-CO-293,Technology,Copiers,5,4697.43,0.05,35700.47,24689.13,35700.47,11011.34,No
EG-2026-2190,2026-06-02,2026-06-05,3,Second Class,Nelly Karim,Consumer,Egypt,Sohag,Sohag City,Youssef Khaled,TEC-CO-930,Technology,Copiers,8,4770.63,0.0,61064.06,46410.95,61064.06,14653.11,No
EG-2026-2191,2026-06-02,2026-06-07,5,Standard Class,Hazem Emam,Consumer,Egypt,Red Sea,Marsa Alam,Mina Youssef,FUR-BO-350,Furniture,Bookcases,8,2180.62,0.05,26516.34,18436.89,26516.34,8079.45,No
EG-2026-2192,2026-06-02,2026-06-03,1,First Class,Rania Moustafa,Corporate,Egypt,South Sinai,Dahab,Ahmed Ragab,SPO-BI-661,Sports & Outdoors,Bicycles,9,4090.96,0.15,50073.35,38218.35,50073.35,11855.0,No
EG-2026-2191,2026-06-03,2026-06-09,6,Standard Class,Ahmed Helmy,Consumer,Egypt,Sharqia,Zagazig,Amr Salah,FUR-BO-640,Furniture,Bookcases,1,2073.82,0.0,3318.11,2252.48,3318.11,1065.63,No
EG-2026-2192,2026-06-03,2026-06-05,2,Second Class,Mohamed Ramadan,Home Office,Egypt,Minya,Minya City,Ahmed Ragab,CLO-PA-933,Clothing & Apparel,Pants,7,620.16,0.05,6598.5,5204.88,6598.5,1393.62,No
EG-2026-2193,2026-06-03,2026-06-09,6,Standard Class,Asmaa Galal,Corporate,Egypt,Suez,Arbaeen,Noha Mahmoud,OFF-AR-964,Office Supplies,Art,1,64.05,0.0,102.48,79.04,102.48,23.44,No
EG-2026-2192,2026-06-04,2026-06-09,5,Standard Class,Jamila Awad,Corporate,Egypt,Fayoum,Tamiya,Noha Mahmoud,TEC-AC-927,Technology,Accessories,10,375.24,0.0,6003.84,4272.05,6003.84,1731.79,No
EG-2026-2193,2026-06-05,2026-06-11,6,Standard Class,Tarek Sayed,Home Office,Egypt,Qena,Qena City,Amr Salah,HOM-RE-401,Home Appliances,Refrigerators,7,12404.09,0.05,131979.52,104753.63,131979.52,27225.89,No
EG-2026-2194,2026-06-05,2026-06-10,5,Standard Class,Amr Diab,Corporate,Egypt,Beni Suef,Beni Suef City,Noha Mahmoud,CLO-SH-769,Clothing & Apparel,Shirts,4,394.37,0.15,2145.37,1584.79,2145.37,560.58,No
EG-2026-2194,2026-06-06,2026-06-11,5,Standard Class,Karim Mahmoud,Home Office,Egypt,Beheira,Damanhour,Mina Youssef,SPO-CA-516,Sports & Outdoors,Camping Gear,9,1357.98,0.1,17599.42,12009.16,17599.42,5590.26,No
EG-2026-2195,2026-06-07,2026-06-13,6,Standard Class,Eyad Nassar,Consumer,Egypt,Gharbia,Tanta,Amr Salah,TEC-AC-631,Technology,Accessories,4,331.73,0.1,1910.76,1491.79,1910.76,418.97,No
EG-2026-2196,2026-06-07,2026-06-12,5,Standard Class,Mahmoud Yassin,Corporate,Egypt,Suez,Suez City,Mina Youssef,TEC-AC-228,Technology,Accessories,6,329.05,0.05,3000.94,2093.88,3000.94,907.06,No
EG-2026-2196,2026-06-08,2026-06-14,6,Standard Class,Karim Abdelaziz,Home Office,Egypt,Cairo,Maadi,Noha Mahmoud,FUR-CH-341,Furniture,Chairs,4,895.67,0.05,5445.68,4161.79,5445.68,1283.89,No
EG-2026-2197,2026-06-08,2026-06-11,3,Second Class,Mohamed Henedy,Consumer,Egypt,North Sinai,Rafah,Mina Youssef,OFF-PA-413,Office Supplies,Paper,5,50.29,0.1,362.09,265.07,362.09,97.02,Yes
EG-2026-2198,2026-06-08,2026-06-10,2,Second Class,Mohamed Ramadan,Corporate,Egypt,Aswan,Kom Ombo,Karim Salah,TEC-PH-576,Technology,Phones,8,1566.69,0.05,19050.95,13410.96,19050.95,5639.99,No
EG-2026-2197,2026-06-09,2026-06-14,5,Standard Class,Karim Mahmoud,Home Office,Egypt,Beni Suef,Nasser,Youssef Khaled,SPO-BI-448,Sports & Outdoors,Bicycles,7,4532.44,0.15,43148.83,32219.78,43148.83,10929.05,No
EG-2026-2198,2026-06-09,2026-06-15,6,Standard Class,Youssef Hussein,Home Office,Egypt,Damietta,Ras El Bar,Sara Amin,SPO-FI-694,Sports & Outdoors,Fitness Equipment,9,3252.85,0.1,42156.94,32337.01,42156.94,9819.93,No
EG-2026-2199,2026-06-09,2026-06-14,5,Standard Class,Youssef Hussein,Corporate,Egypt,Giza,6th of October,Ahmed Ragab,FUR-BO-583,Furniture,Bookcases,6,2096.79,0.15,17109.8,11475.91,17109.8,5633.89,No
EG-2026-2198,2026-06-10,2026-06-13,3,Second Class,Asser Yassin,Corporate,Egypt,Beni Suef,Biba,Karim Salah,SPO-FI-496,Sports & Outdoors,Fitness Equipment,2,3139.91,0.0,10047.71,7848.33,10047.71,2199.38,No
EG-2026-2199,2026-06-10,2026-06-14,4,Standard Class,Eyad Nassar,Consumer,Egypt,Gharbia,Tanta,Karim Salah,TEC-CO-511,Technology,Copiers,8,4566.19,0.0,58447.23,43054.5,58447.23,15392.73,No
EG-2026-2200,2026-06-10,2026-06-14,4,Standard Class,Jamila Awad,Home Office,Egypt,Aswan,Kom Ombo,Sara Amin,HOM-AI-587,Home Appliances,Air Conditioners,6,16182.58,0.15,132049.85,95437.33,132049.85,36612.52,Yes
EG-2026-2199,2026-06-11,2026-06-15,4,Standard Class,Ahmed Helmy,Corporate,Egypt,Suez,Arbaeen,Ahmed Ragab,OFF-BI-195,Office Supplies,Binders,8,83.5,0.15,908.48,619.93,908.48,288.55,No
EG-2026-2200,2026-06-12,2026-06-13,1,First Class,Farouk El-Fishawy,Consumer,Egypt,Qena,Qena City,Sara Amin,OFF-ST-521,Office Supplies,Storage,5,287.88,0.15,1957.58,1537.71,1957.58,419.87,No
EG-2026-2201,2026-06-12,2026-06-17,5,Standard Class,Tara Emad,Home Office,Egypt,Qena,Nag Hammadi,Ahmed Ragab,SPO-SP-873,Sports & Outdoors,Sportswear,3,547.98,0.0,2630.3,1937.51,2630.3,692.79,No
EG-2026-2202,2026-06-12,2026-06-12,0,Same Day,Wael Jassar,Home Office,Egypt,Aswan,Kom Ombo,Karim Salah,HOM-RE-991,Home Appliances,Refrigerators,9,10998.43,0.0,158377.39,104028.42,158377.39,54348.97,No
EG-2026-2201,2026-06-13,2026-06-15,2,Second Class,Omar Sherif,Corporate,Egypt,Dakahlia,Talkha,Sara Amin,OFF-BI-458,Office Supplies,Binders,1,76.83,0.15,104.49,76.95,104.49,27.54,No
EG-2026-2202,2026-06-14,2026-06-15,1,First Class,Mahmoud Yassin,Home Office,Egypt,Ismailia,Al Qantara,Mina Youssef,CLO-SH-601,Clothing & Apparel,Shirts,2,396.3,0.0,1268.16,986.21,1268.16,281.95,Yes
EG-2026-2203,2026-06-14,2026-06-17,3,Second Class,Mahmoud Yassin,Home Office,Egypt,Beheira,Kom Hamada,Karim Salah,FUR-TA-568,Furniture,Tables,2,4652.75,0.15,12655.48,9511.31,12655.48,3144.17,No
EG-2026-2203,2026-06-15,2026-06-17,2,Second Class,Rania Moustafa,Consumer,Egypt,New Valley,Kharga,Karim Salah,SPO-SP-421,Sports & Outdoors,Sportswear,3,514.44,0.0,2469.31,1895.37,2469.31,573.94,No
EG-2026-2204,2026-06-16,2026-06-16,0,Same Day,Mena Shalaby,Consumer,Egypt,Beheira,Kafr El Dawar,Noha Mahmoud,OFF-BI-800,Office Supplies,Binders,9,87.19,0.0,1255.54,950.81,1255.54,304.73,No
EG-2026-2205,2026-06-17,2026-06-18,1,First Class,Fatma Ibrahim,Corporate,Egypt,Qalyubia,Banha,Ahmed Ragab,TEC-PH-631,Technology,Phones,3,1522.83,0.0,7309.58,5560.9,7309.58,1748.68,No
EG-2026-2206,2026-06-17,2026-06-18,1,First Class,Asser Yassin,Corporate,Egypt,Red Sea,Hurghada,Sara Amin,OFF-ST-662,Office Supplies,Storage,4,282.84,0.0,1810.18,1269.13,1810.18,541.05,No
EG-2026-2207,2026-06-17,2026-06-23,6,Standard Class,Mohamed Ali,Home Office,Egypt,New Valley,Dakhla,Mina Youssef,OFF-BI-221,Office Supplies,Binders,8,73.72,0.0,943.62,614.83,943.62,328.79,No
EG-2026-2206,2026-06-18,2026-06-19,1,First Class,Mohamed Ramadan,Home Office,Egypt,New Valley,Dakhla,Noha Mahmoud,HOM-AI-187,Home Appliances,Air Conditioners,3,17332.38,0.0,83195.42,57423.59,83195.42,25771.83,No
EG-2026-2207,2026-06-18,2026-06-18,0,Same Day,Farouk El-Fishawy,Consumer,Egypt,New Valley,Kharga,Amr Salah,CLO-PA-779,Clothing & Apparel,Pants,9,585.44,0.05,8008.82,6160.25,8008.82,1848.57,No
EG-2026-2208,2026-06-18,2026-06-21,3,Second Class,Mona Abdelrahman,Home Office,Egypt,South Sinai,Dahab,Youssef Khaled,CLO-PA-605,Clothing & Apparel,Pants,5,607.34,0.15,4129.91,3233.01,4129.91,896.9,No
EG-2026-2207,2026-06-19,2026-06-19,0,Same Day,Asser Yassin,Corporate,Egypt,Beni Suef,Beni Suef City,Noha Mahmoud,CLO-PA-948,Clothing & Apparel,Pants,2,572.21,0.0,1831.07,1449.82,1831.07,381.25,No
EG-2026-2208,2026-06-19,2026-06-20,1,First Class,Ghada Abdelrazek,Home Office,Egypt,Red Sea,Gouna,Mina Youssef,OFF-AR-862,Office Supplies,Art,8,59.93,0.0,767.1,539.84,767.1,227.26,No
EG-2026-2208,2026-06-20,2026-06-22,2,Second Class,Eyad Nassar,Consumer,Egypt,South Sinai,Nuweiha,Ahmed Ragab,SPO-BI-711,Sports & Outdoors,Bicycles,3,4217.13,0.15,17205.89,13396.83,17205.89,3809.06,No
EG-2026-2209,2026-06-21,2026-06-25,4,Standard Class,Amr Hassan,Corporate,Egypt,Giza,6th of October,Youssef Khaled,OFF-AR-197,Office Supplies,Art,5,54.15,0.0,433.2,296.87,433.2,136.33,No
EG-2026-2210,2026-06-21,2026-06-27,6,Standard Class,Mayan El-Sayed,Consumer,Egypt,South Sinai,Dahab,Sara Amin,FUR-CH-669,Furniture,Chairs,8,863.77,0.1,9950.63,6731.57,9950.63,3219.06,No
EG-2026-2210,2026-06-22,2026-06-23,1,First Class,Sherif Anwar,Consumer,Egypt,Damietta,New Damietta,Ahmed Ragab,CLO-PA-160,Clothing & Apparel,Pants,8,566.71,0.0,7253.89,4756.63,7253.89,2497.26,No
EG-2026-2211,2026-06-23,2026-06-24,1,First Class,Mona Zaki,Corporate,Egypt,Giza,6th of October,Karim Salah,TEC-PH-311,Technology,Phones,6,1603.67,0.05,14625.47,10068.13,14625.47,4557.34,No
EG-2026-2212,2026-06-23,2026-06-25,2,Second Class,Fatma Ibrahim,Home Office,Egypt,Matrouh,Marsa Matrouh,Ahmed Ragab,FUR-CH-935,Furniture,Chairs,10,811.87,0.0,12989.92,9941.8,12989.92,3048.12,No
EG-2026-2213,2026-06-23,2026-06-25,2,Second Class,Mai Ezz Eldin,Corporate,Egypt,Aswan,Edfu,Karim Salah,SPO-BI-313,Sports & Outdoors,Bicycles,3,4418.84,0.0,21210.43,15727.5,21210.43,5482.93,No
EG-2026-2212,2026-06-24,2026-06-29,5,Standard Class,Ahmed Mekky,Home Office,Egypt,Gharbia,Tanta,Youssef Khaled,TEC-MA-493,Technology,Machines,10,5939.65,0.0,95034.4,67531.79,95034.4,27502.61,No
EG-2026-2213,2026-06-24,2026-06-27,3,Second Class,Adel Emam,Home Office,Egypt,Luxor,Armant,Karim Salah,OFF-BI-716,Office Supplies,Binders,2,72.89,0.0,233.25,156.36,233.25,76.89,No
EG-2026-2213,2026-06-25,2026-06-28,3,Second Class,Ahmed Helmy,Corporate,Egypt,North Sinai,Rafah,Karim Salah,HOM-RE-618,Home Appliances,Refrigerators,3,12077.62,0.05,55073.95,38257.38,55073.95,16816.57,No
EG-2026-2214,2026-06-26,2026-07-01,5,Standard Class,Maged El-Kedwany,Consumer,Egypt,Giza,Dokki,Sara Amin,HOM-MI-448,Home Appliances,Microwaves,3,3332.9,0.0,15997.92,12078.86,15997.92,3919.06,No
EG-2026-2215,2026-06-27,2026-06-28,1,First Class,Zainab Soliman,Consumer,Egypt,Monufia,Sadat City,Sara Amin,FUR-CH-414,Furniture,Chairs,4,823.13,0.0,5268.03,3876.57,5268.03,1391.46,No
EG-2026-2216,2026-06-28,2026-07-01,3,Second Class,Aya Mahmoud,Corporate,Egypt,Gharbia,El Mahalla El Kubra,Sara Amin,TEC-AC-302,Technology,Accessories,2,332.55,0.0,1064.16,715.27,1064.16,348.89,No
EG-2026-2217,2026-06-28,2026-07-03,5,Standard Class,Mohamed Henedy,Corporate,Egypt,Alexandria,Miami,Sara Amin,SPO-FI-873,Sports & Outdoors,Fitness Equipment,6,3241.47,0.0,31118.11,23444.74,31118.11,7673.37,No
EG-2026-2218,2026-06-28,2026-07-02,4,Standard Class,Farouk El-Fishawy,Consumer,Egypt,Beheira,Kafr El Dawar,Amr Salah,CLO-PA-954,Clothing & Apparel,Pants,9,644.6,0.0,9282.24,7064.54,9282.24,2217.7,No
EG-2026-2217,2026-06-29,2026-06-29,0,Same Day,Eyad Nassar,Home Office,Egypt,Giza,Sheikh Zayed,Noha Mahmoud,HOM-RE-542,Home Appliances,Refrigerators,2,11069.33,0.05,33650.77,24329.13,33650.77,9321.64,No
EG-2026-2218,2026-06-29,2026-06-29,0,Same Day,Mona Abdelrahman,Consumer,Egypt,Suez,Arbaeen,Karim Salah,OFF-AR-793,Office Supplies,Art,3,62.57,0.0,300.34,226.73,300.34,73.61,No
EG-2026-2218,2026-06-30,2026-07-06,6,Standard Class,Mona Abdelrahman,Home Office,Egypt,Aswan,Edfu,Sara Amin,CLO-PA-521,Clothing & Apparel,Pants,8,603.95,0.05,7344.03,5231.14,7344.03,2112.89,No
EG-2026-2219,2026-06-30,2026-07-01,1,First Class,Mona Abdelrahman,Corporate,Egypt,Monufia,Shibin El Kom,Amr Salah,OFF-PA-259,Office Supplies,Paper,7,54.85,0.05,583.6,387.68,583.6,195.92,No
